auction_id,title,category,subcategory,emirate,listing_type,auction_status,start_time,end_time,duration_days,as_of_date,start_price,final_price,target_price,achievement_ratio,bids_count,num_bidders,views,price_uplift,profit_margin_proxy,engagement_score,bids_per_bidder,views_per_bid,make,vehicle_type,charity_flag,day_of_week,hour_of_day,month,auction_month_name,auction_quarter,bid_per_user,popularity_index,auction_popularity_score,price_segment,beneficiary,charity_revenue,revenue
AUC-1,Vehicles 1759,Vehicles,Car,Umm Al Quwain,Auction,Closed,2025-09-26 08:00:00,2025-09-27 08:00:00,1.0,2025-11-08 12:00:00,195713.0,229699.13,252533.88,0.9096,7,5,160,0.1736528999095614,33986.13,8.75,1.4,22.857142857142858,,Car,False,Friday,8.0,9.0,September,3.0,1.4,6.05,43.63,High,,0.0,229699.13
AUC-2,Vehicles 3332,Vehicles,Car,Ras Al Khaimah,Auction,Closed,2025-10-18 23:00:00,2025-10-19 18:00:00,0.792,2025-11-08 12:00:00,47494.0,50500.56,53529.64,0.9434,40,23,883,0.0633039962942687,3006.56,47.825,1.7391304347826086,22.075,,Car,False,Saturday,23.0,10.0,October,4.0,1.7391304347826086,3.58,42.15,Mid,,0.0,50500.56
AUC-3,Vehicles 1587,Vehicles,Car,Sharjah,Auction,Closed,2025-09-10 01:00:00,2025-09-10 11:00:00,0.417,2025-11-08 12:00:00,160813.0,258826.95,192291.47,1.346,16,7,384,0.609490215343287,98013.95,19.35,2.2857142857142856,24.0,,Car,False,Wednesday,1.0,9.0,September,3.0,2.2857142857142856,20.86,52.52,High,,0.0,258826.95
AUC-4,Vehicles 2757,Vehicles,Car,Ajman,BuyNow,Closed,2025-09-29 10:00:00,2025-09-29 23:00:00,0.687,2025-11-08 12:00:00,32655.0,56776.95,40609.71,1.3981,68,20,1781,0.738690858980248,24121.95,83.525,3.4,26.19117647058824,,Car,False,Monday,10.0,9.0,September,3.0,3.4,26.73,56.04,Mid,,0.0,56776.95
AUC-5,Vehicles 1674,Vehicles,Car,Umm Al Quwain,Auction,Closed,2025-09-30 15:00:00,2025-10-01 18:00:00,1.125,2025-11-08 12:00:00,37453.0,73703.59,47537.64,1.5504,22,15,624,0.9678954956879288,36250.59,30.35,1.4666666666666666,28.363636363636363,,Car,False,Tuesday,15.0,9.0,September,3.0,1.4666666666666666,32.99,59.79,Mid,,0.0,73703.59
AUC-6,Vehicles 7859,Vehicles,Car,Abu Dhabi,Auction,Closed,2025-10-31 13:00:00,2025-11-02 19:00:00,2.25,2025-11-08 12:00:00,196303.0,243089.59,219371.09,1.1081,13,5,136,0.2383386397558875,46786.59,11.15,2.6,10.461538461538462,,Car,False,Friday,13.0,10.0,October,4.0,2.6,8.41,45.05,High,,0.0,243089.59
AUC-7,Vehicles 6308,Vehicles,Car,Ras Al Khaimah,Auction,Closed,2025-10-22 01:00:00,2025-10-22 09:00:00,0.466,2025-11-08 12:00:00,14344.0,20712.76,16653.58,1.2437,67,34,856,0.4440016731734522,6368.76,63.4,1.9705882352941175,12.776119402985074,,Car,False,Wednesday,1.0,10.0,October,4.0,1.9705882352941173,17.05,50.23,Mid,,0.0,20712.76
AUC-8,Vehicles 5660,Vehicles,Car,Abu Dhabi,BuyNow,Closed,2025-10-12 01:00:00,2025-10-12 12:00:00,0.458,2025-11-08 12:00:00,142542.0,212487.77,178365.27,1.1913,56,21,1210,0.4907028805545032,69945.77,63.5,2.6666666666666665,21.607142857142858,,Car,False,Sunday,1.0,10.0,October,4.0,2.6666666666666665,18.17,50.9,High,,0.0,212487.77
AUC-9,Vehicles 8285,Vehicles,Car,Fujairah,Auction,Closed,2025-09-30 02:00:00,2025-09-30 23:00:00,0.875,2025-11-08 12:00:00,57113.0,122487.31,67815.11,1.8062,11,4,180,1.144648503843258,65374.31,11.0,2.75,16.363636363636363,,Car,False,Tuesday,2.0,9.0,September,3.0,2.75,38.47,63.08,Mid,,0.0,122487.31
AUC-10,Vehicles 4696,Vehicles,Car,Umm Al Quwain,Auction,Closed,2025-10-05 21:00:00,2025-10-08 12:00:00,2.625,2025-11-08 12:00:00,106043.0,162964.17,119859.64,1.3596,21,12,374,0.536774421696859,56921.17,22.85,1.75,17.80952380952381,,Car,False,Sunday,21.0,10.0,October,4.0,1.75,18.54,51.12,High,,0.0,162964.17
AUC-11,Vehicles 4626,Vehicles,Car,Dubai,Auction,Closed,2025-09-20 13:00:00,2025-09-23 12:00:00,3.046,2025-11-08 12:00:00,27431.0,43221.79,35238.16,1.2266,87,29,1794,0.5756549159709817,15790.79,95.6,3.0,20.620689655172413,,Car,False,Saturday,13.0,9.0,September,3.0,3.0,21.85,13.11,Mid,,0.0,0.0
AUC-12,Vehicles 2862,Vehicles,Car,Fujairah,Auction,Closed,2025-10-21 18:00:00,2025-10-23 03:00:00,1.375,2025-11-08 12:00:00,65559.0,89834.35,83644.99,1.074,23,16,431,0.3702824936316906,24275.35,26.275,1.4375,18.73913043478261,,Car,False,Tuesday,18.0,10.0,October,4.0,1.4375,13.2,47.92,Mid,,0.0,89834.35
AUC-13,Vehicles 5003,Vehicles,Car,Abu Dhabi,BuyNow,Closed,2025-09-25 20:00:00,2025-09-26 03:00:00,0.292,2025-11-08 12:00:00,61825.0,115734.24,76491.07,1.513,52,17,552,0.8719650626769108,53909.24,44.05,3.0588235294117645,10.615384615384617,,Car,False,Thursday,20.0,9.0,September,3.0,3.0588235294117645,30.93,18.56,Mid,,0.0,0.0
AUC-14,Vehicles 2570,Vehicles,Car,Umm Al Quwain,Auction,Closed,2025-09-19 10:00:00,2025-09-19 14:00:00,0.167,2025-11-08 12:00:00,50420.0,100071.44,61097.19,1.6379,8,5,95,0.9847568425228084,49651.44,7.625,1.6,11.875,,Car,False,Friday,10.0,9.0,September,3.0,1.6,33.15,59.89,Mid,,0.0,100071.44
AUC-15,Vehicles 6303,Vehicles,Car,Ras Al Khaimah,Auction,Closed,2025-09-20 22:00:00,2025-09-23 12:00:00,2.583,2025-11-08 12:00:00,126626.0,191944.02,150376.52,1.2764,10,4,156,0.5158341888711638,65318.02,9.9,2.5,15.6,,Car,False,Saturday,22.0,9.0,September,3.0,2.5,17.51,50.51,High,,0.0,191944.02
AUC-16,Vehicles 9976,Vehicles,Car,Ras Al Khaimah,Auction,Closed,2025-09-20 22:00:00,2025-09-22 08:00:00,1.516,2025-11-08 12:00:00,12453.24,25267.97,14054.52,1.7979,68,34,1152,1.0290277871461564,12814.73,71.3,2.0,16.941176470588236,,Car,False,Saturday,22.0,9.0,September,3.0,2.0,36.54,61.92,Mid,,0.0,25267.97
AUC-17,Vehicles 5796,Vehicles,Car,Ras Al Khaimah,BuyNow,Closed,2025-09-14 04:00:00,2025-09-14 13:00:00,0.513,2025-11-08 12:00:00,194202.74,263983.91,236648.22,1.1155,86,33,1850,0.3593212433562986,69781.17,97.5,2.606060606060606,21.511627906976745,,Car,False,Sunday,4.0,9.0,September,3.0,2.606060606060606,15.02,9.01,High,,0.0,0.0
AUC-18,Vehicles 3691,Vehicles,Car,Ajman,Auction,Closed,2025-10-30 22:00:00,2025-11-02 10:00:00,2.5,2025-11-08 12:00:00,75399.0,149957.18,97253.25,1.5419,7,4,149,0.988848393214764,74558.18,8.225,1.75,21.285714285714285,,Car,False,Thursday,22.0,10.0,October,4.0,1.75,33.19,59.91,Mid,,0.0,149957.18
AUC-19,Vehicles 7191,Vehicles,Car,Ajman,Auction,Closed,2025-09-25 18:00:00,2025-09-27 09:00:00,1.625,2025-11-08 12:00:00,197200.0,387306.51,224009.92,1.729,48,19,1248,0.9640289553752536,190106.51,59.95,2.526315789473684,26.0,,Car,False,Thursday,18.0,9.0,September,3.0,2.526315789473684,33.72,60.23,High,,0.0,387306.51
AUC-20,Vehicles 8379,Vehicles,Car,Sharjah,BuyNow,Closed,2025-09-08 21:00:00,2025-09-10 00:00:00,1.125,2025-11-08 12:00:00,128360.0,279922.12,144034.45,1.9434,29,24,486,1.1807581801184168,151562.12,32.65,1.2083333333333333,16.75862068965517,,Car,False,Monday,21.0,9.0,September,3.0,1.2083333333333333,40.46,24.28,High,,0.0,0.0
AUC-21,Vehicles 5245,Vehicles,Car,Ras Al Khaimah,Auction,Closed,2025-10-02 06:00:00,2025-10-03 16:00:00,1.483,2025-11-08 12:00:00,136175.0,212133.1,157526.99,1.3466,62,30,1052,0.5577976868000735,75958.1,64.8,2.066666666666667,16.967741935483872,,Car,False,Thursday,6.0,10.0,October,4.0,2.066666666666667,20.48,52.29,High,,0.0,212133.1
AUC-22,Vehicles 3252,Vehicles,Car,Ajman,BuyNow,Closed,2025-10-24 04:00:00,2025-10-24 23:00:00,0.855,2025-11-08 12:00:00,133401.0,247276.49,146917.49,1.6831,62,20,1301,0.8536329562746905,113875.49,68.525,3.1,20.983870967741936,,Car,False,Friday,4.0,10.0,October,4.0,3.1,30.29,18.17,High,,0.0,0.0
AUC-23,Vehicles 7424,Vehicles,Car,Fujairah,Auction,Closed,2025-09-06 17:00:00,2025-09-09 12:00:00,2.908,2025-11-08 12:00:00,150375.0,284494.8,186651.55,1.5242,68,30,790,0.8919022443890273,134119.8,61.25,2.2666666666666666,11.617647058823527,,Car,False,Saturday,17.0,9.0,September,3.0,2.2666666666666666,31.87,59.12,High,,0.0,284494.8
AUC-24,Vehicles 2685,Vehicles,Car,Sharjah,Auction,Closed,2025-10-26 00:00:00,2025-10-28 09:00:00,2.375,2025-11-08 12:00:00,190721.0,242095.38,244531.64,0.99,12,5,261,0.2693692881224406,51374.38,13.775,2.4,21.75,,Car,False,Sunday,0.0,10.0,October,4.0,2.4,9.38,45.63,High,,0.0,242095.38
AUC-25,Vehicles 9974,Vehicles,Car,Fujairah,Auction,Closed,2025-10-17 16:00:00,2025-10-18 09:00:00,0.708,2025-11-08 12:00:00,152281.0,221022.04,190122.14,1.1625,3,1,34,0.4514091712032362,68741.04,2.6,3.0,11.333333333333334,,Car,False,Friday,16.0,10.0,October,4.0,3.0,15.14,49.08,High,,0.0,221022.04
AUC-26,Vehicles 3859,Vehicles,Car,Abu Dhabi,Auction,Closed,2025-10-25 11:00:00,2025-10-27 16:00:00,2.208,2025-11-08 12:00:00,161135.0,307800.04,197679.7,1.5571,35,16,635,0.9101997703788748,146665.04,37.375,2.1875,18.142857142857142,,Car,False,Saturday,11.0,10.0,October,4.0,2.1875,31.39,58.83,High,,0.0,307800.04
AUC-27,Vehicles 4152,Vehicles,Car,Fujairah,Auction,Closed,2025-10-10 12:00:00,2025-10-11 04:00:00,0.667,2025-11-08 12:00:00,83312.0,156100.46,95949.56,1.6269,32,10,866,0.8736851834069521,72788.46,40.15,3.2,27.0625,,Car,False,Friday,12.0,10.0,October,4.0,3.2,30.02,18.01,Mid,,0.0,0.0
AUC-28,Vehicles 7541,Vehicles,Car,Dubai,Auction,Closed,2025-10-11 03:00:00,2025-10-12 13:00:00,1.417,2025-11-08 12:00:00,23175.0,45348.77,29990.45,1.5121,55,26,566,0.9567969795037756,22173.77,48.15,2.1153846153846154,10.290909090909093,,Car,False,Saturday,3.0,10.0,October,4.0,2.1153846153846154,33.91,20.35,Mid,,0.0,0.0
AUC-29,Vehicles 1109,Vehicles,Car,Dubai,BuyNow,Closed,2025-10-06 19:00:00,2025-10-09 01:00:00,2.25,2025-11-08 12:00:00,168006.0,291564.16,197590.7,1.4756,40,12,439,0.7354389724176515,123558.16,33.975,3.333333333333333,10.975,,Car,False,Monday,19.0,10.0,October,4.0,3.333333333333333,25.96,15.58,High,,0.0,0.0
AUC-30,Vehicles 2825,Vehicles,Car,Sharjah,Auction,Closed,2025-09-13 06:00:00,2025-09-13 12:00:00,0.25,2025-11-08 12:00:00,120946.0,215377.44,152140.03,1.4157,45,14,501,0.780773568369355,94431.44,38.525,3.2142857142857144,11.133333333333333,,Car,False,Saturday,6.0,9.0,September,3.0,3.2142857142857144,27.66,16.6,High,,0.0,0.0
AUC-31,Vehicles 2130,Vehicles,Car,Ajman,Auction,Closed,2025-10-07 14:00:00,2025-10-09 19:00:00,2.208,2025-11-08 12:00:00,34870.0,72185.02,40861.93,1.7666,41,19,426,1.0701181531402353,37315.02,35.9,2.1578947368421053,10.390243902439025,,Car,False,Tuesday,14.0,10.0,October,4.0,2.1578947368421053,37.18,62.31,Mid,,0.0,72185.02
AUC-32,Vehicles 4519,Vehicles,Car,Umm Al Quwain,Auction,Closed,2025-10-06 21:00:00,2025-10-07 16:00:00,0.931,2025-11-08 12:00:00,126651.36,278495.07,141382.68,1.9698,67,33,1932,1.198911010509481,151843.71,90.05,2.0303030303030303,28.83582089552239,,Car,False,Monday,21.0,10.0,October,4.0,2.0303030303030303,41.94,65.16,High,,0.0,278495.07
AUC-33,Vehicles 5981,Vehicles,Car,Sharjah,Auction,Closed,2025-09-13 01:00:00,2025-09-15 04:00:00,2.125,2025-11-08 12:00:00,131489.0,192379.26,157257.02,1.2233,8,3,203,0.4630825392238135,60890.26,9.825,2.6666666666666665,25.375,,Car,False,Saturday,1.0,9.0,September,3.0,2.6666666666666665,15.66,49.4,High,,0.0,192379.26
AUC-34,Vehicles 2616,Vehicles,Car,Dubai,Auction,Closed,2025-09-17 18:00:00,2025-09-19 07:00:00,1.542,2025-11-08 12:00:00,153508.0,256504.57,184164.63,1.3928,56,19,1026,0.6709524585037914,102996.57,58.4,2.9473684210526314,18.321428571428573,,Car,False,Wednesday,18.0,9.0,September,3.0,2.9473684210526314,24.17,54.5,High,,0.0,256504.57
AUC-35,Vehicles 4097,Vehicles,Car,Sharjah,Auction,Closed,2025-10-23 08:00:00,2025-10-23 13:00:00,0.208,2025-11-08 12:00:00,146871.0,231060.04,162762.68,1.4196,23,14,360,0.573217585500201,84189.04,24.0,1.6428571428571428,15.652173913043478,,Car,False,Thursday,8.0,10.0,October,4.0,1.6428571428571428,19.9,51.94,High,,0.0,231060.04
AUC-36,Vehicles 7949,Vehicles,Car,Ajman,Auction,Closed,2025-11-04 21:00:00,2025-11-07 04:00:00,2.292,2025-11-08 12:00:00,79266.0,105645.87,88899.18,1.1884,4,2,49,0.3328018318068276,26379.87,3.725,2.0,12.25,,Car,False,Tuesday,21.0,11.0,November,4.0,2.0,11.24,46.74,Mid,,0.0,105645.87
AUC-37,Vehicles 9458,Vehicles,Car,Ajman,Auction,Closed,2025-09-30 06:00:00,2025-10-01 03:00:00,0.875,2025-11-08 12:00:00,54054.0,68254.97,62870.26,1.0856,43,28,841,0.2627182077182077,14200.97,49.525,1.5357142857142858,19.55813953488372,,Car,False,Tuesday,6.0,9.0,September,3.0,1.5357142857142858,10.12,46.07,Mid,,0.0,68254.97
AUC-38,Vehicles 1128,Vehicles,Car,Umm Al Quwain,Auction,Closed,2025-09-15 10:00:00,2025-09-18 06:00:00,2.893,2025-11-08 12:00:00,80260.0,97384.36,90223.8,1.0794,94,32,1070,0.2133610765013705,17124.36,81.75,2.9375,11.382978723404255,,Car,False,Monday,10.0,9.0,September,3.0,2.9375,10.58,46.35,Mid,,0.0,97384.36
AUC-39,Vehicles 6646,Vehicles,Car,Abu Dhabi,Auction,Closed,2025-10-02 20:00:00,2025-10-05 09:00:00,2.542,2025-11-08 12:00:00,129244.0,199823.43,166538.5,1.1999,17,6,309,0.5460944415214632,70579.43,17.725,2.833333333333333,18.176470588235293,,Car,False,Thursday,20.0,10.0,October,4.0,2.833333333333333,18.72,51.23,High,,0.0,199823.43
AUC-40,Vehicles 1231,Vehicles,Car,Umm Al Quwain,BuyNow,Closed,2025-10-25 15:00:00,2025-10-26 08:00:00,0.708,2025-11-08 12:00:00,120092.0,186619.32,148943.43,1.253,43,26,835,0.5539696232888119,66527.32,48.875,1.6538461538461535,19.41860465116279,,Car,False,Saturday,15.0,10.0,October,4.0,1.6538461538461535,19.98,51.99,High,,0.0,186619.32
AUC-41,Vehicles 5682,Vehicles,Car,Umm Al Quwain,Auction,Closed,2025-09-22 12:00:00,2025-09-24 08:00:00,1.833,2025-11-08 12:00:00,108479.0,220556.13,131620.18,1.6757,58,24,625,1.0331689082679598,112077.13,50.625,2.4166666666666665,10.775862068965518,,Car,False,Monday,12.0,9.0,September,3.0,2.4166666666666665,36.57,61.94,High,,0.0,220556.13
AUC-42,Vehicles 8914,Vehicles,Car,Fujairah,Auction,Closed,2025-09-27 00:00:00,2025-09-28 04:00:00,1.305,2025-11-08 12:00:00,207219.52,454024.07,265689.75,1.7089,71,24,1660,1.1910294454885333,246804.55,83.0,2.958333333333333,23.380281690140844,,Car,False,Saturday,0.0,9.0,September,3.0,2.958333333333333,42.0,25.2,High,,0.0,0.0
AUC-43,Vehicles 8181,Vehicles,Car,Ajman,Auction,Closed,2025-10-02 20:00:00,2025-10-04 16:00:00,1.833,2025-11-08 12:00:00,93088.0,188198.91,119572.43,1.5739,54,16,1034,1.0217311576143004,95110.91,56.85,3.375,19.14814814814815,,Car,False,Thursday,20.0,10.0,October,4.0,3.375,35.93,61.56,Mid,,0.0,188198.91
AUC-44,Vehicles 3094,Vehicles,Car,Fujairah,Auction,Closed,2025-09-15 19:00:00,2025-09-17 12:00:00,1.708,2025-11-08 12:00:00,153271.0,294245.4,173557.35,1.6954,18,11,384,0.9197721682510064,140974.4,21.35,1.6363636363636365,21.33333333333333,,Car,False,Monday,19.0,9.0,September,3.0,1.6363636363636365,31.33,58.8,High,,0.0,294245.4
AUC-45,Vehicles 3327,Vehicles,Car,Abu Dhabi,Auction,Closed,2025-09-19 14:00:00,2025-09-20 14:00:00,1.0,2025-11-08 12:00:00,156836.24,302819.72,186766.09,1.6214,6,3,61,0.9308019626076216,145983.48,5.275,2.0,10.166666666666666,,Car,False,Friday,14.0,9.0,September,3.0,2.0,31.25,58.75,High,,0.0,302819.72
AUC-46,Vehicles 8050,Vehicles,Car,Umm Al Quwain,BuyNow,Closed,2025-09-26 08:00:00,2025-09-28 08:00:00,2.0,2025-11-08 12:00:00,90955.0,146648.8,106719.83,1.3741,4,2,41,0.6123225770985651,55693.8,3.525,2.0,10.25,,Car,False,Friday,8.0,9.0,September,3.0,2.0,20.56,12.34,Mid,,0.0,0.0
AUC-47,Vehicles 8376,Vehicles,Car,Dubai,BuyNow,Closed,2025-09-28 00:00:00,2025-09-28 21:00:00,0.875,2025-11-08 12:00:00,47887.0,60082.87,60139.64,0.9991,18,7,455,0.2546801846012488,12195.87,22.125,2.571428571428572,25.27777777777778,,Car,False,Sunday,0.0,9.0,September,3.0,2.571428571428572,9.05,45.43,Mid,,0.0,60082.87
AUC-48,Vehicles 3527,Vehicles,Car,Dubai,Auction,Closed,2025-09-26 09:00:00,2025-09-29 02:00:00,2.708,2025-11-08 12:00:00,12471.0,16621.65,14291.4,1.1631,27,18,734,0.332824152032716,4150.65,36.35,1.5,27.185185185185187,,Car,False,Friday,9.0,9.0,September,3.0,1.5,11.99,47.19,Mid,,0.0,16621.65
AUC-49,Vehicles 1027,Vehicles,Car,Ras Al Khaimah,Auction,Closed,2025-10-04 01:00:00,2025-10-06 21:00:00,2.833,2025-11-08 12:00:00,152726.0,204834.54,178658.31,1.1465,8,5,82,0.3411897122952215,52108.54,7.3,1.6,10.25,,Car,False,Saturday,1.0,10.0,October,4.0,1.6,11.68,47.01,High,,0.0,204834.54
AUC-50,Vehicles 4999,Vehicles,Car,Ajman,Auction,Closed,2025-10-10 03:00:00,2025-10-10 18:00:00,0.773,2025-11-08 12:00:00,86503.0,162512.96,108560.59,1.497,72,24,1193,0.8786973862178189,76009.96,71.825,3.0,16.569444444444443,,Car,False,Friday,3.0,10.0,October,4.0,3.0,31.66,59.0,Mid,,0.0,162512.96
AUC-51,Vehicles 6576,Vehicles,Car,Umm Al Quwain,Auction,Closed,2025-09-24 00:00:00,2025-09-26 05:00:00,2.208,2025-11-08 12:00:00,28970.0,40274.71,36675.38,1.0981,54,22,1002,0.390221263375906,11304.71,57.55,2.4545454545454546,18.55555555555556,,Car,False,Wednesday,0.0,9.0,September,3.0,2.4545454545454546,14.84,48.9,Mid,,0.0,40274.71
AUC-52,Vehicles 4993,Vehicles,Car,Umm Al Quwain,Auction,Closed,2025-09-28 23:00:00,2025-10-01 18:00:00,2.792,2025-11-08 12:00:00,175596.0,251467.54,196930.2,1.2769,19,12,460,0.4320801157201759,75871.54,24.0,1.5833333333333333,24.210526315789476,,Car,False,Sunday,23.0,9.0,September,3.0,1.5833333333333333,15.04,49.02,High,,0.0,251467.54
AUC-53,Vehicles 9411,Vehicles,Car,Umm Al Quwain,Auction,Closed,2025-10-08 07:00:00,2025-10-08 19:00:00,0.5,2025-11-08 12:00:00,107509.0,208664.91,124899.17,1.6707,6,3,99,0.9409064357402636,101155.91,6.225,2.0,16.5,,Car,False,Wednesday,7.0,10.0,October,4.0,2.0,31.55,58.93,High,,0.0,208664.91
AUC-54,Vehicles 8321,Vehicles,Car,Abu Dhabi,Auction,Closed,2025-10-28 21:00:00,2025-10-31 03:00:00,2.25,2025-11-08 12:00:00,146284.0,311871.59,181317.7,1.72,27,18,433,1.131959681168139,165587.59,28.825,1.5,16.037037037037038,,Car,False,Tuesday,21.0,10.0,October,4.0,1.5,38.66,63.2,High,,0.0,311871.59
AUC-55,Vehicles 8089,Vehicles,Car,Abu Dhabi,Auction,Closed,2025-09-22 20:00:00,2025-09-25 15:00:00,2.792,2025-11-08 12:00:00,51484.0,73083.65,65576.25,1.1145,57,28,668,0.4195410224535777,21599.65,52.2,2.0357142857142856,11.719298245614034,,Car,False,Monday,20.0,9.0,September,3.0,2.0357142857142856,16.18,9.71,Mid,,0.0,0.0
AUC-56,Vehicles 1182,Vehicles,Car,Dubai,Auction,Closed,2025-09-29 02:00:00,2025-09-29 21:00:00,0.792,2025-11-08 12:00:00,23427.0,31072.43,27799.06,1.1178,30,14,712,0.3263512186793016,7645.43,36.3,2.142857142857143,23.73333333333333,,Car,False,Monday,2.0,9.0,September,3.0,2.142857142857143,11.81,47.09,Mid,,0.0,31072.43
AUC-57,Vehicles 8681,Vehicles,Car,Ras Al Khaimah,Auction,Closed,2025-10-16 01:00:00,2025-10-17 20:00:00,1.792,2025-11-08 12:00:00,27939.0,31711.66,34335.7,0.9236,41,28,859,0.1350320340742331,3772.66,48.975,1.4642857142857142,20.951219512195124,,Car,False,Thursday,1.0,10.0,October,4.0,1.4642857142857142,5.83,3.5,Mid,,0.0,0.0
AUC-58,Vehicles 7796,Vehicles,Car,Abu Dhabi,Auction,Closed,2025-10-15 01:00:00,2025-10-17 11:00:00,2.417,2025-11-08 12:00:00,196353.0,262678.86,238328.62,1.1022,13,10,356,0.3377888802310124,66325.86,17.9,1.3,27.384615384615383,,Car,False,Wednesday,1.0,10.0,October,4.0,1.3,11.67,47.0,High,,0.0,262678.86
AUC-59,Vehicles 4572,Vehicles,Car,Umm Al Quwain,Auction,Closed,2025-10-22 20:00:00,2025-10-23 22:00:00,1.083,2025-11-08 12:00:00,97997.0,202751.18,112197.96,1.8071,10,3,233,1.0689529271304223,104754.18,11.575,3.333333333333333,23.3,,Car,False,Wednesday,20.0,10.0,October,4.0,3.333333333333333,35.95,61.57,Mid,,0.0,202751.18
AUC-60,Vehicles 6305,Vehicles,Car,Ajman,Auction,Closed,2025-09-10 05:00:00,2025-09-11 01:00:00,0.948,2025-11-08 12:00:00,136857.0,180428.67,168897.9,1.0683,75,23,1809,0.3183737039391482,43571.67,88.475,3.260869565217391,24.12,,Car,False,Wednesday,5.0,9.0,September,3.0,3.260869565217391,12.83,47.7,High,,0.0,180428.67
AUC-61,Vehicles 8417,Vehicles,Car,Abu Dhabi,BuyNow,Closed,2025-09-15 11:00:00,2025-09-16 18:00:00,1.292,2025-11-08 12:00:00,107288.0,168330.67,125142.6,1.3451,37,31,380,0.5689608343896803,61042.67,35.75,1.1935483870967742,10.27027027027027,,Car,False,Monday,11.0,9.0,September,3.0,1.1935483870967742,20.38,12.23,High,,0.0,0.0
AUC-62,Vehicles 9155,Vehicles,Car,Sharjah,Auction,Closed,2025-10-03 15:00:00,2025-10-04 17:00:00,1.233,2025-11-08 12:00:00,16917.0,21239.95,20737.36,1.0242,83,31,902,0.2555388071171012,4322.95,71.8,2.677419354838709,10.867469879518072,,Car,False,Friday,15.0,10.0,October,4.0,2.677419354838709,10.88,46.53,Mid,,0.0,21239.95
AUC-63,Vehicles 5956,Vehicles,Car,Dubai,Auction,Closed,2025-10-11 21:00:00,2025-10-14 02:00:00,2.208,2025-11-08 12:00:00,57052.48,67010.8,69542.73,0.9636,47,33,664,0.1745466630022042,9958.32,48.35,1.4242424242424243,14.127659574468083,,Car,False,Saturday,21.0,10.0,October,4.0,1.4242424242424243,7.34,44.4,Mid,,0.0,67010.8
AUC-64,Vehicles 1372,Vehicles,Car,Abu Dhabi,Auction,Closed,2025-09-22 16:00:00,2025-09-23 21:00:00,1.208,2025-11-08 12:00:00,104619.0,222708.1,116925.33,1.9047,12,4,337,1.1287538592416293,118089.1,15.425,3.0,28.08333333333333,,Car,False,Monday,16.0,9.0,September,3.0,3.0,37.95,62.77,High,,0.0,222708.1
AUC-65,Vehicles 6566,Vehicles,Car,Dubai,Auction,Closed,2025-10-05 21:00:00,2025-10-07 02:00:00,1.208,2025-11-08 12:00:00,44220.0,80339.91,51172.29,1.57,6,2,81,0.8168229308005428,36119.91,5.525,3.0,13.5,,Car,False,Sunday,21.0,10.0,October,4.0,3.0,27.39,56.43,Mid,,0.0,80339.91
AUC-66,Vehicles 7119,Vehicles,Car,Fujairah,Auction,Closed,2025-09-07 15:00:00,2025-09-10 11:00:00,2.833,2025-11-08 12:00:00,163030.0,219336.32,185677.23,1.1813,52,20,537,0.345373980249034,56306.32,44.425,2.6,10.326923076923077,,Car,False,Sunday,15.0,9.0,September,3.0,2.6,13.38,48.03,High,,0.0,219336.32
AUC-67,Vehicles 1530,Vehicles,Car,Ajman,Auction,Closed,2025-11-02 06:00:00,2025-11-04 01:00:00,1.896,2025-11-08 12:00:00,184851.0,376276.29,238723.54,1.5762,86,33,959,1.0355653472256032,191425.29,75.225,2.606060606060606,11.151162790697674,,Car,False,Sunday,6.0,11.0,November,4.0,2.606060606060606,37.7,62.62,High,,0.0,376276.29
AUC-68,Vehicles 8354,Vehicles,Car,Ras Al Khaimah,Auction,Closed,2025-11-02 09:00:00,2025-11-05 04:00:00,2.89,2025-11-08 12:00:00,136253.0,165659.7,171313.2,0.967,70,34,1100,0.2158242387323582,29406.7,71.0,2.0588235294117645,15.714285714285714,,Car,False,Sunday,9.0,11.0,November,4.0,2.0588235294117645,9.73,45.84,High,,0.0,165659.7
AUC-69,Vehicles 2813,Vehicles,Car,Ajman,Auction,Closed,2025-10-01 23:00:00,2025-10-04 03:00:00,2.167,2025-11-08 12:00:00,77556.0,153205.14,98852.07,1.5498,18,10,194,0.9754131208417146,75649.14,16.35,1.8,10.77777777777778,,Car,False,Wednesday,23.0,10.0,October,4.0,1.8,33.2,59.92,Mid,,0.0,153205.14
AUC-70,Vehicles 9013,Vehicles,Car,Abu Dhabi,Auction,Closed,2025-10-23 14:00:00,2025-10-26 06:00:00,2.667,2025-11-08 12:00:00,114099.0,172926.25,140943.67,1.2269,31,13,427,0.5155807675790323,58827.25,29.425,2.3846153846153846,13.774193548387096,,Car,False,Thursday,14.0,10.0,October,4.0,2.3846153846153846,18.06,50.84,High,,0.0,172926.25
AUC-71,Vehicles 5958,Vehicles,Car,Umm Al Quwain,Auction,Closed,2025-09-30 21:00:00,2025-10-01 14:00:00,0.708,2025-11-08 12:00:00,19452.0,38752.51,24018.1,1.6135,35,23,388,0.992212111865104,19300.51,32.95,1.5217391304347827,11.085714285714284,,Car,False,Tuesday,21.0,9.0,September,3.0,1.5217391304347827,34.44,60.66,Mid,,0.0,38752.51
AUC-72,Vehicles 3898,Vehicles,Car,Ras Al Khaimah,Auction,Closed,2025-09-19 04:00:00,2025-09-21 23:00:00,2.856,2025-11-08 12:00:00,80375.0,132279.21,96295.17,1.3737,88,32,1725,0.6457755520995333,51904.21,95.125,2.75,19.602272727272727,,Car,False,Friday,4.0,9.0,September,3.0,2.75,24.34,14.6,Mid,,0.0,0.0
AUC-73,Vehicles 1529,Vehicles,Car,Ajman,Auction,Closed,2025-10-27 11:00:00,2025-10-30 07:00:00,2.833,2025-11-08 12:00:00,126499.0,184268.44,145377.9,1.2675,14,6,372,0.4566790251306334,57769.44,17.8,2.333333333333333,26.571428571428573,,Car,False,Monday,11.0,10.0,October,4.0,2.333333333333333,15.72,49.43,High,,0.0,184268.44
AUC-74,Vehicles 1160,Vehicles,Car,Dubai,Auction,Closed,2025-10-12 01:00:00,2025-10-12 07:00:00,0.25,2025-11-08 12:00:00,179008.0,391959.1,221126.36,1.7726,55,34,919,1.1896177824454772,212951.1,58.975,1.6176470588235294,16.70909090909091,,Car,False,Sunday,1.0,10.0,October,4.0,1.6176470588235294,41.62,24.97,High,,0.0,0.0
AUC-75,Vehicles 7672,Vehicles,Car,Sharjah,Auction,Closed,2025-09-26 00:00:00,2025-09-27 04:00:00,1.274,2025-11-08 12:00:00,22410.0,28034.68,28142.46,0.9962,71,28,1201,0.2509897367246765,5624.68,72.525,2.5357142857142856,16.91549295774648,,Car,False,Friday,0.0,9.0,September,3.0,2.5357142857142856,10.56,46.34,Mid,,0.0,28034.68
AUC-76,Vehicles 4394,Vehicles,Car,Ras Al Khaimah,Auction,Closed,2025-09-16 22:00:00,2025-09-18 06:00:00,1.333,2025-11-08 12:00:00,87438.0,115532.1,110439.58,1.0461,9,3,234,0.3213030947642902,28094.1,11.1,3.0,26.0,,Car,False,Tuesday,22.0,9.0,September,3.0,3.0,10.98,46.59,Mid,,0.0,115532.1
AUC-77,Vehicles 8559,Vehicles,Car,Ajman,Auction,Closed,2025-10-07 11:00:00,2025-10-08 19:00:00,1.386,2025-11-08 12:00:00,57019.0,119405.35,71894.07,1.6609,74,29,1233,1.0941326575352075,62386.35,75.075,2.5517241379310347,16.66216216216216,,Car,False,Tuesday,11.0,10.0,October,4.0,2.5517241379310347,38.57,63.14,Mid,,0.0,119405.35
AUC-78,Vehicles 3074,Vehicles,Car,Ras Al Khaimah,Auction,Closed,2025-10-23 10:00:00,2025-10-25 18:00:00,2.333,2025-11-08 12:00:00,23814.0,37529.18,29787.85,1.2599,53,22,1369,0.5759292852943647,13715.18,66.225,2.409090909090909,25.83018867924528,,Car,False,Thursday,10.0,10.0,October,4.0,2.409090909090909,20.88,52.53,Mid,,0.0,37529.18
AUC-79,Vehicles 9282,Vehicles,Car,Ajman,Auction,Closed,2025-09-30 18:00:00,2025-10-02 21:00:00,2.268,2025-11-08 12:00:00,154628.0,332254.83,173315.37,1.9171,107,34,2316,1.1487365160255585,177626.83,119.9,3.147058823529412,21.64485981308411,,Car,False,Tuesday,18.0,9.0,September,3.0,3.147058823529412,41.71,65.03,High,,0.0,332254.83
AUC-80,Vehicles 9473,Vehicles,Car,Dubai,Auction,Closed,2025-10-09 20:00:00,2025-10-10 14:00:00,0.75,2025-11-08 12:00:00,56015.0,116383.54,61916.83,1.8797,10,8,118,1.0777209675979649,60368.54,9.95,1.25,11.8,,Car,False,Thursday,20.0,10.0,October,4.0,1.25,36.34,61.8,Mid,,0.0,116383.54
AUC-81,Vehicles 1915,Vehicles,Car,Ras Al Khaimah,Auction,Closed,2025-09-20 11:00:00,2025-09-22 08:00:00,1.99,2025-11-08 12:00:00,18134.0,20300.86,22000.64,0.9227,89,34,1039,0.1194915628101908,2166.86,78.975,2.617647058823529,11.674157303370787,,Car,False,Saturday,11.0,9.0,September,3.0,2.617647058823529,6.42,3.85,Mid,,0.0,0.0
AUC-82,Vehicles 6821,Vehicles,Car,Fujairah,Auction,Closed,2025-10-01 17:00:00,2025-10-04 15:00:00,2.917,2025-11-08 12:00:00,104128.0,115801.33,117100.06,0.9889,4,2,102,0.1121055815918869,11673.33,5.05,2.0,25.5,,Car,False,Wednesday,17.0,10.0,October,4.0,2.0,3.87,42.32,High,,0.0,115801.33
AUC-83,Vehicles 9456,Vehicles,Car,Fujairah,Auction,Closed,2025-10-20 15:00:00,2025-10-22 00:00:00,1.375,2025-11-08 12:00:00,83097.0,182714.88,94014.62,1.9435,5,3,81,1.1988143976316834,99617.88,5.275,1.6666666666666667,16.2,,Car,False,Monday,15.0,10.0,October,4.0,1.6666666666666667,40.14,64.08,Mid,,0.0,182714.88
AUC-84,Vehicles 3907,Vehicles,Car,Ras Al Khaimah,Auction,Closed,2025-09-20 11:00:00,2025-09-23 06:00:00,2.792,2025-11-08 12:00:00,16792.0,28924.54,19671.28,1.4704,55,16,1181,0.7225190566936637,12132.54,61.025,3.4375,21.472727272727276,,Car,False,Saturday,11.0,9.0,September,3.0,3.4375,25.54,55.32,Mid,,0.0,28924.54
AUC-85,Vehicles 1608,Vehicles,Car,Abu Dhabi,Auction,Closed,2025-10-04 23:00:00,2025-10-06 23:00:00,2.0,2025-11-08 12:00:00,221912.19,303641.21,260965.97,1.1635,49,23,500,0.3682944141103741,81729.02,42.75,2.130434782608696,10.20408163265306,,Car,False,Saturday,23.0,10.0,October,4.0,2.130434782608696,13.81,48.29,High,,0.0,303641.21
AUC-86,Vehicles 8878,Vehicles,Car,Ras Al Khaimah,Auction,Closed,2025-10-25 14:00:00,2025-10-28 08:00:00,2.75,2025-11-08 12:00:00,75025.0,106625.32,94881.45,1.1238,12,6,300,0.4211972009330224,31600.32,15.0,2.0,25.0,,Car,False,Saturday,14.0,10.0,October,4.0,2.0,14.43,48.66,Mid,,0.0,106625.32
AUC-87,Vehicles 5266,Vehicles,Car,Abu Dhabi,Auction,Closed,2025-10-02 15:00:00,2025-10-05 08:00:00,2.708,2025-11-08 12:00:00,94312.0,101339.28,114380.54,0.886,16,10,426,0.0745109848163542,7027.28,21.15,1.6,26.625,,Car,False,Thursday,15.0,10.0,October,4.0,1.6,3.03,41.82,Mid,,0.0,101339.28
AUC-88,Vehicles 1243,Vehicles,Car,Ras Al Khaimah,Auction,Closed,2025-09-11 19:00:00,2025-09-12 00:00:00,0.208,2025-11-08 12:00:00,135987.0,238717.3,161646.55,1.4768,49,14,1286,0.7554420643149712,102730.3,60.15,3.5,26.244897959183675,,Car,False,Thursday,19.0,9.0,September,3.0,3.5,26.59,55.95,High,,0.0,238717.3
AUC-89,Vehicles 8561,Vehicles,Car,Abu Dhabi,Auction,Closed,2025-09-23 17:00:00,2025-09-26 03:00:00,2.417,2025-11-08 12:00:00,207990.37,332448.09,245341.7,1.355,16,5,458,0.5983821270186693,124457.72,20.7,3.2,28.625,,Car,False,Tuesday,17.0,9.0,September,3.0,3.2,20.38,52.23,High,,0.0,332448.09
AUC-90,Vehicles 7109,Vehicles,Car,Ajman,Auction,Closed,2025-10-20 09:00:00,2025-10-21 01:00:00,0.667,2025-11-08 12:00:00,115940.0,189938.1,144750.09,1.3122,8,6,239,0.6382447817836813,73998.1,11.475,1.3333333333333333,29.875,,Car,False,Monday,9.0,10.0,October,4.0,1.3333333333333333,21.54,52.92,High,,0.0,189938.1
AUC-91,Vehicles 1632,Vehicles,Car,Fujairah,Auction,Closed,2025-09-23 15:00:00,2025-09-26 03:00:00,2.5,2025-11-08 12:00:00,74184.0,94502.94,85805.15,1.1014,15,6,158,0.2738992235522485,20318.94,12.95,2.5,10.533333333333331,,Car,False,Tuesday,15.0,9.0,September,3.0,2.5,9.68,5.81,Mid,,0.0,0.0
AUC-92,Vehicles 3327,Vehicles,Car,Dubai,Auction,Closed,2025-10-19 23:00:00,2025-10-22 09:00:00,2.417,2025-11-08 12:00:00,87831.0,170000.22,108366.85,1.5687,51,33,524,0.9355377941729004,82169.22,46.85,1.5454545454545454,10.27450980392157,,Car,False,Sunday,23.0,10.0,October,4.0,1.5454545454545454,33.12,59.87,Mid,,0.0,170000.22
AUC-93,Vehicles 1164,Vehicles,Car,Dubai,Auction,Closed,2025-10-04 23:00:00,2025-10-05 20:00:00,1.009,2025-11-08 12:00:00,128103.0,157115.89,149604.66,1.0502,91,32,1132,0.2264809567301313,29012.89,81.8,2.84375,12.43956043956044,,Car,False,Saturday,23.0,10.0,October,4.0,2.84375,10.16,6.1,High,,0.0,0.0
AUC-94,Vehicles 9592,Vehicles,Car,Fujairah,BuyNow,Closed,2025-10-06 22:00:00,2025-10-07 06:00:00,0.333,2025-11-08 12:00:00,73086.0,149678.02,82768.91,1.8084,51,22,978,1.0479711572667814,76592.02,55.45,2.3181818181818183,19.176470588235293,,Car,False,Monday,22.0,10.0,October,4.0,2.3181818181818183,36.69,22.01,Mid,,0.0,0.0
AUC-95,Vehicles 1224,Vehicles,Car,Dubai,Auction,Closed,2025-10-22 19:00:00,2025-10-24 03:00:00,1.333,2025-11-08 12:00:00,69129.0,112774.39,76104.35,1.4818,35,24,396,0.6313615125345369,43645.39,33.4,1.4583333333333333,11.314285714285717,,Car,False,Wednesday,19.0,10.0,October,4.0,1.4583333333333333,22.43,53.46,Mid,,0.0,112774.39
AUC-96,Vehicles 8161,Vehicles,Car,Umm Al Quwain,Auction,Closed,2025-10-17 08:00:00,2025-10-18 08:00:00,1.0,2025-11-08 12:00:00,64519.0,121345.36,74800.73,1.6222,12,5,276,0.8807693857623335,56826.36,14.15,2.4,23.0,,Car,False,Friday,8.0,10.0,October,4.0,2.4,29.71,17.83,Mid,,0.0,0.0
AUC-97,Vehicles 5600,Vehicles,Car,Ras Al Khaimah,Auction,Closed,2025-09-10 12:00:00,2025-09-12 05:00:00,1.708,2025-11-08 12:00:00,110112.0,188795.47,125525.1,1.504,7,2,193,0.7145767037198489,78683.47,8.825,3.5,27.571428571428573,,Car,False,Wednesday,12.0,9.0,September,3.0,3.5,24.01,54.41,High,,0.0,188795.47
AUC-98,Vehicles 6244,Vehicles,Car,Umm Al Quwain,Auction,Closed,2025-10-22 13:00:00,2025-10-22 22:00:00,0.375,2025-11-08 12:00:00,73341.0,144815.91,91064.28,1.5903,26,13,488,0.9745559782386388,71474.91,28.45,2.0,18.76923076923077,,Car,False,Wednesday,13.0,10.0,October,4.0,2.0,33.22,59.93,Mid,,0.0,144815.91
AUC-99,Vehicles 8303,Vehicles,Car,Ajman,Auction,Closed,2025-09-19 18:00:00,2025-09-20 01:00:00,0.292,2025-11-08 12:00:00,21359.0,45094.43,24829.28,1.8162,45,34,1231,1.1112612950044478,23735.43,61.775,1.3235294117647058,27.355555555555554,,Car,False,Friday,18.0,9.0,September,3.0,1.3235294117647058,38.48,63.09,Mid,,0.0,45094.43
AUC-100,Vehicles 9053,Vehicles,Car,Sharjah,BuyNow,Closed,2025-09-27 01:00:00,2025-09-28 10:00:00,1.375,2025-11-08 12:00:00,68846.0,81887.99,84787.2,0.9658,57,17,589,0.1894371495802226,13041.99,47.475,3.3529411764705883,10.333333333333334,,Car,False,Saturday,1.0,9.0,September,3.0,3.3529411764705883,8.32,44.99,Mid,,0.0,81887.99
AUC-101,Vehicles 2146,Vehicles,Car,Umm Al Quwain,Auction,Closed,2025-10-05 03:00:00,2025-10-07 11:00:00,2.333,2025-11-08 12:00:00,18229.0,33856.2,22505.63,1.5043,43,28,444,0.8572713807669097,15627.2,39.6,1.5357142857142858,10.325581395348838,,Car,False,Sunday,3.0,10.0,October,4.0,1.5357142857142858,30.22,58.13,Mid,,0.0,33856.2
AUC-102,Vehicles 1160,Vehicles,Car,Umm Al Quwain,Auction,Closed,2025-10-28 21:00:00,2025-10-29 22:00:00,1.042,2025-11-08 12:00:00,91404.0,136182.32,111117.46,1.2256,30,13,383,0.4898945341560545,44778.32,27.825,2.3076923076923075,12.766666666666667,,Car,False,Tuesday,21.0,10.0,October,4.0,2.3076923076923075,17.33,50.4,Mid,,0.0,136182.32
AUC-103,Vehicles 2121,Vehicles,Car,Ajman,Auction,Closed,2025-10-25 11:00:00,2025-10-26 12:00:00,1.042,2025-11-08 12:00:00,124058.0,207193.73,140627.7,1.4733,27,11,302,0.6701359847813121,83135.73,23.8,2.4545454545454546,11.185185185185183,,Car,False,Saturday,11.0,10.0,October,4.0,2.4545454545454546,23.17,53.9,High,,0.0,207193.73
AUC-104,Vehicles 7141,Vehicles,Car,Abu Dhabi,Auction,Closed,2025-10-27 03:00:00,2025-10-27 18:00:00,0.625,2025-11-08 12:00:00,119363.0,194579.35,148691.5,1.3086,49,28,503,0.6301479520454413,75216.35,44.075,1.75,10.26530612244898,,Car,False,Monday,3.0,10.0,October,4.0,1.75,22.84,53.7,High,,0.0,194579.35
AUC-105,Vehicles 6116,Vehicles,Car,Umm Al Quwain,Auction,Closed,2025-10-02 04:00:00,2025-10-03 03:00:00,0.958,2025-11-08 12:00:00,143041.0,173253.63,173846.59,0.9966,27,17,521,0.2112165742689159,30212.63,30.775,1.588235294117647,19.296296296296298,,Car,False,Thursday,4.0,10.0,October,4.0,1.588235294117647,7.88,44.73,High,,0.0,173253.63
AUC-106,Vehicles 1754,Vehicles,Car,Fujairah,Auction,Closed,2025-09-09 03:00:00,2025-09-10 03:00:00,1.0,2025-11-08 12:00:00,48624.0,75595.13,59184.58,1.2773,37,25,375,0.5546876028298784,26971.13,34.125,1.48,10.135135135135137,,Car,False,Tuesday,3.0,9.0,September,3.0,1.48,19.63,51.78,Mid,,0.0,75595.13
AUC-107,Vehicles 3108,Vehicles,Car,Umm Al Quwain,Auction,Closed,2025-09-15 07:00:00,2025-09-16 04:00:00,0.875,2025-11-08 12:00:00,25171.0,53143.97,28047.49,1.8948,34,25,493,1.1113173890588377,27972.97,35.575,1.36,14.5,,Car,False,Monday,7.0,9.0,September,3.0,1.36,38.09,62.85,Mid,,0.0,53143.97
AUC-108,Vehicles 5834,Vehicles,Car,Dubai,Auction,Closed,2025-11-05 07:00:00,2025-11-06 10:00:00,1.125,2025-11-08 12:00:00,154467.0,225823.51,174087.53,1.2972,59,25,629,0.4619531032518273,71356.51,51.475,2.36,10.66101694915254,,Car,False,Wednesday,7.0,11.0,November,4.0,2.36,17.56,50.54,High,,0.0,225823.51
AUC-109,Vehicles 7571,Vehicles,Car,Umm Al Quwain,Auction,Closed,2025-10-21 09:00:00,2025-10-22 08:00:00,1.026,2025-11-08 12:00:00,115093.0,241121.23,133680.47,1.8037,72,23,924,1.0950121206328796,126028.23,64.85,3.130434782608696,12.833333333333334,,Car,False,Tuesday,9.0,10.0,October,4.0,3.130434782608696,38.97,63.38,High,,0.0,241121.23
AUC-110,Vehicles 4090,Vehicles,Car,Fujairah,Auction,Closed,2025-10-27 01:00:00,2025-10-29 03:00:00,2.083,2025-11-08 12:00:00,192800.0,315327.96,228083.41,1.3825,42,28,572,0.6355184647302906,122527.96,42.3,1.5,13.61904761904762,,Car,False,Monday,1.0,10.0,October,4.0,1.5,22.7,53.62,High,,0.0,315327.96
AUC-111,Vehicles 9545,Vehicles,Car,Abu Dhabi,BuyNow,Closed,2025-09-09 06:00:00,2025-09-10 08:00:00,1.083,2025-11-08 12:00:00,82617.0,97816.4,99360.06,0.9845,45,16,920,0.1839742425892975,15199.4,49.5,2.8125,20.444444444444443,,Car,False,Tuesday,6.0,9.0,September,3.0,2.8125,7.7,44.62,Mid,,0.0,97816.4
AUC-112,Vehicles 9929,Vehicles,Car,Fujairah,Auction,Closed,2025-10-21 06:00:00,2025-10-23 13:00:00,2.292,2025-11-08 12:00:00,16682.0,30950.92,21398.38,1.4464,24,11,700,0.8553482795827837,14268.92,32.25,2.1818181818181817,29.166666666666668,,Car,False,Tuesday,6.0,10.0,October,4.0,2.1818181818181817,29.21,57.53,Mid,,0.0,30950.92
AUC-113,Vehicles 7893,Vehicles,Car,Ajman,BuyNow,Closed,2025-10-23 20:00:00,2025-10-25 17:00:00,1.875,2025-11-08 12:00:00,223939.51,318883.14,282322.76,1.1295,23,18,471,0.4239699818937712,94943.63,27.775,1.2777777777777777,20.47826086956522,,Car,False,Thursday,20.0,10.0,October,4.0,1.2777777777777777,14.93,48.96,High,,0.0,318883.14
AUC-114,Vehicles 5087,Vehicles,Car,Ajman,Auction,Closed,2025-09-28 15:00:00,2025-09-30 14:00:00,1.958,2025-11-08 12:00:00,47325.0,58853.04,54036.45,1.0891,29,12,299,0.2435930269413629,11528.04,24.975,2.4166666666666665,10.310344827586206,,Car,False,Sunday,15.0,9.0,September,3.0,2.4166666666666665,9.17,45.5,Mid,,0.0,58853.04
AUC-115,Vehicles 8893,Vehicles,Car,Fujairah,BuyNow,Closed,2025-10-03 03:00:00,2025-10-04 22:00:00,1.792,2025-11-08 12:00:00,91722.0,198044.36,117160.21,1.6904,4,2,45,1.1591805673666076,106322.36,3.625,2.0,11.25,,Car,False,Friday,3.0,10.0,October,4.0,2.0,38.79,63.27,Mid,,0.0,198044.36
AUC-116,Vehicles 7550,Vehicles,Car,Ajman,Auction,Closed,2025-10-22 05:00:00,2025-10-24 23:00:00,2.75,2025-11-08 12:00:00,16311.0,29300.51,19707.62,1.4868,34,13,756,0.7963650297345348,12989.51,39.15,2.6153846153846154,22.235294117647054,,Car,False,Wednesday,5.0,10.0,October,4.0,2.6153846153846154,27.66,56.6,Mid,,0.0,29300.51
AUC-117,Vehicles 5675,Vehicles,Car,Ajman,Auction,Closed,2025-09-26 16:00:00,2025-09-27 13:00:00,0.875,2025-11-08 12:00:00,24526.0,45644.01,30784.7,1.4827,36,18,542,0.8610458289162523,21118.01,36.05,2.0,15.055555555555555,,Car,False,Friday,16.0,9.0,September,3.0,2.0,29.76,57.86,Mid,,0.0,45644.01
AUC-118,Vehicles 4993,Vehicles,Car,Sharjah,Auction,Closed,2025-10-30 11:00:00,2025-11-02 09:00:00,2.917,2025-11-08 12:00:00,145726.0,214234.95,165707.48,1.2929,49,18,579,0.4701216666895407,68508.95,43.475,2.7222222222222223,11.816326530612244,,Car,False,Thursday,11.0,10.0,October,4.0,2.7222222222222223,17.51,50.51,High,,0.0,214234.95
AUC-119,Vehicles 8490,Vehicles,Car,Ras Al Khaimah,BuyNow,Closed,2025-11-05 00:00:00,2025-11-05 18:00:00,0.75,2025-11-08 12:00:00,38285.0,42098.02,45388.77,0.9275,40,12,928,0.0995956640982107,3813.02,46.2,3.333333333333333,23.2,,Car,False,Wednesday,0.0,11.0,November,4.0,3.333333333333333,4.55,42.73,Mid,,0.0,42098.02
AUC-120,Vehicles 6013,Vehicles,Car,Ras Al Khaimah,Auction,Closed,2025-11-02 02:00:00,2025-11-02 15:00:00,0.542,2025-11-08 12:00:00,11488.0,25206.73,14287.29,1.7643,44,25,793,1.194179143454039,13718.73,48.075,1.76,18.022727272727277,,Car,False,Sunday,2.0,11.0,November,4.0,1.76,41.22,24.73,Mid,,0.0,0.0
AUC-121,Vehicles 2645,Vehicles,Car,Dubai,Auction,Closed,2025-10-14 18:00:00,2025-10-17 06:00:00,2.5,2025-11-08 12:00:00,114868.0,177398.43,135167.68,1.3124,34,10,982,0.5443677090225302,62530.43,44.05,3.4,28.88235294117647,,Car,False,Tuesday,18.0,10.0,October,4.0,3.4,19.09,51.45,High,,0.0,177398.43
AUC-122,Vehicles 9997,Vehicles,Car,Fujairah,Auction,Closed,2025-09-07 03:00:00,2025-09-09 19:00:00,2.667,2025-11-08 12:00:00,60401.0,72188.81,73775.1,0.9785,38,23,509,0.1951591861061902,11787.81,37.475,1.6521739130434785,13.394736842105264,,Car,False,Sunday,3.0,9.0,September,3.0,1.6521739130434785,7.61,44.57,Mid,,0.0,72188.81
AUC-123,Vehicles 1615,Vehicles,Car,Dubai,Auction,Closed,2025-10-05 05:00:00,2025-10-05 15:00:00,0.417,2025-11-08 12:00:00,198081.0,297383.46,222301.66,1.3377,14,10,216,0.5013224892846867,99302.46,14.9,1.4,15.428571428571429,,Car,False,Sunday,5.0,10.0,October,4.0,1.4,17.22,10.33,High,,0.0,0.0
AUC-124,Vehicles 7254,Vehicles,Car,Sharjah,BuyNow,Closed,2025-09-21 01:00:00,2025-09-22 21:00:00,1.833,2025-11-08 12:00:00,103194.0,212393.87,123709.58,1.7169,56,34,1438,1.0581997984378937,109199.87,72.45,1.6470588235294117,25.678571428571427,,Car,False,Sunday,1.0,9.0,September,3.0,1.6470588235294117,37.27,22.36,High,,0.0,0.0
AUC-125,Vehicles 6902,Vehicles,Car,Ras Al Khaimah,Auction,Closed,2025-10-16 23:00:00,2025-10-18 13:00:00,1.728,2025-11-08 12:00:00,181177.0,257657.3,226985.61,1.1351,71,23,814,0.422130292476418,76480.3,61.6,3.0869565217391304,11.464788732394366,,Car,False,Thursday,23.0,10.0,October,4.0,3.0869565217391304,16.14,49.68,High,,0.0,257657.3
AUC-126,Vehicles 6274,Vehicles,Car,Abu Dhabi,Auction,Closed,2025-09-23 20:00:00,2025-09-24 14:00:00,0.75,2025-11-08 12:00:00,8854.0,18319.67,10240.07,1.789,52,19,754,1.0690840298170317,9465.67,49.6,2.736842105263158,14.5,,Car,False,Tuesday,20.0,9.0,September,3.0,2.736842105263158,37.13,62.28,Low,,0.0,18319.67
AUC-127,Vehicles 1467,Vehicles,Car,Sharjah,Auction,Closed,2025-09-09 08:00:00,2025-09-10 23:00:00,1.625,2025-11-08 12:00:00,138293.0,267169.5,166035.88,1.6091,51,15,590,0.9319090626423608,128876.5,44.0,3.4,11.568627450980392,,Car,False,Tuesday,8.0,9.0,September,3.0,3.4,32.7,59.62,High,,0.0,267169.5
AUC-128,Vehicles 5432,Vehicles,Car,Abu Dhabi,Auction,Closed,2025-10-14 12:00:00,2025-10-16 14:00:00,2.168,2025-11-08 12:00:00,35136.0,43057.83,41034.62,1.0493,74,26,1235,0.2254619193989071,7921.83,74.375,2.8461538461538463,16.68918918918919,,Car,False,Tuesday,12.0,10.0,October,4.0,2.8461538461538463,9.85,45.91,Mid,,0.0,43057.83
AUC-129,Vehicles 9031,Vehicles,Car,Fujairah,Auction,Closed,2025-09-07 15:00:00,2025-09-09 10:00:00,1.792,2025-11-08 12:00:00,128667.0,145902.34,166814.19,0.8746,32,15,728,0.1339530726604335,17235.34,37.95,2.1333333333333333,22.75,,Car,False,Sunday,15.0,9.0,September,3.0,2.1333333333333333,5.46,43.28,High,,0.0,145902.34
AUC-130,Vehicles 3155,Vehicles,Car,Ajman,Auction,Closed,2025-09-28 07:00:00,2025-09-29 22:00:00,1.696,2025-11-08 12:00:00,144005.0,234053.78,164794.22,1.4203,91,28,1961,0.6253170376028611,90048.78,101.525,3.25,21.54945054945055,,Car,False,Sunday,7.0,9.0,September,3.0,3.25,23.47,14.08,High,,0.0,0.0
AUC-131,Vehicles 7223,Vehicles,Car,Umm Al Quwain,Auction,Closed,2025-09-20 21:00:00,2025-09-23 13:00:00,2.667,2025-11-08 12:00:00,126007.0,166800.78,161074.4,1.0356,20,6,215,0.3237421730538779,40793.78,16.875,3.333333333333333,10.75,,Car,False,Saturday,21.0,9.0,September,3.0,3.333333333333333,11.51,46.91,High,,0.0,166800.78
AUC-132,Vehicles 8727,Vehicles,Car,Ras Al Khaimah,Auction,Closed,2025-10-21 18:00:00,2025-10-22 13:00:00,0.9,2025-11-08 12:00:00,124282.0,186534.89,138195.67,1.3498,85,28,1008,0.5009002912730727,62252.89,74.7,3.0357142857142856,11.858823529411763,,Car,False,Tuesday,18.0,10.0,October,4.0,3.0357142857142856,19.87,51.92,High,,0.0,186534.89
AUC-133,Vehicles 9568,Vehicles,Car,Ajman,BuyNow,Closed,2025-09-28 13:00:00,2025-09-30 11:00:00,2.039,2025-11-08 12:00:00,64211.0,104012.12,78069.79,1.3323,82,33,2074,0.6198489355406394,39801.12,101.1,2.484848484848485,25.29268292682927,,Car,False,Sunday,13.0,9.0,September,3.0,2.484848484848485,23.21,53.93,Mid,,0.0,104012.12
AUC-134,Vehicles 5644,Vehicles,Car,Fujairah,Auction,Closed,2025-10-07 08:00:00,2025-10-08 09:00:00,1.042,2025-11-08 12:00:00,47438.0,70938.09,56027.13,1.2661,28,9,540,0.4953853450820017,23500.09,29.75,3.111111111111111,19.285714285714285,,Car,False,Tuesday,8.0,10.0,October,4.0,3.111111111111111,17.47,50.48,Mid,,0.0,70938.09
AUC-135,Vehicles 3824,Vehicles,Car,Dubai,Auction,Closed,2025-09-07 20:00:00,2025-09-10 18:00:00,2.917,2025-11-08 12:00:00,82929.0,98112.7,94944.02,1.0334,13,8,140,0.1830927661011226,15183.7,12.0,1.625,10.76923076923077,,Car,False,Sunday,20.0,9.0,September,3.0,1.625,6.6,43.96,Mid,,0.0,98112.7
AUC-136,Vehicles 7295,Vehicles,Car,Abu Dhabi,Auction,Closed,2025-09-13 01:00:00,2025-09-13 22:00:00,0.996,2025-11-08 12:00:00,34430.0,60270.65,41175.24,1.4638,108,33,3090,0.7505271565495208,25840.65,139.5,3.272727272727273,28.61111111111111,,Car,False,Saturday,1.0,9.0,September,3.0,3.272727272727273,27.9,56.74,Mid,,0.0,60270.65
AUC-137,Vehicles 5374,Vehicles,Car,Ras Al Khaimah,BuyNow,Closed,2025-10-12 11:00:00,2025-10-15 02:00:00,2.625,2025-11-08 12:00:00,174193.0,212170.12,207881.09,1.0206,49,14,547,0.2180174863513459,37977.12,41.675,3.5,11.16326530612245,,Car,False,Sunday,11.0,10.0,October,4.0,3.5,9.04,45.42,High,,0.0,212170.12
AUC-138,Vehicles 6643,Vehicles,Car,Ras Al Khaimah,Auction,Closed,2025-09-10 11:00:00,2025-09-12 09:00:00,2.037,2025-11-08 12:00:00,194674.0,297700.02,250876.92,1.1866,66,24,1169,0.5292233169298418,103026.02,68.225,2.75,17.71212121212121,,Car,False,Wednesday,11.0,9.0,September,3.0,2.75,19.77,51.86,High,,0.0,297700.02
AUC-139,Vehicles 7674,Vehicles,Car,Umm Al Quwain,Auction,Closed,2025-09-14 08:00:00,2025-09-15 02:00:00,0.75,2025-11-08 12:00:00,89383.0,155590.24,98639.73,1.5774,12,7,344,0.7407140060190416,66207.24,16.35,1.7142857142857142,28.666666666666668,,Car,False,Sunday,8.0,9.0,September,3.0,1.7142857142857142,25.11,55.07,Mid,,0.0,155590.24
AUC-140,Vehicles 7391,Vehicles,Car,Sharjah,Auction,Closed,2025-09-30 13:00:00,2025-10-02 20:00:00,2.292,2025-11-08 12:00:00,44652.0,80016.63,56431.37,1.4179,23,15,288,0.7920055092717012,35364.63,22.45,1.5333333333333334,12.521739130434783,,Car,False,Tuesday,13.0,9.0,September,3.0,1.5333333333333334,27.21,56.33,Mid,,0.0,80016.63
AUC-141,Vehicles 3184,Vehicles,Car,Abu Dhabi,BuyNow,Closed,2025-11-02 13:00:00,2025-11-03 09:00:00,0.961,2025-11-08 12:00:00,124902.0,231392.01,140469.74,1.6473,82,24,1017,0.8525885093913629,106490.01,72.425,3.4166666666666665,12.402439024390244,,Car,False,Sunday,13.0,11.0,November,4.0,3.4166666666666665,30.79,18.47,High,,0.0,0.0
AUC-142,Vehicles 7801,Vehicles,Car,Fujairah,BuyNow,Closed,2025-10-27 21:00:00,2025-10-28 18:00:00,0.976,2025-11-08 12:00:00,14413.0,20187.72,17401.25,1.1601,99,31,994,0.4006605148130161,5774.72,82.1,3.193548387096774,10.04040404040404,,Car,False,Monday,21.0,10.0,October,4.0,3.193548387096774,16.82,10.09,Mid,,0.0,0.0
AUC-143,Vehicles 5876,Vehicles,Car,Fujairah,Auction,Closed,2025-11-01 19:00:00,2025-11-02 22:00:00,1.125,2025-11-08 12:00:00,27843.0,29790.62,34700.99,0.8585,44,15,1097,0.0699500772186904,1947.62,53.175,2.933333333333333,24.931818181818183,,Car,False,Saturday,19.0,11.0,November,4.0,2.933333333333333,3.86,42.32,Mid,,0.0,29790.62
AUC-144,Vehicles 9375,Vehicles,Car,Abu Dhabi,BuyNow,Closed,2025-10-29 16:00:00,2025-10-31 18:00:00,2.083,2025-11-08 12:00:00,159532.0,246292.62,194140.75,1.2686,10,3,186,0.5438446205150064,86760.62,10.4,3.333333333333333,18.6,,Car,False,Wednesday,16.0,10.0,October,4.0,3.333333333333333,18.4,51.04,High,,0.0,246292.62
AUC-145,Vehicles 6934,Vehicles,Car,Umm Al Quwain,Auction,Closed,2025-09-08 21:00:00,2025-09-10 03:00:00,1.25,2025-11-08 12:00:00,139807.47,173666.68,154908.43,1.1211,35,15,357,0.2421845556607239,33859.21,30.175,2.333333333333333,10.2,,Car,False,Monday,21.0,9.0,September,3.0,2.333333333333333,9.25,45.55,High,,0.0,173666.68
AUC-146,Vehicles 9025,Vehicles,Car,Umm Al Quwain,Auction,Closed,2025-10-24 08:00:00,2025-10-26 02:00:00,1.845,2025-11-08 12:00:00,192194.0,269590.2,231643.24,1.1638,71,22,825,0.4026983152439723,77396.2,61.625,3.227272727272727,11.619718309859154,,Car,False,Friday,8.0,10.0,October,4.0,3.227272727272727,16.04,9.62,High,,0.0,0.0
AUC-147,Vehicles 9808,Vehicles,Car,Ajman,Auction,Closed,2025-09-25 02:00:00,2025-09-26 19:00:00,1.708,2025-11-08 12:00:00,129246.0,192473.65,144054.23,1.3361,47,30,509,0.4892039212045246,63227.65,43.725,1.5666666666666669,10.829787234042554,,Car,False,Thursday,2.0,9.0,September,3.0,1.5666666666666669,18.12,50.87,High,,0.0,192473.65
AUC-148,Vehicles 9949,Vehicles,Car,Ras Al Khaimah,Auction,Closed,2025-09-29 06:00:00,2025-09-29 23:00:00,0.708,2025-11-08 12:00:00,70946.0,80330.76,91455.58,0.8784,47,29,852,0.1322803258816564,9384.76,52.05,1.6206896551724137,18.127659574468087,,Car,False,Monday,6.0,9.0,September,3.0,1.6206896551724137,6.09,43.65,Mid,,0.0,80330.76
AUC-149,Vehicles 7701,Vehicles,Car,Dubai,Auction,Closed,2025-09-30 12:00:00,2025-10-01 07:00:00,0.916,2025-11-08 12:00:00,146103.0,211002.0,185541.91,1.1372,62,26,1506,0.4442003244286565,64899.0,75.15,2.3846153846153846,24.29032258064516,,Car,False,Tuesday,12.0,9.0,September,3.0,2.3846153846153846,16.64,49.98,High,,0.0,211002.0
AUC-150,Vehicles 6375,Vehicles,Car,Abu Dhabi,BuyNow,Closed,2025-10-24 14:00:00,2025-10-25 14:00:00,1.0,2025-11-08 12:00:00,126058.0,236120.72,156329.98,1.5104,12,6,202,0.8731117422139015,110062.72,12.55,2.0,16.833333333333332,,Car,False,Friday,14.0,10.0,October,4.0,2.0,29.49,17.69,High,,0.0,0.0
AUC-151,Vehicles 2063,Vehicles,Car,Dubai,BuyNow,Closed,2025-10-02 21:00:00,2025-10-03 16:00:00,0.792,2025-11-08 12:00:00,99728.56,213371.74,121173.22,1.7609,40,18,977,1.139524926460384,113643.18,48.925,2.2222222222222223,24.425,,Car,False,Thursday,21.0,10.0,October,4.0,2.2222222222222223,39.15,63.49,Mid,,0.0,213371.74
AUC-152,Vehicles 4474,Vehicles,Car,Umm Al Quwain,Auction,Closed,2025-09-28 08:00:00,2025-10-01 02:00:00,2.88,2025-11-08 12:00:00,93248.0,185726.39,110454.5,1.6815,61,20,634,0.9917466326355526,92478.39,51.35,3.05,10.39344262295082,,Car,False,Sunday,8.0,9.0,September,3.0,3.05,35.23,61.14,Mid,,0.0,185726.39
AUC-153,Vehicles 5277,Vehicles,Car,Umm Al Quwain,Auction,Closed,2025-10-02 15:00:00,2025-10-03 20:00:00,1.208,2025-11-08 12:00:00,199570.0,278334.17,227854.63,1.2215,21,16,210,0.3946693891867514,78764.17,19.75,1.3125,10.0,,Car,False,Thursday,15.0,10.0,October,4.0,1.3125,13.97,8.38,High,,0.0,0.0
AUC-154,Vehicles 8023,Vehicles,Car,Ras Al Khaimah,Auction,Closed,2025-10-25 18:00:00,2025-10-27 01:00:00,1.377,2025-11-08 12:00:00,36388.0,41686.83,46069.78,0.9049,91,32,1019,0.1456202594261845,5298.83,78.975,2.84375,11.197802197802195,,Car,False,Saturday,18.0,10.0,October,4.0,2.84375,8.2,4.92,Mid,,0.0,0.0
AUC-155,Vehicles 6298,Vehicles,Car,Ajman,Auction,Closed,2025-09-23 09:00:00,2025-09-25 10:00:00,2.042,2025-11-08 12:00:00,135462.0,277964.12,158970.74,1.7485,46,33,1009,1.051971180109551,142502.12,56.475,1.393939393939394,21.93478260869565,,Car,False,Tuesday,9.0,9.0,September,3.0,1.393939393939394,36.47,61.88,High,,0.0,277964.12
AUC-156,Vehicles 4951,Vehicles,Car,Abu Dhabi,BuyNow,Closed,2025-11-01 00:00:00,2025-11-03 09:00:00,2.375,2025-11-08 12:00:00,14146.0,17723.59,17941.67,0.9878,25,8,292,0.2529047080446769,3577.59,21.8,3.125,11.68,,Car,False,Saturday,0.0,11.0,November,4.0,3.125,9.36,5.62,Mid,,0.0,0.0
AUC-157,Vehicles 2319,Vehicles,Car,Ajman,Auction,Closed,2025-10-01 05:00:00,2025-10-03 07:00:00,2.083,2025-11-08 12:00:00,107070.0,152738.46,120486.27,1.2677,55,33,643,0.4265289997198094,45668.46,51.825,1.6666666666666667,11.690909090909091,,Car,False,Wednesday,5.0,10.0,October,4.0,1.6666666666666667,16.38,49.83,High,,0.0,152738.46
AUC-158,Vehicles 7441,Vehicles,Car,Dubai,Auction,Closed,2025-10-10 16:00:00,2025-10-12 09:00:00,1.759,2025-11-08 12:00:00,24346.0,49927.82,28288.99,1.7649,84,29,1586,1.0507606999096362,25581.82,88.9,2.896551724137931,18.88095238095238,,Car,False,Friday,16.0,10.0,October,4.0,2.896551724137931,37.89,62.73,Mid,,0.0,49927.82
AUC-159,Vehicles 4887,Vehicles,Car,Umm Al Quwain,Auction,Closed,2025-10-20 14:00:00,2025-10-23 12:00:00,3.011,2025-11-08 12:00:00,161742.0,266497.51,207760.28,1.2827,61,24,667,0.6476704257397584,104755.51,53.175,2.5416666666666665,10.934426229508198,,Car,False,Monday,14.0,10.0,October,4.0,2.5416666666666665,23.83,54.3,High,,0.0,266497.51
AUC-160,Vehicles 1325,Vehicles,Car,Umm Al Quwain,BuyNow,Closed,2025-09-17 08:00:00,2025-09-20 01:00:00,2.708,2025-11-08 12:00:00,217749.47,435524.65,248540.79,1.7523,27,13,759,1.000118071469933,217775.18,35.725,2.076923076923077,28.11111111111111,,Car,False,Wednesday,8.0,9.0,September,3.0,2.076923076923077,34.22,60.53,High,,0.0,435524.65
AUC-161,Vehicles 3555,Vehicles,Car,Ras Al Khaimah,BuyNow,Closed,2025-10-27 07:00:00,2025-10-28 00:00:00,0.708,2025-11-08 12:00:00,100219.0,193379.96,125438.64,1.5416,47,26,1123,0.9295738333050618,93160.96,58.075,1.807692307692308,23.8936170212766,,Car,False,Monday,7.0,10.0,October,4.0,1.807692307692308,32.48,59.49,High,,0.0,193379.96
AUC-162,Vehicles 8914,Vehicles,Car,Sharjah,Auction,Closed,2025-09-12 03:00:00,2025-09-12 17:00:00,0.583,2025-11-08 12:00:00,88825.0,158838.16,107487.07,1.4777,27,20,535,0.7882145792288208,70013.16,31.875,1.35,19.814814814814813,,Car,False,Friday,3.0,9.0,September,3.0,1.35,27.13,56.28,Mid,,0.0,158838.16
AUC-163,Vehicles 2069,Vehicles,Car,Sharjah,Auction,Closed,2025-09-13 21:00:00,2025-09-15 03:00:00,1.308,2025-11-08 12:00:00,81810.0,166562.21,97360.94,1.7108,62,31,930,1.0359639408385282,84752.21,62.0,2.0,15.0,,Car,False,Saturday,21.0,9.0,September,3.0,2.0,36.29,61.77,Mid,,0.0,166562.21
AUC-164,Vehicles 4654,Vehicles,Car,Dubai,Auction,Closed,2025-10-14 17:00:00,2025-10-17 05:00:00,2.5,2025-11-08 12:00:00,18347.0,27453.67,21178.9,1.2963,42,25,593,0.496357442633673,9106.67,42.075,1.68,14.11904761904762,,Car,False,Tuesday,17.0,10.0,October,4.0,1.68,17.77,50.66,Mid,,0.0,27453.67
AUC-165,Vehicles 5607,Vehicles,Car,Sharjah,Auction,Closed,2025-10-16 17:00:00,2025-10-19 14:00:00,2.875,2025-11-08 12:00:00,37138.0,41413.02,41132.66,1.0068,50,33,890,0.1151117453820883,4275.02,55.5,1.5151515151515151,17.8,,Car,False,Thursday,17.0,10.0,October,4.0,1.5151515151515151,5.68,43.41,Mid,,0.0,41413.02
AUC-166,Vehicles 1753,Vehicles,Car,Ajman,Auction,Closed,2025-10-27 13:00:00,2025-10-29 16:00:00,2.125,2025-11-08 12:00:00,41744.22,53289.94,48046.96,1.1091,43,15,682,0.2765824825568665,11545.72,42.3,2.8666666666666667,15.86046511627907,,Car,False,Monday,13.0,10.0,October,4.0,2.8666666666666667,10.53,46.32,Mid,,0.0,53289.94
AUC-167,Vehicles 2490,Vehicles,Car,Fujairah,BuyNow,Closed,2025-09-11 14:00:00,2025-09-13 16:00:00,2.083,2025-11-08 12:00:00,86504.0,144735.92,104933.83,1.3793,5,3,136,0.6731702580227505,58231.92,6.65,1.6666666666666667,27.2,,Car,False,Thursday,14.0,9.0,September,3.0,1.6666666666666667,22.59,53.55,Mid,,0.0,144735.92
AUC-168,Vehicles 9461,Vehicles,Car,Fujairah,BuyNow,Closed,2025-09-29 21:00:00,2025-09-30 16:00:00,0.792,2025-11-08 12:00:00,113008.0,235316.27,139031.05,1.6925,29,17,521,1.0822974479682854,122308.27,31.775,1.7058823529411764,17.96551724137931,,Car,False,Monday,21.0,9.0,September,3.0,1.7058823529411764,36.94,62.16,High,,0.0,235316.27
AUC-169,Vehicles 6314,Vehicles,Car,Dubai,BuyNow,Closed,2025-11-03 21:00:00,2025-11-05 17:00:00,1.903,2025-11-08 12:00:00,15024.0,29942.91,16645.03,1.7989,67,34,1900,0.9930051916932908,14918.91,89.5,1.9705882352941175,28.35820895522388,,Car,False,Monday,21.0,11.0,November,4.0,1.9705882352941173,35.47,61.28,Mid,,0.0,29942.91
AUC-170,Vehicles 2892,Vehicles,Car,Abu Dhabi,Auction,Closed,2025-10-06 21:00:00,2025-10-07 13:00:00,0.667,2025-11-08 12:00:00,93870.0,174753.56,114768.13,1.5227,52,23,595,0.8616550548631086,80883.56,46.625,2.260869565217391,11.442307692307692,,Car,False,Monday,21.0,10.0,October,4.0,2.260869565217391,30.69,58.41,Mid,,0.0,174753.56
AUC-171,Vehicles 2527,Vehicles,Car,Ajman,Auction,Closed,2025-10-30 22:00:00,2025-11-01 14:00:00,1.667,2025-11-08 12:00:00,108686.0,127108.67,137432.06,0.9249,57,24,697,0.1695036159210937,18422.67,51.925,2.375,12.228070175438596,,Car,False,Thursday,22.0,10.0,October,4.0,2.375,7.46,44.48,High,,0.0,127108.67
AUC-172,Vehicles 4831,Vehicles,Car,Sharjah,BuyNow,Closed,2025-10-03 17:00:00,2025-10-04 10:00:00,0.708,2025-11-08 12:00:00,64704.0,121161.52,83411.2,1.4526,60,22,600,0.8725506923837785,56457.52,50.5,2.727272727272727,10.0,,Car,False,Friday,17.0,10.0,October,4.0,2.727272727272727,31.21,58.73,Mid,,0.0,121161.52
AUC-173,Vehicles 7511,Vehicles,Car,Dubai,Auction,Closed,2025-10-08 03:00:00,2025-10-08 12:00:00,0.375,2025-11-08 12:00:00,170280.0,202286.26,193080.68,1.0477,54,21,635,0.1879625322997416,32006.26,48.125,2.571428571428572,11.75925925925926,,Car,False,Wednesday,3.0,10.0,October,4.0,2.571428571428572,8.3,4.98,High,,0.0,0.0
AUC-174,Vehicles 7572,Vehicles,Car,Fujairah,Auction,Closed,2025-10-31 03:00:00,2025-11-03 00:00:00,2.875,2025-11-08 12:00:00,31571.0,33967.55,37028.59,0.9173,7,3,116,0.0759098539799183,2396.55,7.15,2.333333333333333,16.571428571428573,,Car,False,Friday,3.0,10.0,October,4.0,2.333333333333333,2.78,1.67,Mid,,0.0,0.0
AUC-175,Vehicles 2756,Vehicles,Car,Fujairah,BuyNow,Closed,2025-09-17 18:00:00,2025-09-20 10:00:00,2.667,2025-11-08 12:00:00,196292.0,347984.0,244085.86,1.4257,32,15,835,0.7727874798769181,151692.0,40.625,2.1333333333333333,26.09375,,Car,False,Wednesday,18.0,9.0,September,3.0,2.1333333333333333,26.9,16.14,High,,0.0,0.0
AUC-176,Vehicles 7529,Vehicles,Car,Ajman,Auction,Closed,2025-10-21 01:00:00,2025-10-23 03:00:00,2.083,2025-11-08 12:00:00,185867.0,348899.55,208393.67,1.6742,5,3,64,0.8771462927792453,163032.55,4.85,1.6666666666666667,12.8,,Car,False,Tuesday,1.0,10.0,October,4.0,1.6666666666666667,29.42,57.65,High,,0.0,348899.55
AUC-177,Vehicles 9065,Vehicles,Car,Sharjah,BuyNow,Closed,2025-10-04 14:00:00,2025-10-06 12:00:00,1.917,2025-11-08 12:00:00,46516.08,53180.26,55504.07,0.9581,34,12,401,0.1432661565634937,6664.18,30.025,2.833333333333333,11.794117647058824,,Car,False,Saturday,14.0,10.0,October,4.0,2.833333333333333,6.05,3.63,Mid,,0.0,0.0
AUC-178,Vehicles 3036,Vehicles,Car,Fujairah,Auction,Closed,2025-09-29 05:00:00,2025-09-30 01:00:00,0.833,2025-11-08 12:00:00,29805.0,65365.67,36372.61,1.7971,48,25,1266,1.193110887434994,35560.67,61.9,1.92,26.375,,Car,False,Monday,5.0,9.0,September,3.0,1.92,41.28,64.77,Mid,,0.0,65365.67
AUC-179,Vehicles 1235,Vehicles,Car,Dubai,BuyNow,Closed,2025-09-09 11:00:00,2025-09-11 05:00:00,1.883,2025-11-08 12:00:00,97528.0,133417.69,113414.39,1.1764,88,28,884,0.3679937043720778,35889.69,73.1,3.142857142857143,10.045454545454543,,Car,False,Tuesday,11.0,9.0,September,3.0,3.142857142857143,15.35,49.21,Mid,,0.0,133417.69
AUC-180,Vehicles 9629,Vehicles,Car,Ajman,Auction,Closed,2025-10-07 05:00:00,2025-10-09 11:00:00,2.25,2025-11-08 12:00:00,71032.0,116946.3,80077.32,1.4604,20,8,427,0.6463889514584976,45914.3,22.675,2.5,21.35,,Car,False,Tuesday,5.0,10.0,October,4.0,2.5,22.18,53.31,Mid,,0.0,116946.3
AUC-181,Vehicles 5697,Vehicles,Car,Fujairah,Auction,Closed,2025-09-11 00:00:00,2025-09-12 16:00:00,1.749,2025-11-08 12:00:00,125605.0,253525.85,149779.56,1.6927,61,23,628,1.0184375621989572,127920.85,51.95,2.652173913043478,10.295081967213116,,Car,False,Thursday,0.0,9.0,September,3.0,2.652173913043478,35.7,21.42,High,,0.0,0.0
AUC-182,Vehicles 7987,Vehicles,Car,Ras Al Khaimah,BuyNow,Closed,2025-10-16 02:00:00,2025-10-17 01:00:00,0.958,2025-11-08 12:00:00,19353.0,32671.46,24393.94,1.3393,19,8,503,0.6881858109853769,13318.46,24.075,2.375,26.473684210526315,,Car,False,Thursday,2.0,10.0,October,4.0,2.375,23.61,14.17,Mid,,0.0,0.0
AUC-183,Vehicles 3880,Vehicles,Car,Abu Dhabi,Auction,Closed,2025-09-15 23:00:00,2025-09-17 05:00:00,1.25,2025-11-08 12:00:00,99888.94,143088.28,127634.37,1.1211,23,7,241,0.4324737052971029,43199.34,19.275,3.2857142857142856,10.478260869565217,,Car,False,Monday,23.0,9.0,September,3.0,3.2857142857142856,15.23,49.14,Mid,,0.0,143088.28
AUC-184,Vehicles 3692,Vehicles,Car,Umm Al Quwain,Auction,Closed,2025-10-21 18:00:00,2025-10-24 07:00:00,2.621,2025-11-08 12:00:00,86162.0,178539.32,99334.39,1.7974,72,33,776,1.0721352800538522,92377.32,63.65,2.1818181818181817,10.77777777777778,,Car,False,Tuesday,18.0,10.0,October,4.0,2.1818181818181817,38.41,23.05,Mid,,0.0,0.0
AUC-185,Vehicles 3025,Vehicles,Car,Abu Dhabi,Auction,Closed,2025-09-25 10:00:00,2025-09-26 07:00:00,0.875,2025-11-08 12:00:00,92365.0,132301.2,102933.53,1.2853,46,21,520,0.4323737346397446,39936.2,41.25,2.1904761904761907,11.304347826086955,,Car,False,Thursday,10.0,9.0,September,3.0,2.1904761904761907,16.15,49.69,Mid,,0.0,132301.2
AUC-186,Vehicles 2952,Vehicles,Car,Dubai,Auction,Closed,2025-10-30 12:00:00,2025-11-02 09:00:00,2.875,2025-11-08 12:00:00,113108.0,158321.41,137292.68,1.1532,23,7,380,0.3997366234041801,45213.41,22.75,3.2857142857142856,16.52173913043478,,Car,False,Thursday,12.0,10.0,October,4.0,3.2857142857142856,14.12,48.47,High,,0.0,158321.41
AUC-187,Vehicles 5243,Vehicles,Car,Sharjah,BuyNow,Closed,2025-09-06 09:00:00,2025-09-08 16:00:00,2.292,2025-11-08 12:00:00,81089.0,160634.15,103927.65,1.5456,13,5,367,0.9809610428048192,79545.15,16.925,2.6,28.23076923076923,,Car,False,Saturday,9.0,9.0,September,3.0,2.6,33.13,19.88,Mid,,0.0,0.0
AUC-188,Vehicles 1951,Vehicles,Car,Ras Al Khaimah,Auction,Closed,2025-09-08 14:00:00,2025-09-11 06:00:00,2.667,2025-11-08 12:00:00,133718.0,237451.57,173358.29,1.3697,4,2,46,0.7757636967349198,103733.57,3.65,2.0,11.5,,Car,False,Monday,14.0,9.0,September,3.0,2.0,26.01,55.61,High,,0.0,237451.57
AUC-189,Vehicles 8577,Vehicles,Car,Umm Al Quwain,Auction,Closed,2025-10-10 11:00:00,2025-10-12 01:00:00,1.583,2025-11-08 12:00:00,186634.0,329814.87,213234.91,1.5467,31,17,365,0.7671746305603481,143180.87,28.875,1.8235294117647056,11.774193548387096,,Car,False,Friday,11.0,10.0,October,4.0,1.8235294117647056,26.52,55.91,High,,0.0,329814.87
AUC-190,Vehicles 5600,Vehicles,Car,Ajman,Auction,Closed,2025-10-06 17:00:00,2025-10-07 12:00:00,0.792,2025-11-08 12:00:00,198023.0,210767.03,225819.66,0.9333,7,4,86,0.0643563121455588,12744.03,6.65,1.75,12.285714285714286,,Car,False,Monday,17.0,10.0,October,4.0,1.75,2.35,1.41,High,,0.0,0.0
AUC-191,Vehicles 9236,Vehicles,Car,Abu Dhabi,BuyNow,Closed,2025-10-03 06:00:00,2025-10-03 12:00:00,0.337,2025-11-08 12:00:00,82880.0,103602.34,101140.85,1.0243,61,20,709,0.2500282335907335,20722.34,53.225,3.05,11.62295081967213,,Car,False,Friday,6.0,10.0,October,4.0,3.05,10.24,46.14,Mid,,0.0,103602.34
AUC-192,Vehicles 5519,Vehicles,Car,Dubai,BuyNow,Closed,2025-10-20 13:00:00,2025-10-22 05:00:00,1.667,2025-11-08 12:00:00,35092.0,41523.11,43246.78,0.9601,28,15,287,0.1832642767582355,6431.11,24.925,1.8666666666666667,10.25,,Car,False,Monday,13.0,10.0,October,4.0,1.8666666666666667,7.08,4.25,Mid,,0.0,0.0
AUC-193,Vehicles 3728,Vehicles,Car,Abu Dhabi,BuyNow,Closed,2025-09-26 08:00:00,2025-09-27 15:00:00,1.292,2025-11-08 12:00:00,36308.0,65432.62,45219.09,1.447,27,22,409,0.802154346149609,29124.62,29.225,1.2272727272727273,15.148148148148149,,Car,False,Friday,8.0,9.0,September,3.0,1.2272727272727273,27.76,56.66,Mid,,0.0,65432.62
AUC-194,Vehicles 5633,Vehicles,Car,Abu Dhabi,Auction,Closed,2025-09-26 15:00:00,2025-09-27 02:00:00,0.458,2025-11-08 12:00:00,63549.0,72984.69,80906.32,0.9021,10,8,103,0.1484789689845631,9435.69,9.575,1.25,10.3,,Car,False,Friday,15.0,9.0,September,3.0,1.25,5.34,3.2,Mid,,0.0,0.0
AUC-195,Vehicles 2388,Vehicles,Car,Abu Dhabi,Auction,Closed,2025-10-04 05:00:00,2025-10-07 00:00:00,2.792,2025-11-08 12:00:00,34178.0,50924.15,40877.09,1.2458,17,5,276,0.4899686933114869,16746.15,16.65,3.4,16.235294117647058,,Car,False,Saturday,5.0,10.0,October,4.0,3.4,16.78,10.07,Mid,,0.0,0.0
AUC-196,Vehicles 8416,Vehicles,Car,Umm Al Quwain,Auction,Closed,2025-10-26 17:00:00,2025-10-29 14:00:00,2.875,2025-11-08 12:00:00,86711.0,105591.42,104818.76,1.0074,10,4,102,0.217739617810889,18880.42,8.55,2.5,10.2,,Car,False,Sunday,17.0,10.0,October,4.0,2.5,7.62,44.57,Mid,,0.0,105591.42
AUC-197,Vehicles 7480,Vehicles,Car,Dubai,Auction,Closed,2025-09-12 02:00:00,2025-09-13 07:00:00,1.208,2025-11-08 12:00:00,65471.04,88034.76,82374.48,1.0687,9,4,270,0.3446366515638058,22563.72,12.25,2.25,30.0,,Car,False,Friday,2.0,9.0,September,3.0,2.25,11.8,47.08,Mid,,0.0,88034.76
AUC-198,Vehicles 2324,Vehicles,Car,Dubai,Auction,Closed,2025-10-30 08:00:00,2025-11-01 09:00:00,2.042,2025-11-08 12:00:00,116563.0,224011.93,146840.78,1.5255,10,3,116,0.9218099225311632,107448.93,8.65,3.333333333333333,11.6,,Car,False,Thursday,8.0,10.0,October,4.0,3.333333333333333,31.1,58.66,High,,0.0,224011.93
AUC-199,Vehicles 6237,Vehicles,Car,Ajman,Auction,Closed,2025-09-30 04:00:00,2025-10-01 12:00:00,1.333,2025-11-08 12:00:00,111075.0,225559.24,139446.3,1.6175,18,9,448,1.0306931352689623,114484.24,22.45,2.0,24.88888888888889,,Car,False,Tuesday,4.0,9.0,September,3.0,2.0,34.93,60.96,High,,0.0,225559.24
AUC-200,Vehicles 5841,Vehicles,Car,Sharjah,Auction,Closed,2025-10-30 08:00:00,2025-10-31 21:00:00,1.66,2025-11-08 12:00:00,81633.55,170921.73,95897.47,1.7823,85,28,1792,1.093768187222043,89288.18,94.3,3.0357142857142856,21.08235294117647,,Car,False,Thursday,8.0,10.0,October,4.0,3.0357142857142856,39.29,63.57,Mid,,0.0,170921.73
AUC-201,Vehicles 2808,Vehicles,Car,Ajman,Auction,Closed,2025-10-28 13:00:00,2025-10-30 11:00:00,1.917,2025-11-08 12:00:00,207069.88,368244.87,251407.39,1.4647,60,21,652,0.7783603776657425,161174.99,51.55,2.857142857142857,10.866666666666667,,Car,False,Tuesday,13.0,10.0,October,4.0,2.857142857142857,28.05,56.83,High,,0.0,368244.87
AUC-202,Vehicles 2098,Vehicles,Car,Dubai,Auction,Closed,2025-11-04 12:00:00,2025-11-05 20:00:00,1.333,2025-11-08 12:00:00,19061.53,27285.98,21579.73,1.2644,21,9,397,0.4314685127584198,8224.45,22.675,2.333333333333333,18.904761904761905,,Car,False,Tuesday,12.0,11.0,November,4.0,2.333333333333333,15.08,49.05,Mid,,0.0,27285.98
AUC-203,Vehicles 7841,Vehicles,Car,Abu Dhabi,Auction,Closed,2025-10-14 20:00:00,2025-10-17 06:00:00,2.524,2025-11-08 12:00:00,87031.0,106226.98,99754.79,1.0649,95,32,2192,0.220564856200664,19195.98,110.3,2.96875,23.07368421052632,,Car,False,Tuesday,20.0,10.0,October,4.0,2.96875,10.05,46.03,Mid,,0.0,106226.98
AUC-204,Vehicles 3376,Vehicles,Car,Ajman,Auction,Closed,2025-09-29 16:00:00,2025-09-30 08:00:00,0.741,2025-11-08 12:00:00,145207.0,161713.16,179404.27,0.9014,89,26,2124,0.1136733077606451,16506.16,104.1,3.423076923076923,23.865168539325843,,Car,False,Monday,16.0,9.0,September,3.0,3.423076923076923,6.18,43.71,High,,0.0,161713.16
AUC-205,Vehicles 5669,Vehicles,Car,Umm Al Quwain,BuyNow,Closed,2025-10-05 00:00:00,2025-10-07 01:00:00,2.042,2025-11-08 12:00:00,231334.55,472877.7,296936.54,1.5925,45,27,1198,1.0441291627212623,241543.15,59.2,1.6666666666666667,26.622222222222224,,Car,False,Sunday,0.0,10.0,October,4.0,1.6666666666666667,36.16,61.7,High,,0.0,472877.7
AUC-206,Vehicles 3229,Vehicles,Car,Sharjah,Auction,Closed,2025-09-25 00:00:00,2025-09-27 22:00:00,2.917,2025-11-08 12:00:00,85854.0,97077.77,104838.78,0.926,38,31,881,0.1307308919794069,11223.77,48.775,1.2258064516129032,23.18421052631579,,Car,False,Thursday,0.0,9.0,September,3.0,1.2258064516129032,5.72,43.43,Mid,,0.0,97077.77
AUC-207,Vehicles 6879,Vehicles,Car,Ajman,BuyNow,Closed,2025-09-25 18:00:00,2025-09-28 07:00:00,2.635,2025-11-08 12:00:00,103506.0,159676.64,122243.04,1.3062,80,26,2157,0.5426800378722008,56170.64,100.425,3.076923076923077,26.9625,,Car,False,Thursday,18.0,9.0,September,3.0,3.076923076923077,20.77,52.46,High,,0.0,159676.64
AUC-208,Vehicles 1440,Vehicles,Car,Ajman,Auction,Closed,2025-10-29 17:00:00,2025-10-30 00:00:00,0.39,2025-11-08 12:00:00,103399.0,225758.3,113756.33,1.9846,70,33,1318,1.1833702453602064,122359.3,76.2,2.121212121212121,18.82857142857143,,Car,False,Wednesday,17.0,10.0,October,4.0,2.121212121212121,41.83,25.1,High,,0.0,0.0
AUC-209,Vehicles 4233,Vehicles,Car,Abu Dhabi,Auction,Closed,2025-11-03 15:00:00,2025-11-04 02:00:00,0.458,2025-11-08 12:00:00,73899.0,136340.33,81769.77,1.6674,29,12,761,0.844955006157052,62441.33,36.525,2.4166666666666665,26.24137931034483,,Car,False,Monday,15.0,11.0,November,4.0,2.4166666666666665,29.18,17.51,Mid,,0.0,0.0
AUC-210,Vehicles 5922,Vehicles,Car,Abu Dhabi,Auction,Closed,2025-09-28 19:00:00,2025-09-30 17:00:00,1.917,2025-11-08 12:00:00,82717.0,135920.65,100139.77,1.3573,51,30,1439,0.6432009139596455,53203.65,68.975,1.7,28.215686274509803,,Car,False,Sunday,19.0,9.0,September,3.0,1.7,22.93,53.76,Mid,,0.0,135920.65
AUC-211,Vehicles 4951,Vehicles,Car,Sharjah,Auction,Closed,2025-09-25 19:00:00,2025-09-28 13:00:00,2.75,2025-11-08 12:00:00,146501.0,273345.43,175395.71,1.5584,13,4,131,0.8658263766117636,126844.43,10.775,3.25,10.076923076923077,,Car,False,Thursday,19.0,9.0,September,3.0,3.25,29.23,57.54,High,,0.0,273345.43
AUC-212,Vehicles 6510,Vehicles,Car,Dubai,Auction,Closed,2025-10-02 13:00:00,2025-10-05 02:00:00,2.542,2025-11-08 12:00:00,19614.0,22091.5,25125.12,0.8793,31,11,335,0.1263128377689405,2477.5,26.625,2.8181818181818183,10.806451612903226,,Car,False,Thursday,13.0,10.0,October,4.0,2.8181818181818183,5.3,43.18,Mid,,0.0,22091.5
AUC-213,Vehicles 2622,Vehicles,Car,Umm Al Quwain,Auction,Closed,2025-10-21 03:00:00,2025-10-23 20:00:00,2.774,2025-11-08 12:00:00,146733.0,191632.93,187461.04,1.0223,105,31,1053,0.3059974920433712,44899.93,86.575,3.3870967741935485,10.028571428571428,,Car,False,Tuesday,3.0,10.0,October,4.0,3.3870967741935485,13.86,48.32,High,,0.0,191632.93
AUC-214,Vehicles 4975,Vehicles,Car,Umm Al Quwain,BuyNow,Closed,2025-09-19 15:00:00,2025-09-20 05:00:00,0.583,2025-11-08 12:00:00,134700.46,277101.73,169470.97,1.6351,11,5,309,1.0571698864280048,142401.27,14.475,2.2,28.09090909090909,,Car,False,Friday,15.0,9.0,September,3.0,2.2,35.63,21.38,High,,0.0,0.0
AUC-215,Vehicles 7807,Vehicles,Car,Sharjah,BuyNow,Closed,2025-11-01 21:00:00,2025-11-03 12:00:00,1.725,2025-11-08 12:00:00,10489.0,18366.11,12222.11,1.5027,62,18,1637,0.7509877014014683,7877.11,76.425,3.4444444444444446,26.40322580645161,,Car,False,Saturday,21.0,11.0,November,4.0,3.4444444444444446,27.17,16.3,Mid,,0.0,0.0
AUC-216,Vehicles 4002,Vehicles,Car,Sharjah,Auction,Closed,2025-09-28 16:00:00,2025-09-30 21:00:00,2.208,2025-11-08 12:00:00,36247.0,76657.36,40636.43,1.8864,28,12,327,1.1148608160675366,40410.36,25.175,2.333333333333333,11.678571428571429,,Car,False,Sunday,16.0,9.0,September,3.0,2.333333333333333,38.23,62.94,Mid,,0.0,76657.36
AUC-217,Vehicles 2412,Vehicles,Car,Sharjah,Auction,Closed,2025-10-29 14:00:00,2025-10-31 12:00:00,1.917,2025-11-08 12:00:00,104039.0,129846.01,135165.12,0.9606,11,4,126,0.2480513076826958,25807.01,9.65,2.75,11.454545454545457,,Car,False,Wednesday,14.0,10.0,October,4.0,2.75,8.68,45.21,High,,0.0,129846.01
AUC-218,Vehicles 8628,Vehicles,Car,Umm Al Quwain,Auction,Closed,2025-09-26 19:00:00,2025-09-29 03:00:00,2.333,2025-11-08 12:00:00,138169.0,290832.15,173281.03,1.6784,25,9,627,1.1049016060042414,152663.15,30.425,2.7777777777777777,25.08,,Car,False,Friday,19.0,9.0,September,3.0,2.7777777777777777,37.68,62.61,High,,0.0,290832.15
AUC-219,Vehicles 8003,Vehicles,Car,Fujairah,Auction,Closed,2025-10-12 12:00:00,2025-10-13 06:00:00,0.75,2025-11-08 12:00:00,22324.0,46616.95,27502.06,1.695,44,19,693,1.0881987994982976,24292.95,44.075,2.3157894736842106,15.75,,Car,False,Sunday,12.0,10.0,October,4.0,2.3157894736842106,37.63,62.58,Mid,,0.0,46616.95
AUC-220,Vehicles 7123,Vehicles,Car,Dubai,Auction,Closed,2025-09-23 08:00:00,2025-09-24 19:00:00,1.458,2025-11-08 12:00:00,75666.0,100853.4,90589.02,1.1133,55,22,1388,0.3328760605820315,25187.4,67.7,2.5,25.23636363636364,,Car,False,Tuesday,8.0,9.0,September,3.0,2.5,12.6,47.56,Mid,,0.0,100853.4
AUC-221,Vehicles 8181,Vehicles,Car,Sharjah,Auction,Closed,2025-11-03 00:00:00,2025-11-04 10:00:00,1.417,2025-11-08 12:00:00,139130.0,301248.26,171150.37,1.7601,39,23,1088,1.1652286350894847,162118.26,52.45,1.6956521739130437,27.897435897435894,,Car,False,Monday,0.0,11.0,November,4.0,1.6956521739130437,40.23,64.14,High,,0.0,301248.26
AUC-222,Vehicles 8008,Vehicles,Car,Dubai,Auction,Closed,2025-10-02 03:00:00,2025-10-04 22:00:00,2.792,2025-11-08 12:00:00,29186.0,53263.83,36260.3,1.4689,10,5,193,0.8249787569382582,24077.83,11.075,2.0,19.3,,Car,False,Thursday,3.0,10.0,October,4.0,2.0,27.83,16.7,Mid,,0.0,0.0
AUC-223,Vehicles 7718,Vehicles,Car,Ajman,Auction,Closed,2025-10-29 16:00:00,2025-10-30 09:00:00,0.708,2025-11-08 12:00:00,154946.0,202413.4,188948.04,1.0713,31,11,617,0.3063480180191808,47467.4,33.675,2.8181818181818183,19.90322580645161,,Car,False,Wednesday,16.0,10.0,October,4.0,2.8181818181818183,11.09,46.65,High,,0.0,202413.4
AUC-224,Vehicles 5584,Vehicles,Car,Abu Dhabi,BuyNow,Closed,2025-09-27 00:00:00,2025-09-28 02:00:00,1.083,2025-11-08 12:00:00,26424.0,52741.32,33272.59,1.5851,5,4,99,0.9959627611262488,26317.32,5.975,1.25,19.8,,Car,False,Saturday,0.0,9.0,September,3.0,1.25,33.36,60.02,Mid,,0.0,52741.32
AUC-225,Vehicles 1174,Vehicles,Car,Sharjah,BuyNow,Closed,2025-10-30 17:00:00,2025-10-30 22:00:00,0.208,2025-11-08 12:00:00,106513.0,217211.88,137000.93,1.5855,3,1,34,1.0392992404682997,110698.88,2.6,3.0,11.333333333333334,,Car,False,Thursday,17.0,10.0,October,4.0,3.0,34.76,60.86,High,,0.0,217211.88
AUC-226,Vehicles 6373,Vehicles,Car,Ajman,Auction,Closed,2025-11-02 17:00:00,2025-11-03 07:00:00,0.583,2025-11-08 12:00:00,103929.04,192511.55,115115.48,1.6723,27,14,712,0.8523364595689521,88582.51,34.8,1.9285714285714288,26.37037037037037,,Car,False,Sunday,17.0,11.0,November,4.0,1.9285714285714288,29.19,57.51,High,,0.0,192511.55
AUC-227,Vehicles 3457,Vehicles,Car,Sharjah,BuyNow,Closed,2025-09-23 09:00:00,2025-09-26 07:00:00,2.917,2025-11-08 12:00:00,157957.42,241727.49,191170.2,1.2645,40,22,403,0.5303332379067724,83770.07,35.575,1.818181818181818,10.075,,Car,False,Tuesday,9.0,9.0,September,3.0,1.818181818181818,19.16,11.5,High,,0.0,0.0
AUC-228,Vehicles 7958,Vehicles,Car,Sharjah,Auction,Closed,2025-11-01 00:00:00,2025-11-03 13:00:00,2.542,2025-11-08 12:00:00,108684.0,129872.72,141266.5,0.9193,36,13,400,0.1949571234036289,21188.72,31.25,2.769230769230769,11.11111111111111,,Car,False,Saturday,0.0,11.0,November,4.0,2.769230769230769,7.82,44.69,High,,0.0,129872.72
AUC-229,Vehicles 5214,Vehicles,Car,Fujairah,Auction,Closed,2025-10-24 03:00:00,2025-10-25 00:00:00,0.875,2025-11-08 12:00:00,24400.0,46953.33,28257.48,1.6616,3,2,45,0.9243168032786886,22553.33,3.125,1.5,15.0,,Car,False,Friday,3.0,10.0,October,4.0,1.5,30.92,58.55,Mid,,0.0,46953.33
AUC-230,Vehicles 9146,Vehicles,Car,Fujairah,BuyNow,Closed,2025-09-16 10:00:00,2025-09-18 13:00:00,2.125,2025-11-08 12:00:00,189951.0,210874.25,241121.23,0.8746,27,8,728,0.1101507757263715,20923.25,33.7,3.375,26.96296296296296,,Car,False,Tuesday,10.0,9.0,September,3.0,3.375,4.4,2.64,High,,0.0,0.0
AUC-231,Vehicles 6359,Vehicles,Car,Dubai,BuyNow,Closed,2025-09-18 08:00:00,2025-09-20 04:00:00,1.833,2025-11-08 12:00:00,12735.0,26620.48,15353.1,1.7339,52,15,552,1.0903400078523753,13885.48,43.55,3.466666666666667,10.615384615384617,,Car,False,Thursday,8.0,9.0,September,3.0,3.466666666666667,38.19,22.91,Mid,,0.0,0.0
AUC-232,Vehicles 5954,Vehicles,Car,Sharjah,BuyNow,Closed,2025-09-14 19:00:00,2025-09-17 12:00:00,2.708,2025-11-08 12:00:00,155124.0,163631.72,179277.36,0.9127,29,13,768,0.0548446404166989,8507.72,36.95,2.230769230769231,26.48275862068965,,Car,False,Sunday,19.0,9.0,September,3.0,2.230769230769231,2.83,41.7,High,,0.0,163631.72
AUC-233,Vehicles 9272,Vehicles,Car,Fujairah,Auction,Closed,2025-10-18 08:00:00,2025-10-19 08:00:00,1.063,2025-11-08 12:00:00,143167.0,201700.81,182967.95,1.1024,62,29,894,0.408849874621945,58533.81,60.6,2.1379310344827585,14.419354838709678,,Car,False,Saturday,8.0,10.0,October,4.0,2.1379310344827585,15.53,49.32,High,,0.0,201700.81
AUC-234,Vehicles 5275,Vehicles,Car,Ajman,BuyNow,Closed,2025-10-03 16:00:00,2025-10-06 15:00:00,2.958,2025-11-08 12:00:00,140658.0,215240.63,162394.68,1.3254,29,21,557,0.5302409390152,74582.63,33.675,1.380952380952381,19.20689655172414,,Car,False,Friday,16.0,10.0,October,4.0,1.380952380952381,18.74,11.24,High,,0.0,0.0
AUC-235,Vehicles 4380,Vehicles,Car,Abu Dhabi,Auction,Closed,2025-09-20 08:00:00,2025-09-21 13:00:00,1.331,2025-11-08 12:00:00,154557.0,245609.23,176182.99,1.3941,102,34,2060,0.5891174776943134,91052.23,111.0,3.0,20.19607843137255,,Car,False,Saturday,8.0,9.0,September,3.0,3.0,22.5,53.5,High,,0.0,245609.23
AUC-236,Vehicles 4343,Vehicles,Car,Umm Al Quwain,Auction,Closed,2025-10-27 14:00:00,2025-10-29 18:00:00,2.167,2025-11-08 12:00:00,128636.0,164969.83,147472.93,1.1186,9,6,103,0.282454600578376,36333.83,8.575,1.5,11.444444444444445,,Car,False,Monday,14.0,10.0,October,4.0,1.5,9.75,5.85,High,,0.0,0.0
AUC-237,Vehicles 8874,Vehicles,Car,Abu Dhabi,Auction,Closed,2025-09-23 19:00:00,2025-09-25 02:00:00,1.292,2025-11-08 12:00:00,96089.0,180608.9,106390.86,1.6976,43,13,478,0.8796001623494885,84519.9,36.7,3.3076923076923075,11.116279069767442,,Car,False,Tuesday,19.0,9.0,September,3.0,3.3076923076923075,30.88,58.53,Mid,,0.0,180608.9
AUC-238,Vehicles 7805,Vehicles,Car,Dubai,Auction,Closed,2025-10-31 09:00:00,2025-11-02 10:00:00,2.042,2025-11-08 12:00:00,175087.0,285976.39,220464.98,1.2972,10,3,227,0.6333387972836362,110889.39,11.425,3.333333333333333,22.7,,Car,False,Friday,9.0,10.0,October,4.0,3.333333333333333,21.43,52.86,High,,0.0,285976.39
AUC-239,Vehicles 2470,Vehicles,Car,Umm Al Quwain,Auction,Closed,2025-09-13 03:00:00,2025-09-14 05:00:00,1.083,2025-11-08 12:00:00,27777.0,34594.84,31748.0,1.0897,1,1,12,0.2454491125751519,6817.84,1.05,1.0,12.0,,Car,False,Saturday,3.0,9.0,September,3.0,1.0,8.23,44.94,Mid,,0.0,34594.84
AUC-240,Vehicles 5431,Vehicles,Car,Ajman,Auction,Closed,2025-09-27 01:00:00,2025-09-29 14:00:00,2.617,2025-11-08 12:00:00,70377.0,85489.09,78941.36,1.0829,89,32,1808,0.2147305227560139,15112.09,97.7,2.78125,20.314606741573037,,Car,False,Saturday,1.0,9.0,September,3.0,2.78125,9.97,45.98,Mid,,0.0,85489.09
AUC-241,Vehicles 4341,Vehicles,Car,Fujairah,BuyNow,Closed,2025-10-07 08:00:00,2025-10-09 07:00:00,1.958,2025-11-08 12:00:00,16934.0,34710.22,20636.51,1.682,39,17,418,1.049735443486477,17776.22,34.2,2.294117647058824,10.717948717948715,,Car,False,Tuesday,8.0,10.0,October,4.0,2.294117647058824,36.43,21.86,Mid,,0.0,0.0
AUC-242,Vehicles 6819,Vehicles,Car,Sharjah,Auction,Closed,2025-10-08 08:00:00,2025-10-09 07:00:00,0.958,2025-11-08 12:00:00,103779.0,142190.16,129641.66,1.0968,56,23,892,0.3701245916803978,38411.16,56.05,2.4347826086956523,15.928571428571429,,Car,False,Wednesday,8.0,10.0,October,4.0,2.4347826086956523,14.34,48.6,High,,0.0,142190.16
AUC-243,Vehicles 1470,Vehicles,Car,Fujairah,Auction,Closed,2025-10-24 20:00:00,2025-10-27 17:00:00,2.875,2025-11-08 12:00:00,41820.0,50552.39,50066.53,1.0097,16,10,458,0.2088089430894308,8732.39,21.95,1.6,28.625,,Car,False,Friday,20.0,10.0,October,4.0,1.6,7.44,44.46,Mid,,0.0,50552.39
AUC-244,Vehicles 7426,Vehicles,Car,Sharjah,Auction,Closed,2025-10-15 16:00:00,2025-10-17 20:00:00,2.167,2025-11-08 12:00:00,75789.0,118402.62,88664.79,1.3354,6,2,67,0.5622665558326405,42613.62,5.175,3.0,11.166666666666666,,Car,False,Wednesday,16.0,10.0,October,4.0,3.0,18.96,51.38,Mid,,0.0,118402.62
AUC-245,Vehicles 7681,Vehicles,Car,Fujairah,Auction,Closed,2025-09-23 14:00:00,2025-09-24 23:00:00,1.375,2025-11-08 12:00:00,149224.0,318620.14,170959.81,1.8637,49,31,548,1.1351802659089691,169396.14,45.95,1.5806451612903225,11.183673469387756,,Car,False,Tuesday,14.0,9.0,September,3.0,1.5806451612903225,39.75,63.85,High,,0.0,318620.14
AUC-246,Vehicles 3039,Vehicles,Car,Dubai,Auction,Closed,2025-10-05 19:00:00,2025-10-06 08:00:00,0.623,2025-11-08 12:00:00,139251.0,231309.5,180400.21,1.2822,74,23,1021,0.6610975863728088,92058.5,68.275,3.217391304347826,13.797297297297296,,Car,False,Sunday,19.0,10.0,October,4.0,3.217391304347826,24.28,54.57,High,,0.0,231309.5
AUC-247,Vehicles 2355,Vehicles,Car,Dubai,Auction,Closed,2025-10-03 20:00:00,2025-10-06 18:00:00,2.917,2025-11-08 12:00:00,135550.0,244684.77,159869.54,1.5305,56,25,568,0.8051255625230541,109134.77,48.45,2.24,10.142857142857142,,Car,False,Friday,20.0,10.0,October,4.0,2.24,28.87,57.32,High,,0.0,244684.77
AUC-248,Vehicles 6647,Vehicles,Car,Fujairah,Auction,Closed,2025-10-25 00:00:00,2025-10-27 07:00:00,2.292,2025-11-08 12:00:00,164244.0,352017.48,203419.04,1.7305,51,19,771,1.1432592971432745,187773.48,49.525,2.6842105263157894,15.117647058823527,,Car,False,Saturday,0.0,10.0,October,4.0,2.6842105263157894,39.61,63.77,High,,0.0,352017.48
AUC-249,Vehicles 3312,Vehicles,Car,Fujairah,Auction,Closed,2025-09-24 12:00:00,2025-09-26 13:00:00,2.042,2025-11-08 12:00:00,24874.24,34017.04,30751.45,1.1062,46,14,1265,0.3675609787474913,9142.8,58.125,3.2857142857142856,27.5,,Car,False,Wednesday,12.0,9.0,September,3.0,3.2857142857142856,13.48,48.09,Mid,,0.0,34017.04
AUC-250,Vehicles 9473,Vehicles,Car,Ras Al Khaimah,Auction,Closed,2025-10-12 05:00:00,2025-10-14 17:00:00,2.5,2025-11-08 12:00:00,149408.74,250945.8,192456.66,1.3039,43,15,1175,0.6795925057663963,101537.06,54.625,2.8666666666666667,27.32558139534884,,Car,False,Sunday,5.0,10.0,October,4.0,2.8666666666666667,23.9,54.34,High,,0.0,250945.8
AUC-251,Vehicles 7976,Vehicles,Car,Sharjah,BuyNow,Closed,2025-10-26 02:00:00,2025-10-27 23:00:00,2.018,2025-11-08 12:00:00,128632.0,249083.99,164570.28,1.5135,64,26,1257,0.9364076590583992,120451.99,69.925,2.4615384615384617,19.640625,,Car,False,Sunday,2.0,10.0,October,4.0,2.4615384615384617,33.3,59.98,High,,0.0,249083.99
AUC-252,Vehicles 9594,Vehicles,Car,Dubai,Auction,Closed,2025-09-11 07:00:00,2025-09-12 02:00:00,0.792,2025-11-08 12:00:00,29018.0,41788.81,37544.29,1.1131,17,8,470,0.440099593355848,12770.81,22.25,2.125,27.647058823529413,,Car,False,Thursday,7.0,9.0,September,3.0,2.125,15.15,49.09,Mid,,0.0,41788.81
AUC-253,Vehicles 5811,Vehicles,Car,Ras Al Khaimah,Auction,Closed,2025-10-07 13:00:00,2025-10-08 09:00:00,0.833,2025-11-08 12:00:00,188445.0,348157.99,236699.61,1.4709,27,12,650,0.8475310568070259,159712.99,32.75,2.25,24.074074074074076,,Car,False,Tuesday,13.0,10.0,October,4.0,2.25,29.04,57.42,High,,0.0,348157.99
AUC-254,Vehicles 9445,Vehicles,Car,Umm Al Quwain,Auction,Closed,2025-10-06 13:00:00,2025-10-06 22:00:00,0.375,2025-11-08 12:00:00,25047.0,32669.33,28042.4,1.165,22,11,254,0.3043210763764124,7622.33,20.1,2.0,11.545454545454543,,Car,False,Monday,13.0,10.0,October,4.0,2.0,10.99,46.59,Mid,,0.0,32669.33
AUC-255,Vehicles 1125,Vehicles,Car,Abu Dhabi,Auction,Closed,2025-09-10 00:00:00,2025-09-10 08:00:00,0.455,2025-11-08 12:00:00,145554.0,258123.56,187363.9,1.3777,61,18,1733,0.7733869216922928,112569.56,78.325,3.388888888888889,28.40983606557377,,Car,False,Wednesday,0.0,9.0,September,3.0,3.388888888888889,27.71,56.63,High,,0.0,258123.56
AUC-256,Vehicles 3609,Vehicles,Car,Fujairah,Auction,Closed,2025-10-14 16:00:00,2025-10-16 21:00:00,2.208,2025-11-08 12:00:00,39422.0,76032.72,46372.55,1.6396,59,33,614,0.9286875348790016,36610.72,53.1,1.7878787878787878,10.40677966101695,,Car,False,Tuesday,16.0,10.0,October,4.0,1.7878787878787878,33.17,59.9,Mid,,0.0,76032.72
AUC-257,Vehicles 1020,Vehicles,Car,Ras Al Khaimah,Auction,Closed,2025-09-09 18:00:00,2025-09-12 07:00:00,2.613,2025-11-08 12:00:00,133840.0,294439.88,172516.09,1.7067,69,32,1460,1.199939330543933,160599.88,79.0,2.15625,21.159420289855078,,Car,False,Tuesday,18.0,9.0,September,3.0,2.15625,42.06,65.24,High,,0.0,294439.88
AUC-258,Vehicles 7097,Vehicles,Car,Abu Dhabi,Auction,Closed,2025-09-26 00:00:00,2025-09-26 15:00:00,0.625,2025-11-08 12:00:00,186046.0,238632.05,234122.58,1.0193,57,19,743,0.282650796039689,52586.05,51.825,3.0,13.035087719298245,,Car,False,Friday,0.0,9.0,September,3.0,3.0,10.99,46.59,High,,0.0,238632.05
AUC-259,Vehicles 5595,Vehicles,Car,Fujairah,Auction,Closed,2025-09-29 07:00:00,2025-10-01 02:00:00,1.792,2025-11-08 12:00:00,15724.0,19133.6,18160.69,1.0536,14,7,140,0.2168404986008648,3409.6,12.25,2.0,10.0,,Car,False,Monday,7.0,9.0,September,3.0,2.0,7.74,44.64,Mid,,0.0,19133.6
AUC-260,Vehicles 3588,Vehicles,Car,Fujairah,Auction,Closed,2025-10-23 18:00:00,2025-10-24 06:00:00,0.611,2025-11-08 12:00:00,110848.0,174295.84,125138.94,1.3928,104,32,1303,0.5723859699769053,63447.84,92.575,3.25,12.528846153846152,,Car,False,Thursday,18.0,10.0,October,4.0,3.25,22.22,53.33,High,,0.0,174295.84
AUC-261,Vehicles 3744,Vehicles,Car,Ajman,Auction,Closed,2025-11-03 01:00:00,2025-11-04 09:00:00,1.333,2025-11-08 12:00:00,37651.0,77573.0,45086.3,1.7205,19,11,276,1.0603171230511803,39922.0,19.15,1.7272727272727273,14.526315789473683,,Car,False,Monday,1.0,11.0,November,4.0,1.7272727272727273,35.99,61.59,Mid,,0.0,77573.0
AUC-262,Vehicles 6793,Vehicles,Car,Umm Al Quwain,Auction,Closed,2025-10-10 00:00:00,2025-10-12 09:00:00,2.375,2025-11-08 12:00:00,123241.0,224144.87,146204.26,1.5331,17,13,203,0.8187524443975625,100903.87,16.825,1.3076923076923077,11.941176470588236,,Car,False,Friday,0.0,10.0,October,4.0,1.3076923076923077,27.99,56.79,High,,0.0,224144.87
AUC-263,Vehicles 2622,Vehicles,Car,Abu Dhabi,Auction,Closed,2025-11-04 09:00:00,2025-11-06 20:00:00,2.511,2025-11-08 12:00:00,94154.0,139627.94,118404.77,1.1792,82,31,1318,0.4829740637678696,45473.94,81.7,2.6451612903225805,16.073170731707318,,Car,False,Tuesday,9.0,11.0,November,4.0,2.6451612903225805,18.6,51.16,Mid,,0.0,139627.94
AUC-264,Vehicles 5630,Vehicles,Car,Ras Al Khaimah,Auction,Closed,2025-10-31 13:00:00,2025-11-03 09:00:00,2.833,2025-11-08 12:00:00,301143.29,543226.25,357567.43,1.5192,21,9,567,0.8038796414822992,242082.96,26.925,2.333333333333333,27.0,,Car,False,Friday,13.0,10.0,October,4.0,2.333333333333333,27.48,56.49,High,,0.0,543226.25
AUC-265,Vehicles 6521,Vehicles,Car,Ras Al Khaimah,BuyNow,Closed,2025-10-01 13:00:00,2025-10-02 14:00:00,1.042,2025-11-08 12:00:00,88484.18,185930.42,113221.51,1.6422,54,16,705,1.1012843199767464,97446.24,48.625,3.375,13.055555555555555,,Car,False,Wednesday,13.0,10.0,October,4.0,3.375,38.51,63.11,Mid,,0.0,185930.42
AUC-266,Vehicles 3159,Vehicles,Car,Ras Al Khaimah,Auction,Closed,2025-09-22 16:00:00,2025-09-25 12:00:00,2.914,2025-11-08 12:00:00,172747.0,218786.83,219919.8,0.9948,70,32,730,0.2665159452841438,46039.83,61.25,2.1875,10.428571428571429,,Car,False,Monday,16.0,9.0,September,3.0,2.1875,10.89,46.53,High,,0.0,218786.83
AUC-267,Vehicles 3055,Vehicles,Car,Fujairah,Auction,Closed,2025-10-25 10:00:00,2025-10-27 19:00:00,2.375,2025-11-08 12:00:00,103714.0,166534.1,127053.32,1.3107,17,11,460,0.6057051121352952,62820.1,22.75,1.5454545454545454,27.058823529411764,,Car,False,Saturday,10.0,10.0,October,4.0,1.5454545454545454,20.82,52.49,High,,0.0,166534.1
AUC-268,Vehicles 4187,Vehicles,Car,Dubai,Auction,Closed,2025-09-24 00:00:00,2025-09-25 03:00:00,1.125,2025-11-08 12:00:00,114341.0,168330.47,148112.82,1.1365,43,22,1087,0.4721794456931459,53989.47,54.175,1.9545454545454544,25.27906976744186,,Car,False,Wednesday,0.0,9.0,September,3.0,1.9545454545454544,17.16,10.3,High,,0.0,0.0
AUC-269,Vehicles 6329,Vehicles,Car,Sharjah,Auction,Closed,2025-09-10 13:00:00,2025-09-11 15:00:00,1.083,2025-11-08 12:00:00,137542.0,277883.32,167719.85,1.6568,4,2,67,1.0203524741533496,140341.32,4.175,2.0,16.75,,Car,False,Wednesday,13.0,9.0,September,3.0,2.0,34.13,20.48,High,,0.0,0.0
AUC-270,Vehicles 3289,Vehicles,Car,Ajman,Auction,Closed,2025-09-23 08:00:00,2025-09-23 19:00:00,0.542,2025-11-08 12:00:00,154392.0,245163.61,183560.28,1.3356,86,34,1647,0.5879294911653453,90771.61,92.675,2.5294117647058822,19.15116279069768,,Car,False,Tuesday,8.0,9.0,September,3.0,2.5294117647058822,22.34,53.4,High,,0.0,245163.61
AUC-271,Vehicles 4413,Vehicles,Car,Ras Al Khaimah,Auction,Closed,2025-09-18 15:00:00,2025-09-21 09:00:00,2.75,2025-11-08 12:00:00,110363.0,224866.61,142223.81,1.5811,27,15,724,1.037518099363011,114503.61,35.35,1.8,26.814814814814813,,Car,False,Thursday,15.0,9.0,September,3.0,1.8,35.49,21.29,High,,0.0,0.0
AUC-272,Vehicles 5890,Vehicles,Car,Ajman,Auction,Closed,2025-09-24 21:00:00,2025-09-25 14:00:00,0.708,2025-11-08 12:00:00,105571.0,161161.7,132252.61,1.2186,57,23,1366,0.5265716910894092,55590.7,68.4,2.4782608695652173,23.964912280701757,,Car,False,Wednesday,21.0,9.0,September,3.0,2.4782608695652173,19.5,51.7,High,,0.0,161161.7
AUC-273,Vehicles 2680,Vehicles,Car,Ajman,Auction,Closed,2025-10-24 14:00:00,2025-10-25 12:00:00,0.917,2025-11-08 12:00:00,96880.0,113279.25,111092.96,1.0197,59,18,675,0.1692738439306358,16399.25,50.875,3.2777777777777777,11.440677966101696,,Car,False,Friday,14.0,10.0,October,4.0,3.2777777777777777,7.8,44.68,Mid,,0.0,113279.25
AUC-274,Vehicles 6119,Vehicles,Car,Abu Dhabi,Auction,Closed,2025-10-15 22:00:00,2025-10-17 06:00:00,1.333,2025-11-08 12:00:00,198935.2,250203.92,245477.91,1.0193,33,15,341,0.2577156782711154,51268.72,28.775,2.2,10.333333333333334,,Car,False,Wednesday,22.0,10.0,October,4.0,2.2,9.78,5.87,High,,0.0,0.0
AUC-275,Vehicles 2242,Vehicles,Car,Fujairah,Auction,Closed,2025-09-11 13:00:00,2025-09-12 02:00:00,0.542,2025-11-08 12:00:00,77598.0,133933.89,93121.57,1.4383,38,14,1084,0.7259966751720407,56335.89,49.6,2.7142857142857144,28.526315789473685,,Car,False,Thursday,13.0,9.0,September,3.0,2.7142857142857144,25.38,55.23,Mid,,0.0,133933.89
AUC-276,Vehicles 2282,Vehicles,Car,Sharjah,Auction,Closed,2025-09-26 03:00:00,2025-09-28 13:00:00,2.417,2025-11-08 12:00:00,162112.0,211919.82,199644.31,1.0615,2,1,23,0.3072432639163048,49807.82,1.825,2.0,11.5,,Car,False,Friday,3.0,9.0,September,3.0,2.0,10.32,46.19,High,,0.0,211919.82
AUC-277,Vehicles 3131,Vehicles,Car,Dubai,Auction,Closed,2025-09-18 16:00:00,2025-09-20 19:00:00,2.125,2025-11-08 12:00:00,35617.0,60379.93,43999.03,1.3723,30,10,304,0.6952559171182301,24762.93,25.1,3.0,10.133333333333333,,Car,False,Thursday,16.0,9.0,September,3.0,3.0,24.23,54.54,Mid,,0.0,60379.93
AUC-278,Vehicles 3578,Vehicles,Car,Ras Al Khaimah,Auction,Closed,2025-09-09 06:00:00,2025-09-09 20:00:00,0.583,2025-11-08 12:00:00,133615.0,238585.42,162627.37,1.4671,24,13,298,0.7856185308535719,104970.42,22.7,1.8461538461538465,12.416666666666666,,Car,False,Tuesday,6.0,9.0,September,3.0,1.8461538461538465,26.88,56.13,High,,0.0,238585.42
AUC-279,Vehicles 1268,Vehicles,Car,Abu Dhabi,Auction,Closed,2025-10-24 04:00:00,2025-10-24 19:00:00,0.625,2025-11-08 12:00:00,59644.0,109988.91,72671.67,1.5135,33,13,930,0.8440901012675207,50344.91,43.0,2.5384615384615383,28.181818181818183,,Car,False,Friday,4.0,10.0,October,4.0,2.5384615384615383,29.07,17.44,Mid,,0.0,0.0
AUC-280,Vehicles 9653,Vehicles,Car,Dubai,BuyNow,Closed,2025-10-19 00:00:00,2025-10-19 05:00:00,0.208,2025-11-08 12:00:00,42960.57,69289.8,54962.54,1.2607,19,10,398,0.6128696616455509,26329.23,21.95,1.9,20.94736842105263,,Car,False,Sunday,0.0,10.0,October,4.0,1.9,21.01,52.61,Mid,,0.0,69289.8
AUC-281,Vehicles 3772,Vehicles,Car,Dubai,Auction,Closed,2025-09-27 09:00:00,2025-09-30 05:00:00,2.833,2025-11-08 12:00:00,65847.0,76173.99,73914.07,1.0306,30,22,331,0.1568331131258828,10326.99,28.775,1.3636363636363635,11.033333333333331,,Car,False,Saturday,9.0,9.0,September,3.0,1.3636363636363635,6.15,43.69,Mid,,0.0,76173.99
AUC-282,Vehicles 8240,Vehicles,Car,Ajman,Auction,Closed,2025-11-04 04:00:00,2025-11-05 13:00:00,1.375,2025-11-08 12:00:00,176438.0,332612.19,218997.88,1.5188,56,29,1225,0.8851505344653646,156174.19,65.875,1.9310344827586208,21.875,,Car,False,Tuesday,4.0,11.0,November,4.0,1.9310344827586208,31.38,58.83,High,,0.0,332612.19
AUC-283,Vehicles 9116,Vehicles,Car,Dubai,Auction,Closed,2025-10-01 20:00:00,2025-10-03 20:00:00,2.0,2025-11-08 12:00:00,106925.0,188549.33,129214.55,1.4592,52,31,653,0.7633792845452418,81624.33,50.075,1.6774193548387095,12.557692307692308,,Car,False,Wednesday,20.0,10.0,October,4.0,1.6774193548387095,27.14,56.28,High,,0.0,188549.33
AUC-284,Vehicles 8204,Vehicles,Car,Fujairah,Auction,Closed,2025-09-19 07:00:00,2025-09-19 21:00:00,0.691,2025-11-08 12:00:00,173250.0,370362.99,190589.03,1.9433,111,34,1305,1.137737316017316,197112.99,96.625,3.264705882352941,11.756756756756756,,Car,False,Friday,7.0,9.0,September,3.0,3.264705882352941,42.04,65.22,High,,0.0,370362.99
AUC-285,Vehicles 8481,Vehicles,Car,Ajman,Auction,Closed,2025-09-30 22:00:00,2025-10-01 17:00:00,0.792,2025-11-08 12:00:00,94067.0,109777.07,116673.8,0.9409,42,23,425,0.1670093656648985,15710.07,37.375,1.826086956521739,10.11904761904762,,Car,False,Tuesday,22.0,9.0,September,3.0,1.826086956521739,6.98,4.19,Mid,,0.0,0.0
AUC-286,Vehicles 1900,Vehicles,Car,Sharjah,Auction,Closed,2025-10-19 01:00:00,2025-10-20 17:00:00,1.667,2025-11-08 12:00:00,126552.0,249326.2,150178.62,1.6602,48,14,704,0.9701482394588786,122774.2,45.1,3.4285714285714284,14.666666666666666,,Car,False,Sunday,1.0,10.0,October,4.0,3.4285714285714284,33.71,60.23,High,,0.0,249326.2
AUC-287,Vehicles 4347,Vehicles,Car,Dubai,Auction,Closed,2025-09-24 14:00:00,2025-09-25 08:00:00,0.75,2025-11-08 12:00:00,176960.0,271226.48,221607.72,1.2239,51,22,599,0.5326993670886075,94266.48,45.975,2.3181818181818183,11.745098039215684,,Car,False,Wednesday,14.0,9.0,September,3.0,2.3181818181818183,19.7,11.82,High,,0.0,0.0
AUC-288,Vehicles 7714,Vehicles,Car,Ajman,Auction,Closed,2025-10-27 18:00:00,2025-10-29 15:00:00,1.875,2025-11-08 12:00:00,223278.45,471134.64,273029.74,1.7256,9,5,165,1.110076633011381,247856.19,9.875,1.8,18.33333333333333,,Car,False,Monday,18.0,10.0,October,4.0,1.8,37.31,62.39,High,,0.0,471134.64
AUC-289,Vehicles 6181,Vehicles,Car,Abu Dhabi,BuyNow,Closed,2025-09-11 19:00:00,2025-09-14 13:00:00,2.75,2025-11-08 12:00:00,37350.0,49255.7,44941.84,1.096,59,28,981,0.3187603748326639,11905.7,61.025,2.107142857142857,16.627118644067796,,Car,False,Thursday,19.0,9.0,September,3.0,2.107142857142857,12.31,47.39,Mid,,0.0,49255.7
AUC-290,Vehicles 1050,Vehicles,Car,Ras Al Khaimah,BuyNow,Closed,2025-10-30 15:00:00,2025-10-31 15:00:00,1.0,2025-11-08 12:00:00,147701.0,240573.84,170603.31,1.4101,31,19,751,0.628789513950481,92872.84,39.025,1.631578947368421,24.225806451612904,,Car,False,Thursday,15.0,10.0,October,4.0,1.631578947368421,21.88,53.13,High,,0.0,240573.84
AUC-291,Vehicles 6105,Vehicles,Car,Sharjah,Auction,Closed,2025-09-14 21:00:00,2025-09-16 18:00:00,1.875,2025-11-08 12:00:00,175830.0,277986.32,221717.98,1.2538,19,6,411,0.5809948245464369,102156.32,21.275,3.1666666666666665,21.63157894736842,,Car,False,Sunday,21.0,9.0,September,3.0,3.1666666666666665,20.01,52.01,High,,0.0,277986.32
AUC-292,Vehicles 8239,Vehicles,Car,Ajman,Auction,Closed,2025-10-06 06:00:00,2025-10-09 00:00:00,2.75,2025-11-08 12:00:00,156994.0,203667.52,194721.65,1.0459,22,15,283,0.2972949284686038,46673.52,21.825,1.4666666666666666,12.863636363636363,,Car,False,Monday,6.0,10.0,October,4.0,1.4666666666666666,10.68,6.41,High,,0.0,0.0
AUC-293,Vehicles 8457,Vehicles,Car,Dubai,Auction,Closed,2025-10-10 20:00:00,2025-10-13 12:00:00,2.667,2025-11-08 12:00:00,126946.0,195830.24,144955.99,1.351,35,11,986,0.5426263135506435,68884.24,44.9,3.1818181818181817,28.17142857142857,,Car,False,Friday,20.0,10.0,October,4.0,3.1818181818181817,19.25,51.55,High,,0.0,195830.24
AUC-294,Vehicles 4454,Vehicles,Car,Dubai,BuyNow,Closed,2025-10-08 03:00:00,2025-10-08 07:00:00,0.167,2025-11-08 12:00:00,98640.0,130598.91,113581.57,1.1498,16,12,170,0.3239954379562044,31958.91,15.25,1.3333333333333333,10.625,,Car,False,Wednesday,3.0,10.0,October,4.0,1.3333333333333333,11.43,46.86,Mid,,0.0,130598.91
AUC-295,Vehicles 3126,Vehicles,Car,Abu Dhabi,BuyNow,Closed,2025-10-26 00:00:00,2025-10-26 11:00:00,0.458,2025-11-08 12:00:00,293723.84,644236.59,334550.55,1.9257,4,2,98,1.1933411669955014,350512.75,4.95,2.0,24.5,,Car,False,Sunday,0.0,10.0,October,4.0,2.0,39.92,23.95,High,,0.0,0.0
AUC-296,Vehicles 3785,Vehicles,Car,Dubai,Auction,Closed,2025-10-08 12:00:00,2025-10-11 11:00:00,2.958,2025-11-08 12:00:00,66403.92,82845.02,80685.09,1.0268,2,1,22,0.2475923108153856,16441.1,1.8,2.0,11.0,,Car,False,Wednesday,12.0,10.0,October,4.0,2.0,8.33,45.0,Mid,,0.0,82845.02
AUC-297,Vehicles 3667,Vehicles,Car,Fujairah,Auction,Closed,2025-09-14 21:00:00,2025-09-17 15:00:00,2.75,2025-11-08 12:00:00,25347.46,55459.58,29137.18,1.9034,33,12,379,1.1879738640479165,30112.12,28.975,2.75,11.484848484848484,,Car,False,Sunday,21.0,9.0,September,3.0,2.75,40.76,64.46,Mid,,0.0,55459.58
AUC-298,Vehicles 4118,Vehicles,Car,Ras Al Khaimah,Auction,Closed,2025-09-19 04:00:00,2025-09-20 05:00:00,1.042,2025-11-08 12:00:00,51850.0,109588.9,62226.89,1.7611,26,11,463,1.1135756991321115,57738.9,27.325,2.363636363636364,17.807692307692307,,Car,False,Friday,4.0,9.0,September,3.0,2.363636363636364,38.02,62.81,Mid,,0.0,109588.9
AUC-299,Vehicles 3715,Vehicles,Car,Ras Al Khaimah,BuyNow,Closed,2025-10-27 09:00:00,2025-10-29 00:00:00,1.747,2025-11-08 12:00:00,180201.0,233423.78,223372.5,1.045,114,34,1549,0.2953523010416146,53222.78,104.225,3.3529411764705883,13.587719298245617,,Car,False,Monday,9.0,10.0,October,4.0,3.3529411764705883,13.01,7.81,High,,0.0,0.0
AUC-300,Vehicles 5114,Vehicles,Car,Abu Dhabi,Auction,Closed,2025-09-26 18:00:00,2025-09-28 12:00:00,1.75,2025-11-08 12:00:00,48202.0,63629.32,62624.82,1.016,18,9,230,0.3200555993527239,15427.32,17.0,2.0,12.77777777777778,,Car,False,Friday,18.0,9.0,September,3.0,2.0,11.27,46.76,Mid,,0.0,63629.32
AUC-301,Vehicles 1367,Vehicles,Car,Fujairah,Auction,Closed,2025-09-15 01:00:00,2025-09-17 02:00:00,2.042,2025-11-08 12:00:00,112125.0,233706.44,137768.24,1.6964,16,12,180,1.0843383723522857,121581.44,15.5,1.3333333333333333,11.25,,Car,False,Monday,1.0,9.0,September,3.0,1.3333333333333333,36.7,62.02,High,,0.0,233706.44
AUC-302,Vehicles 3476,Vehicles,Car,Ajman,Auction,Closed,2025-09-17 04:00:00,2025-09-19 11:00:00,2.401,2025-11-08 12:00:00,152710.0,187383.23,193937.97,0.9662,94,32,1252,0.2270527797786655,34673.23,86.3,2.9375,13.319148936170214,,Car,False,Wednesday,4.0,9.0,September,3.0,2.9375,10.63,46.38,High,,0.0,187383.23
AUC-303,Vehicles 3831,Vehicles,Car,Dubai,Auction,Closed,2025-10-11 21:00:00,2025-10-13 02:00:00,1.267,2025-11-08 12:00:00,44701.0,47561.28,56213.28,0.8461,76,30,2142,0.063986935415315,2860.28,99.05,2.533333333333333,28.18421052631579,,Car,False,Saturday,21.0,10.0,October,4.0,2.533333333333333,4.52,42.71,Mid,,0.0,47561.28
AUC-304,Vehicles 2379,Vehicles,Car,Dubai,Auction,Closed,2025-11-02 04:00:00,2025-11-04 20:00:00,2.667,2025-11-08 12:00:00,132651.0,168231.62,156645.18,1.074,6,2,119,0.2682273032242501,35580.62,6.475,3.0,19.83333333333333,,Car,False,Sunday,4.0,11.0,November,4.0,3.0,9.14,45.48,High,,0.0,168231.62
AUC-305,Vehicles 8900,Vehicles,Car,Ajman,Auction,Closed,2025-09-12 16:00:00,2025-09-13 00:00:00,0.333,2025-11-08 12:00:00,48889.74,100121.42,57726.28,1.7344,7,3,210,1.0479024842431153,51231.68,9.5,2.333333333333333,30.0,,Car,False,Friday,16.0,9.0,September,3.0,2.333333333333333,35.15,61.09,Mid,,0.0,100121.42
AUC-306,Vehicles 7078,Vehicles,Car,Sharjah,Auction,Closed,2025-10-14 15:00:00,2025-10-14 21:00:00,0.25,2025-11-08 12:00:00,65891.0,88468.8,78384.56,1.1287,12,4,309,0.3426537766918092,22577.8,14.725,3.0,25.75,,Car,False,Tuesday,15.0,10.0,October,4.0,3.0,11.81,47.09,Mid,,0.0,88468.8
AUC-307,Vehicles 9206,Vehicles,Car,Dubai,Auction,Closed,2025-10-14 07:00:00,2025-10-17 04:00:00,2.875,2025-11-08 12:00:00,157759.0,307747.79,192815.01,1.5961,25,16,497,0.9507463282601942,149988.79,28.925,1.5625,19.88,,Car,False,Tuesday,7.0,10.0,October,4.0,1.5625,32.53,59.52,High,,0.0,307747.79
AUC-308,Vehicles 6053,Vehicles,Car,Ras Al Khaimah,Auction,Closed,2025-09-22 06:00:00,2025-09-22 22:00:00,0.749,2025-11-08 12:00:00,12398.0,24075.04,15134.83,1.5907,70,20,778,0.941848685271818,11677.04,59.45,3.5,11.114285714285714,,Car,False,Monday,6.0,9.0,September,3.0,3.5,33.92,60.35,Mid,,0.0,24075.04
AUC-309,Vehicles 1986,Vehicles,Car,Fujairah,Auction,Closed,2025-10-20 04:00:00,2025-10-23 03:00:00,2.958,2025-11-08 12:00:00,89055.0,126588.01,98900.28,1.28,19,12,525,0.4214587614395597,37533.01,25.625,1.5833333333333333,27.63157894736842,,Car,False,Monday,4.0,10.0,October,4.0,1.5833333333333333,14.68,48.81,Mid,,0.0,126588.01
AUC-310,Vehicles 9140,Vehicles,Car,Ajman,BuyNow,Closed,2025-09-17 01:00:00,2025-09-18 00:00:00,0.958,2025-11-08 12:00:00,68212.0,101557.58,75924.98,1.3376,3,1,79,0.4888521081334663,33345.58,3.725,3.0,26.33333333333333,,Car,False,Wednesday,1.0,9.0,September,3.0,3.0,16.4,49.84,Mid,,0.0,101557.58
AUC-311,Vehicles 5122,Vehicles,Car,Ras Al Khaimah,Auction,Closed,2025-11-01 12:00:00,2025-11-02 16:00:00,1.167,2025-11-08 12:00:00,116413.0,147358.74,130389.4,1.1301,12,7,329,0.2658271842491817,30945.74,15.975,1.7142857142857142,27.416666666666668,,Car,False,Saturday,12.0,11.0,November,4.0,1.7142857142857142,9.29,45.57,High,,0.0,147358.74
AUC-312,Vehicles 7159,Vehicles,Car,Ras Al Khaimah,Auction,Closed,2025-09-24 01:00:00,2025-09-24 06:00:00,0.269,2025-11-08 12:00:00,56144.0,107429.04,63652.46,1.6877,63,21,874,0.913455400398974,51285.04,58.6,3.0,13.873015873015872,,Car,False,Wednesday,1.0,9.0,September,3.0,3.0,32.39,59.43,Mid,,0.0,107429.04
AUC-313,Vehicles 4431,Vehicles,Car,Ras Al Khaimah,Auction,Closed,2025-09-07 18:00:00,2025-09-10 14:00:00,2.833,2025-11-08 12:00:00,120441.0,230773.77,153630.5,1.5021,41,13,421,0.916073181059606,110332.77,34.275,3.1538461538461537,10.268292682926829,,Car,False,Sunday,18.0,9.0,September,3.0,3.1538461538461537,31.99,19.19,High,,0.0,0.0
AUC-314,Vehicles 5448,Vehicles,Car,Abu Dhabi,Auction,Closed,2025-09-07 23:00:00,2025-09-09 03:00:00,1.167,2025-11-08 12:00:00,121666.0,200325.32,153288.53,1.3069,16,5,182,0.646518501471241,78659.32,13.8,3.2,11.375,,Car,False,Sunday,23.0,9.0,September,3.0,3.2,22.14,53.28,High,,0.0,200325.32
AUC-315,Vehicles 5403,Vehicles,Car,Ras Al Khaimah,Auction,Closed,2025-09-12 02:00:00,2025-09-12 17:00:00,0.625,2025-11-08 12:00:00,76407.0,147339.09,92658.7,1.5901,53,23,842,0.9283454395539676,70932.09,53.3,2.3043478260869565,15.88679245283019,,Car,False,Friday,2.0,9.0,September,3.0,2.3043478260869565,32.84,19.7,Mid,,0.0,0.0
AUC-316,Vehicles 3562,Vehicles,Car,Ajman,Auction,Closed,2025-09-14 11:00:00,2025-09-15 23:00:00,1.5,2025-11-08 12:00:00,43557.0,49335.78,48637.08,1.0144,46,21,531,0.1326716716027274,5778.78,41.525,2.1904761904761907,11.543478260869565,,Car,False,Sunday,11.0,9.0,September,3.0,2.1904761904761907,6.17,3.7,Mid,,0.0,0.0
AUC-317,Vehicles 5991,Vehicles,Car,Fujairah,Auction,Closed,2025-10-21 17:00:00,2025-10-22 07:00:00,0.583,2025-11-08 12:00:00,18463.0,27374.28,23189.94,1.1804,53,17,775,0.4826561230569246,8911.28,50.125,3.117647058823529,14.62264150943396,,Car,False,Tuesday,17.0,10.0,October,4.0,3.117647058823529,17.75,50.65,Mid,,0.0,27374.28
AUC-318,Vehicles 7602,Vehicles,Car,Ras Al Khaimah,Auction,Closed,2025-09-08 15:00:00,2025-09-11 00:00:00,2.512,2025-11-08 12:00:00,8801.0,13032.9,9965.44,1.3078,81,32,909,0.480843086012953,4231.9,71.225,2.53125,11.22222222222222,,Car,False,Monday,15.0,9.0,September,3.0,2.53125,19.03,11.42,Low,,0.0,0.0
AUC-319,Vehicles 1182,Vehicles,Car,Abu Dhabi,Auction,Closed,2025-09-12 15:00:00,2025-09-12 23:00:00,0.471,2025-11-08 12:00:00,50906.0,58939.78,60907.41,0.9677,76,29,827,0.1578159745413114,8033.78,65.925,2.6206896551724137,10.88157894736842,,Car,False,Friday,15.0,9.0,September,3.0,2.6206896551724137,8.04,44.82,Mid,,0.0,58939.78
AUC-320,Vehicles 2178,Vehicles,Car,Ajman,Auction,Closed,2025-10-04 22:00:00,2025-10-06 11:00:00,1.542,2025-11-08 12:00:00,146187.0,266426.04,182209.83,1.4622,3,2,30,0.8225015904286973,120239.04,2.75,1.5,10.0,,Car,False,Saturday,22.0,10.0,October,4.0,1.5,27.53,56.52,High,,0.0,266426.04
AUC-321,Vehicles 8579,Vehicles,Car,Dubai,Auction,Closed,2025-10-12 17:00:00,2025-10-13 23:00:00,1.385,2025-11-08 12:00:00,121665.0,238538.42,154215.96,1.5468,69,31,726,0.9606166111864548,116873.42,60.4,2.225806451612903,10.521739130434783,,Car,False,Sunday,17.0,10.0,October,4.0,2.225806451612903,34.55,60.73,High,,0.0,238538.42
AUC-322,Vehicles 6126,Vehicles,Car,Abu Dhabi,Auction,Closed,2025-11-01 03:00:00,2025-11-01 09:00:00,0.25,2025-11-08 12:00:00,92977.72,197593.22,115082.75,1.717,4,2,104,1.1251674056967629,104615.5,5.1,2.0,26.0,,Car,False,Saturday,3.0,11.0,November,4.0,2.0,37.65,62.59,Mid,,0.0,197593.22
AUC-323,Vehicles 9762,Vehicles,Car,Sharjah,Auction,Closed,2025-10-03 00:00:00,2025-10-03 07:00:00,0.292,2025-11-08 12:00:00,132900.0,250553.95,170909.27,1.466,46,17,527,0.8852817908201657,117653.95,40.425,2.7058823529411766,11.456521739130435,,Car,False,Friday,0.0,10.0,October,4.0,2.7058823529411766,31.01,58.61,High,,0.0,250553.95
AUC-324,Vehicles 6441,Vehicles,Car,Fujairah,Auction,Closed,2025-09-24 10:00:00,2025-09-26 01:00:00,1.625,2025-11-08 12:00:00,111399.0,143468.32,140833.33,1.0187,51,31,1062,0.2878779881327481,32069.32,59.8,1.6451612903225807,20.823529411764707,,Car,False,Wednesday,10.0,9.0,September,3.0,1.6451612903225807,11.38,46.83,High,,0.0,143468.32
AUC-325,Vehicles 6879,Vehicles,Car,Ras Al Khaimah,Auction,Closed,2025-10-13 04:00:00,2025-10-14 10:00:00,1.386,2025-11-08 12:00:00,109314.0,196363.06,132641.06,1.4804,73,34,2124,0.7963212397314159,87049.06,98.1,2.147058823529412,29.095890410958905,,Car,False,Monday,4.0,10.0,October,4.0,2.147058823529412,28.9,57.34,High,,0.0,196363.06
AUC-326,Vehicles 9090,Vehicles,Car,Sharjah,Auction,Closed,2025-10-13 11:00:00,2025-10-13 23:00:00,0.5,2025-11-08 12:00:00,126296.0,231857.92,155204.96,1.4939,3,1,52,0.8358294799518592,105561.92,3.05,3.0,17.333333333333332,,Car,False,Monday,11.0,10.0,October,4.0,3.0,27.96,56.78,High,,0.0,231857.92
AUC-327,Vehicles 6943,Vehicles,Car,Sharjah,BuyNow,Closed,2025-10-03 17:00:00,2025-10-04 06:00:00,0.542,2025-11-08 12:00:00,121610.0,236931.97,137561.76,1.7224,7,3,111,0.9482934791546748,115321.97,7.025,2.333333333333333,15.857142857142858,,Car,False,Friday,17.0,10.0,October,4.0,2.333333333333333,31.83,59.1,High,,0.0,236931.97
AUC-328,Vehicles 3966,Vehicles,Car,Ajman,Auction,Closed,2025-11-03 04:00:00,2025-11-05 14:00:00,2.417,2025-11-08 12:00:00,147916.0,316749.55,168630.35,1.8784,29,9,775,1.1414150598988615,168833.55,36.125,3.2222222222222223,26.724137931034484,,Car,False,Monday,4.0,11.0,November,4.0,3.2222222222222223,39.05,23.43,High,,0.0,0.0
AUC-329,Vehicles 5751,Vehicles,Car,Ras Al Khaimah,Auction,Closed,2025-09-08 10:00:00,2025-09-10 15:00:00,2.208,2025-11-08 12:00:00,183689.0,325995.32,234845.64,1.3881,17,10,498,0.7747133470158801,142306.32,23.45,1.7,29.294117647058822,,Car,False,Monday,10.0,9.0,September,3.0,1.7,26.41,55.85,High,,0.0,325995.32
AUC-330,Vehicles 3120,Vehicles,Car,Ras Al Khaimah,Auction,Closed,2025-10-19 01:00:00,2025-10-20 22:00:00,1.875,2025-11-08 12:00:00,187407.0,393205.33,232531.3,1.691,22,10,479,1.098135768674596,205798.33,25.475,2.2,21.772727272727277,,Car,False,Sunday,1.0,10.0,October,4.0,2.2,37.3,62.38,High,,0.0,393205.33
AUC-331,Vehicles 4008,Vehicles,Car,Abu Dhabi,Auction,Closed,2025-10-27 03:00:00,2025-10-29 15:00:00,2.5,2025-11-08 12:00:00,193463.0,203717.8,249818.48,0.8155,35,15,933,0.0530065180422095,10254.8,44.575,2.333333333333333,26.65714285714286,,Car,False,Monday,3.0,10.0,October,4.0,2.333333333333333,2.78,41.67,High,,0.0,203717.8
AUC-332,Vehicles 7121,Vehicles,Car,Abu Dhabi,BuyNow,Closed,2025-11-06 17:00:00,2025-11-07 01:00:00,0.333,2025-11-08 12:00:00,177917.0,223328.5,228308.16,0.9782,23,11,523,0.2552398028294092,45411.5,27.325,2.090909090909091,22.73913043478261,,Car,False,Thursday,17.0,11.0,November,4.0,2.090909090909091,9.21,45.53,High,,0.0,223328.5
AUC-333,Vehicles 2340,Vehicles,Car,Umm Al Quwain,Auction,Closed,2025-09-14 17:00:00,2025-09-16 19:00:00,2.083,2025-11-08 12:00:00,130422.0,181217.66,161194.49,1.1242,55,20,1453,0.3894715615463649,50795.66,68.825,2.75,26.418181818181814,,Car,False,Sunday,17.0,9.0,September,3.0,2.75,14.85,8.91,High,,0.0,0.0
AUC-334,Vehicles 7047,Vehicles,Car,Sharjah,BuyNow,Closed,2025-09-14 18:00:00,2025-09-17 01:00:00,2.292,2025-11-08 12:00:00,88221.0,141647.56,112849.7,1.2552,46,30,841,0.6055991203908366,53426.56,51.525,1.5333333333333334,18.282608695652176,,Car,False,Sunday,18.0,9.0,September,3.0,1.5333333333333334,21.72,53.03,Mid,,0.0,141647.56
AUC-335,Vehicles 6255,Vehicles,Car,Abu Dhabi,Auction,Closed,2025-11-01 19:00:00,2025-11-02 12:00:00,0.708,2025-11-08 12:00:00,65120.0,69189.75,82511.71,0.8385,45,19,491,0.0624961609336609,4069.75,39.525,2.3684210526315788,10.911111111111111,,Car,False,Saturday,19.0,11.0,November,4.0,2.3684210526315788,3.33,42.0,Mid,,0.0,69189.75
AUC-336,Vehicles 3775,Vehicles,Car,Dubai,Auction,Closed,2025-10-27 19:00:00,2025-10-29 11:00:00,1.667,2025-11-08 12:00:00,196193.0,212572.98,231412.43,0.9186,18,12,473,0.0834891153099244,16379.98,23.825,1.5,26.27777777777778,,Car,False,Monday,19.0,10.0,October,4.0,1.5,3.38,42.03,High,,0.0,212572.98
AUC-337,Vehicles 1404,Vehicles,Car,Sharjah,BuyNow,Closed,2025-10-10 03:00:00,2025-10-12 11:00:00,2.333,2025-11-08 12:00:00,53272.0,95790.64,60484.81,1.5837,53,20,779,0.798142363718276,42518.64,50.975,2.65,14.69811320754717,,Car,False,Friday,3.0,10.0,October,4.0,2.65,28.25,56.95,Mid,,0.0,95790.64
AUC-338,Vehicles 7340,Vehicles,Car,Sharjah,Auction,Closed,2025-10-25 05:00:00,2025-10-27 02:00:00,1.948,2025-11-08 12:00:00,51151.0,112402.12,65660.51,1.7119,68,22,989,1.1974569412132705,61251.12,64.225,3.090909090909091,14.544117647058824,,Car,False,Saturday,5.0,10.0,October,4.0,3.090909090909091,41.9,65.14,Mid,,0.0,112402.12
AUC-339,Vehicles 8419,Vehicles,Car,Ajman,Auction,Closed,2025-09-23 00:00:00,2025-09-23 20:00:00,0.833,2025-11-08 12:00:00,178743.0,279883.02,226934.4,1.2333,39,31,620,0.5658404524932446,101140.02,42.75,1.2580645161290325,15.897435897435898,,Car,False,Tuesday,0.0,9.0,September,3.0,1.2580645161290325,20.17,12.1,High,,0.0,0.0
AUC-340,Vehicles 7569,Vehicles,Car,Abu Dhabi,Auction,Closed,2025-11-01 14:00:00,2025-11-03 15:00:00,2.099,2025-11-08 12:00:00,19234.0,39065.58,22798.47,1.7135,74,33,1722,1.0310689404180098,19831.58,88.3,2.242424242424242,23.27027027027027,,Car,False,Saturday,14.0,11.0,November,4.0,2.242424242424242,36.98,62.19,Mid,,0.0,39065.58
AUC-341,Vehicles 4787,Vehicles,Car,Fujairah,BuyNow,Closed,2025-10-03 21:00:00,2025-10-06 04:00:00,2.292,2025-11-08 12:00:00,67020.3,145459.17,84771.14,1.7159,23,10,654,1.1703747968898977,78438.87,30.35,2.3,28.43478260869565,,Car,False,Friday,21.0,10.0,October,4.0,2.3,39.83,23.9,Mid,,0.0,0.0
AUC-342,Vehicles 6881,Vehicles,Car,Umm Al Quwain,Auction,Closed,2025-10-15 12:00:00,2025-10-15 16:00:00,0.296,2025-11-08 12:00:00,194347.0,316693.27,234229.8,1.3521,91,32,1058,0.6295248704636554,122346.27,79.95,2.84375,11.626373626373626,,Car,False,Wednesday,12.0,10.0,October,4.0,2.84375,24.37,54.62,High,,0.0,316693.27
AUC-343,Vehicles 4732,Vehicles,Car,Ajman,Auction,Closed,2025-10-09 13:00:00,2025-10-11 07:00:00,1.75,2025-11-08 12:00:00,145248.0,168654.44,183862.79,0.9173,38,28,890,0.1611481053095395,23406.44,48.25,1.3571428571428572,23.42105263157895,,Car,False,Thursday,13.0,10.0,October,4.0,1.3571428571428572,6.56,43.94,High,,0.0,168654.44
AUC-344,Vehicles 4223,Vehicles,Car,Abu Dhabi,BuyNow,Closed,2025-10-11 21:00:00,2025-10-13 11:00:00,1.583,2025-11-08 12:00:00,160368.0,268810.77,199562.33,1.347,11,5,328,0.6762120248428616,108442.77,14.95,2.2,29.818181818181817,,Car,False,Saturday,21.0,10.0,October,4.0,2.2,22.88,53.73,High,,0.0,268810.77
AUC-345,Vehicles 3944,Vehicles,Car,Ajman,Auction,Closed,2025-10-28 01:00:00,2025-10-29 05:00:00,1.167,2025-11-08 12:00:00,11493.0,17537.49,13356.82,1.313,57,19,1543,0.5259279561472202,6044.49,71.825,3.0,27.07017543859649,,Car,False,Tuesday,1.0,10.0,October,4.0,3.0,19.1,51.46,Mid,,0.0,17537.49
AUC-346,Vehicles 2897,Vehicles,Car,Umm Al Quwain,Auction,Closed,2025-10-24 21:00:00,2025-10-25 04:00:00,0.292,2025-11-08 12:00:00,158782.0,284005.63,181036.67,1.5688,15,6,430,0.788651295486894,125223.63,19.75,2.5,28.666666666666668,,Car,False,Friday,21.0,10.0,October,4.0,2.5,26.8,56.08,High,,0.0,284005.63
AUC-347,Vehicles 9723,Vehicles,Car,Sharjah,Auction,Closed,2025-11-03 13:00:00,2025-11-03 22:00:00,0.375,2025-11-08 12:00:00,169791.0,262612.48,210252.99,1.249,50,17,1303,0.5466808016914912,92821.48,61.825,2.9411764705882355,26.06,,Car,False,Monday,13.0,11.0,November,4.0,2.9411764705882355,19.57,11.74,High,,0.0,0.0
AUC-348,Vehicles 6995,Vehicles,Car,Abu Dhabi,Auction,Closed,2025-10-30 00:00:00,2025-11-01 07:00:00,2.292,2025-11-08 12:00:00,161549.0,258879.94,203866.12,1.2699,4,2,74,0.6024855616562158,97330.94,4.35,2.0,18.5,,Car,False,Thursday,0.0,10.0,October,4.0,2.0,20.2,52.12,High,,0.0,258879.94
AUC-349,Vehicles 2574,Vehicles,Car,Ajman,BuyNow,Closed,2025-09-08 00:00:00,2025-09-10 12:00:00,2.5,2025-11-08 12:00:00,51393.0,63595.93,63452.35,1.0023,36,11,741,0.2374434261475298,12202.93,39.275,3.272727272727273,20.58333333333333,,Car,False,Monday,0.0,9.0,September,3.0,3.272727272727273,9.1,45.46,Mid,,0.0,63595.93
AUC-350,Vehicles 8784,Vehicles,Car,Sharjah,Auction,Closed,2025-10-20 16:00:00,2025-10-22 00:00:00,1.333,2025-11-08 12:00:00,73321.0,128061.61,90352.8,1.4174,28,20,813,0.7465884262353214,54740.61,39.325,1.4,29.035714285714285,,Car,False,Monday,16.0,10.0,October,4.0,1.4,25.83,55.5,Mid,,0.0,128061.61
AUC-351,Vehicles 2361,Vehicles,Car,Sharjah,Auction,Closed,2025-10-17 10:00:00,2025-10-20 05:00:00,2.792,2025-11-08 12:00:00,136066.0,269625.95,171242.88,1.5745,16,11,318,0.9815820998633016,133559.95,18.7,1.4545454545454546,19.875,,Car,False,Friday,10.0,10.0,October,4.0,1.4545454545454546,33.29,59.97,High,,0.0,269625.95
AUC-352,Vehicles 6342,Vehicles,Car,Sharjah,Auction,Closed,2025-10-28 07:00:00,2025-10-31 02:00:00,2.792,2025-11-08 12:00:00,176049.0,241265.61,220520.56,1.0941,2,1,56,0.3704457849803179,65216.61,2.65,2.0,28.0,,Car,False,Tuesday,7.0,10.0,October,4.0,2.0,12.42,47.45,High,,0.0,241265.61
AUC-353,Vehicles 2489,Vehicles,Car,Sharjah,Auction,Closed,2025-09-20 21:00:00,2025-09-22 22:00:00,2.042,2025-11-08 12:00:00,143179.7,264115.96,171590.68,1.5392,32,14,338,0.8446466922336058,120936.26,27.95,2.2857142857142856,10.5625,,Car,False,Saturday,21.0,9.0,September,3.0,2.2857142857142856,29.33,57.6,High,,0.0,264115.96
AUC-354,Vehicles 4250,Vehicles,Car,Fujairah,BuyNow,Closed,2025-09-11 01:00:00,2025-09-12 20:00:00,1.792,2025-11-08 12:00:00,88334.0,146395.7,104351.36,1.4029,51,19,1248,0.6572973034165781,58061.7,61.45,2.6842105263157894,24.47058823529412,,Car,False,Thursday,1.0,9.0,September,3.0,2.6842105263157894,23.5,14.1,Mid,,0.0,0.0
AUC-355,Vehicles 6926,Vehicles,Car,Ajman,Auction,Closed,2025-09-18 05:00:00,2025-09-21 02:00:00,2.875,2025-11-08 12:00:00,143688.0,295620.16,180856.0,1.6346,45,26,723,1.057375424530928,151932.16,47.075,1.7307692307692308,16.066666666666666,,Car,False,Thursday,5.0,9.0,September,3.0,1.7307692307692308,36.67,62.0,High,,0.0,295620.16
AUC-356,Vehicles 9991,Vehicles,Car,Ajman,Auction,Closed,2025-09-30 02:00:00,2025-10-01 23:00:00,1.875,2025-11-08 12:00:00,38416.0,58082.91,46501.89,1.249,9,5,239,0.5119458038317368,19666.91,11.725,1.8,26.55555555555556,,Car,False,Tuesday,2.0,9.0,September,3.0,1.8,17.37,10.42,Mid,,0.0,0.0
AUC-357,Vehicles 9926,Vehicles,Car,Umm Al Quwain,Auction,Closed,2025-09-17 05:00:00,2025-09-20 00:00:00,2.792,2025-11-08 12:00:00,51734.0,101691.84,64310.03,1.5813,50,17,911,0.965667452739011,49957.84,52.025,2.9411764705882355,18.22,,Car,False,Wednesday,5.0,9.0,September,3.0,2.9411764705882355,33.56,20.14,Mid,,0.0,0.0
AUC-358,Vehicles 9059,Vehicles,Car,Sharjah,Auction,Closed,2025-10-11 13:00:00,2025-10-14 11:00:00,2.917,2025-11-08 12:00:00,185919.22,270602.54,233357.18,1.1596,13,7,166,0.4554844840678654,84683.32,12.4,1.8571428571428568,12.76923076923077,,Car,False,Saturday,13.0,10.0,October,4.0,1.8571428571428568,15.56,49.34,High,,0.0,270602.54
AUC-359,Vehicles 3119,Vehicles,Car,Dubai,Auction,Closed,2025-09-16 09:00:00,2025-09-17 02:00:00,0.708,2025-11-08 12:00:00,38984.74,44482.45,43617.69,1.0198,17,6,251,0.1410221024944632,5497.71,16.275,2.833333333333333,14.764705882352942,,Car,False,Tuesday,9.0,9.0,September,3.0,2.833333333333333,5.24,43.14,Mid,,0.0,44482.45
AUC-360,Vehicles 1841,Vehicles,Car,Fujairah,Auction,Closed,2025-09-18 20:00:00,2025-09-20 20:00:00,2.0,2025-11-08 12:00:00,130125.0,253146.2,164896.43,1.5352,13,5,151,0.9454078770413066,123021.2,11.525,2.6,11.615384615384617,,Car,False,Thursday,20.0,9.0,September,3.0,2.6,31.9,59.14,High,,0.0,253146.2
AUC-361,Vehicles 9149,Vehicles,Car,Dubai,Auction,Closed,2025-11-04 16:00:00,2025-11-06 21:00:00,2.208,2025-11-08 12:00:00,169861.0,234620.09,205653.28,1.1409,36,26,641,0.381247549466917,64759.09,40.525,1.3846153846153846,17.805555555555557,,Car,False,Tuesday,16.0,11.0,November,4.0,1.3846153846153846,13.78,48.27,High,,0.0,234620.09
AUC-362,Vehicles 9307,Vehicles,Car,Umm Al Quwain,BuyNow,Closed,2025-10-06 20:00:00,2025-10-09 07:00:00,2.602,2025-11-08 12:00:00,72264.39,93577.74,89482.39,1.0458,91,32,2130,0.2949357214528484,21313.35,106.75,2.84375,23.406593406593405,,Car,False,Monday,20.0,10.0,October,4.0,2.84375,12.94,7.76,Mid,,0.0,0.0
AUC-363,Vehicles 3507,Vehicles,Car,Abu Dhabi,Auction,Closed,2025-10-21 18:00:00,2025-10-22 21:00:00,1.268,2025-11-08 12:00:00,30341.0,57435.94,37893.69,1.5157,74,23,766,0.8930140733660724,27094.94,61.9,3.217391304347826,10.35135135135135,,Car,False,Tuesday,18.0,10.0,October,4.0,3.217391304347826,32.39,59.43,Mid,,0.0,57435.94
AUC-364,Vehicles 1172,Vehicles,Car,Abu Dhabi,Auction,Closed,2025-10-30 08:00:00,2025-11-01 22:00:00,2.583,2025-11-08 12:00:00,111267.0,144481.68,134245.18,1.0763,40,13,992,0.2985133058319177,33214.68,48.05,3.076923076923077,24.8,,Car,False,Thursday,8.0,10.0,October,4.0,3.076923076923077,11.08,46.65,High,,0.0,144481.68
AUC-365,Vehicles 6830,Vehicles,Car,Dubai,Auction,Closed,2025-09-16 21:00:00,2025-09-18 10:00:00,1.542,2025-11-08 12:00:00,49388.0,53690.11,55530.48,0.9669,40,33,1009,0.0871084069004616,4302.11,53.475,1.2121212121212122,25.225,,Car,False,Tuesday,21.0,9.0,September,3.0,1.2121212121212122,4.37,2.62,Mid,,0.0,0.0
AUC-366,Vehicles 1684,Vehicles,Car,Ras Al Khaimah,Auction,Closed,2025-11-06 05:00:00,2025-11-07 11:00:00,1.25,2025-11-08 12:00:00,121305.0,223483.41,151926.09,1.471,42,17,498,0.8423264498577965,102178.41,37.7,2.4705882352941178,11.857142857142858,,Car,False,Thursday,5.0,11.0,November,4.0,2.4705882352941178,29.67,17.8,High,,0.0,0.0
AUC-367,Vehicles 1364,Vehicles,Car,Ajman,Auction,Closed,2025-09-24 02:00:00,2025-09-24 16:00:00,0.731,2025-11-08 12:00:00,174914.69,298035.21,194145.6,1.5351,63,19,1052,0.7038889643860102,123120.52,62.55,3.3157894736842106,16.6984126984127,,Car,False,Wednesday,2.0,9.0,September,3.0,3.3157894736842106,25.31,55.19,High,,0.0,298035.21
AUC-368,Vehicles 9433,Vehicles,Car,Sharjah,Auction,Closed,2025-09-08 11:00:00,2025-09-09 12:00:00,1.042,2025-11-08 12:00:00,153202.0,244150.26,185882.17,1.3135,57,22,988,0.5936492996174986,90948.26,58.7,2.590909090909091,17.333333333333332,,Car,False,Monday,11.0,9.0,September,3.0,2.590909090909091,21.79,13.07,High,,0.0,0.0
AUC-369,Vehicles 5460,Vehicles,Car,Fujairah,Auction,Closed,2025-10-07 13:00:00,2025-10-10 11:00:00,2.917,2025-11-08 12:00:00,193486.0,394548.33,227403.6,1.735,43,23,1062,1.039156993270831,201062.33,53.8,1.8695652173913044,24.69767441860465,,Car,False,Tuesday,13.0,10.0,October,4.0,1.8695652173913044,35.93,61.56,High,,0.0,394548.33
AUC-370,Vehicles 2008,Vehicles,Car,Dubai,BuyNow,Closed,2025-10-14 01:00:00,2025-10-16 05:00:00,2.167,2025-11-08 12:00:00,192811.0,221113.0,218125.42,1.0137,28,17,319,0.1467862310760278,28302.0,26.225,1.6470588235294117,11.392857142857142,,Car,False,Tuesday,1.0,10.0,October,4.0,1.6470588235294117,5.99,43.59,High,,0.0,221113.0
AUC-371,Vehicles 6890,Vehicles,Car,Ajman,BuyNow,Closed,2025-09-29 10:00:00,2025-10-01 15:00:00,2.208,2025-11-08 12:00:00,132033.0,261636.82,165574.6,1.5802,47,17,831,0.9816017207819258,129603.82,48.525,2.764705882352941,17.680851063829788,,Car,False,Monday,10.0,9.0,September,3.0,2.764705882352941,33.98,60.39,High,,0.0,261636.82
AUC-372,Vehicles 4322,Vehicles,Car,Ajman,BuyNow,Closed,2025-09-17 19:00:00,2025-09-20 11:00:00,2.667,2025-11-08 12:00:00,145261.0,261695.61,178603.32,1.4652,33,11,896,0.8015545122228264,116434.61,41.65,3.0,27.151515151515152,,Car,False,Wednesday,19.0,9.0,September,3.0,3.0,27.71,16.63,High,,0.0,0.0
AUC-373,Vehicles 5826,Vehicles,Car,Ajman,Auction,Closed,2025-10-23 08:00:00,2025-10-24 06:00:00,1.008,2025-11-08 12:00:00,120202.0,151125.35,153166.99,0.9867,79,24,931,0.2572615264305087,30923.35,68.775,3.2916666666666665,11.78481012658228,,Car,False,Thursday,8.0,10.0,October,4.0,3.2916666666666665,11.5,46.9,High,,0.0,151125.35
AUC-374,Vehicles 9088,Vehicles,Car,Dubai,BuyNow,Closed,2025-10-21 04:00:00,2025-10-23 04:00:00,2.061,2025-11-08 12:00:00,135754.0,280015.68,170102.93,1.6462,76,23,1525,1.0626698292499668,144261.68,81.875,3.3043478260869565,20.06578947368421,,Car,False,Tuesday,4.0,10.0,October,4.0,3.3043478260869565,37.99,62.79,High,,0.0,280015.68
AUC-375,Vehicles 3140,Vehicles,Car,Ras Al Khaimah,Auction,Closed,2025-09-30 14:00:00,2025-10-01 19:00:00,1.208,2025-11-08 12:00:00,91998.0,119390.02,101755.25,1.1733,30,15,681,0.2977458205613166,27392.02,35.775,2.0,22.7,,Car,False,Tuesday,14.0,9.0,September,3.0,2.0,10.83,46.5,Mid,,0.0,119390.02
AUC-376,Vehicles 6817,Vehicles,Car,Abu Dhabi,Auction,Closed,2025-09-09 07:00:00,2025-09-11 20:00:00,2.631,2025-11-08 12:00:00,102522.0,138008.45,126604.4,1.0901,65,25,658,0.3461349759076101,35486.45,55.2,2.6,10.123076923076924,,Car,False,Tuesday,7.0,9.0,September,3.0,2.6,13.86,8.32,High,,0.0,0.0
AUC-377,Vehicles 8455,Vehicles,Car,Umm Al Quwain,Auction,Closed,2025-10-20 00:00:00,2025-10-21 08:00:00,1.333,2025-11-08 12:00:00,8023.0,12922.44,10279.52,1.2571,7,5,78,0.6106743113548548,4899.44,6.7,1.4,11.142857142857142,,Car,False,Monday,0.0,10.0,October,4.0,1.4,20.63,52.38,Low,,0.0,12922.44
AUC-378,Vehicles 4813,Vehicles,Car,Fujairah,Auction,Closed,2025-10-13 03:00:00,2025-10-15 17:00:00,2.583,2025-11-08 12:00:00,181687.0,325180.58,223129.26,1.4574,21,15,213,0.7897845195308416,143493.58,19.575,1.4,10.142857142857142,,Car,False,Monday,3.0,10.0,October,4.0,1.4,27.06,56.24,High,,0.0,325180.58
AUC-379,Vehicles 9730,Vehicles,Car,Sharjah,Auction,Closed,2025-09-06 21:00:00,2025-09-09 03:00:00,2.25,2025-11-08 12:00:00,165685.0,349085.54,206642.97,1.6893,46,34,994,1.106923016567583,183400.54,56.35,1.3529411764705883,21.608695652173918,,Car,False,Saturday,21.0,9.0,September,3.0,1.3529411764705883,38.35,63.01,High,,0.0,349085.54
AUC-380,Vehicles 5034,Vehicles,Car,Dubai,Auction,Closed,2025-10-26 04:00:00,2025-10-28 12:00:00,2.477,2025-11-08 12:00:00,20025.0,30026.24,24854.11,1.2081,83,25,1455,0.4994377028714108,10001.24,84.125,3.32,17.53012048192771,,Car,False,Sunday,4.0,10.0,October,4.0,3.32,19.07,51.44,Mid,,0.0,30026.24
AUC-381,Vehicles 5132,Vehicles,Car,Sharjah,Auction,Closed,2025-10-31 03:00:00,2025-11-02 21:00:00,2.75,2025-11-08 12:00:00,95468.0,125648.39,122714.35,1.0239,39,25,448,0.3161309548749319,30180.39,36.95,1.56,11.487179487179487,,Car,False,Friday,3.0,10.0,October,4.0,1.56,12.08,47.25,Mid,,0.0,125648.39
AUC-382,Vehicles 8956,Vehicles,Car,Fujairah,Auction,Closed,2025-09-30 12:00:00,2025-10-02 21:00:00,2.429,2025-11-08 12:00:00,119352.0,226354.22,143755.21,1.5746,69,30,1477,0.8965264092767612,107002.22,78.925,2.3,21.405797101449277,,Car,False,Tuesday,12.0,9.0,September,3.0,2.3,31.9,59.14,High,,0.0,226354.22
AUC-383,Vehicles 6722,Vehicles,Car,Ras Al Khaimah,BuyNow,Closed,2025-11-05 01:00:00,2025-11-06 02:00:00,1.042,2025-11-08 12:00:00,49867.0,56968.71,63888.65,0.8917,46,21,1379,0.1424130186295546,7101.71,62.725,2.1904761904761907,29.97826086956522,,Car,False,Wednesday,1.0,11.0,November,4.0,2.1904761904761907,6.17,43.7,Mid,,0.0,56968.71
AUC-384,Vehicles 8817,Vehicles,Car,Ras Al Khaimah,Auction,Closed,2025-10-26 13:00:00,2025-10-28 04:00:00,1.625,2025-11-08 12:00:00,37317.0,77200.65,47918.14,1.6111,45,23,590,1.06877964466597,39883.65,43.0,1.9565217391304348,13.11111111111111,,Car,False,Sunday,13.0,10.0,October,4.0,1.9565217391304348,36.96,22.18,Mid,,0.0,0.0
AUC-385,Vehicles 8112,Vehicles,Car,Abu Dhabi,Auction,Closed,2025-09-29 18:00:00,2025-10-01 06:00:00,1.5,2025-11-08 12:00:00,75811.33,83663.54,95870.95,0.8727,41,17,581,0.1035756792553301,7852.21,39.275,2.411764705882353,14.170731707317072,,Car,False,Monday,18.0,9.0,September,3.0,2.411764705882353,4.62,42.77,Mid,,0.0,83663.54
AUC-386,Vehicles 7410,Vehicles,Car,Umm Al Quwain,Auction,Closed,2025-09-28 22:00:00,2025-09-29 06:00:00,0.333,2025-11-08 12:00:00,126911.0,207205.65,144740.45,1.4316,35,29,504,0.6326847160608615,80294.65,37.35,1.206896551724138,14.4,,Car,False,Sunday,22.0,9.0,September,3.0,1.206896551724138,22.36,53.42,High,,0.0,207205.65
AUC-387,Vehicles 3173,Vehicles,Car,Abu Dhabi,BuyNow,Closed,2025-10-06 05:00:00,2025-10-08 01:00:00,1.833,2025-11-08 12:00:00,143216.0,291115.16,170981.45,1.7026,52,25,1087,1.0326999776561276,147899.16,59.425,2.08,20.903846153846157,,Car,False,Monday,5.0,10.0,October,4.0,2.08,36.1,21.66,High,,0.0,0.0
AUC-388,Vehicles 4589,Vehicles,Car,Umm Al Quwain,Auction,Closed,2025-10-14 00:00:00,2025-10-15 09:00:00,1.375,2025-11-08 12:00:00,55492.0,58550.36,66363.91,0.8823,41,18,887,0.0551135298781806,3058.36,47.175,2.2777777777777777,21.634146341463413,,Car,False,Tuesday,0.0,10.0,October,4.0,2.2777777777777777,2.98,1.79,Mid,,0.0,0.0
AUC-389,Vehicles 8779,Vehicles,Car,Sharjah,Auction,Closed,2025-10-02 07:00:00,2025-10-03 13:00:00,1.25,2025-11-08 12:00:00,139027.0,178872.13,166778.4,1.0725,15,5,342,0.2865999410186511,39845.13,17.3,3.0,22.8,,Car,False,Thursday,7.0,10.0,October,4.0,3.0,9.98,45.99,High,,0.0,178872.13
AUC-390,Vehicles 6543,Vehicles,Car,Umm Al Quwain,Auction,Closed,2025-09-29 08:00:00,2025-09-29 19:00:00,0.519,2025-11-08 12:00:00,100462.0,186614.91,124199.89,1.5025,79,28,1950,0.8575671398140591,86152.91,95.25,2.821428571428572,24.68354430379747,,Car,False,Monday,8.0,9.0,September,3.0,2.821428571428572,30.74,18.44,High,,0.0,0.0
AUC-391,Vehicles 3521,Vehicles,Car,Umm Al Quwain,Auction,Closed,2025-09-18 22:00:00,2025-09-20 12:00:00,1.583,2025-11-08 12:00:00,57529.0,94100.84,73259.99,1.2845,38,12,762,0.635711380347303,36571.84,41.05,3.1666666666666665,20.05263157894737,,Car,False,Thursday,22.0,9.0,September,3.0,3.1666666666666665,22.21,53.33,Mid,,0.0,94100.84
AUC-392,Vehicles 3945,Vehicles,Car,Ras Al Khaimah,Auction,Closed,2025-09-19 12:00:00,2025-09-21 07:00:00,1.792,2025-11-08 12:00:00,100851.0,165375.2,117276.57,1.4101,27,13,311,0.6397973247662394,64524.2,24.525,2.076923076923077,11.51851851851852,,Car,False,Friday,12.0,9.0,September,3.0,2.076923076923077,22.13,53.28,High,,0.0,165375.2
AUC-393,Vehicles 7981,Vehicles,Car,Ajman,Auction,Closed,2025-09-28 02:00:00,2025-09-28 13:00:00,0.458,2025-11-08 12:00:00,151509.0,216126.42,193052.03,1.1195,8,5,156,0.4264922875868761,64617.42,9.15,1.6,19.5,,Car,False,Sunday,2.0,9.0,September,3.0,1.6,14.51,48.71,High,,0.0,216126.42
AUC-394,Vehicles 2603,Vehicles,Car,Sharjah,Auction,Closed,2025-09-13 04:00:00,2025-09-15 03:00:00,1.958,2025-11-08 12:00:00,124019.75,187381.08,139888.78,1.3395,17,8,255,0.51089709501914,63361.33,16.875,2.125,15.0,,Car,False,Saturday,4.0,9.0,September,3.0,2.125,17.5,50.5,High,,0.0,187381.08
AUC-395,Vehicles 2008,Vehicles,Car,Ajman,Auction,Closed,2025-09-17 07:00:00,2025-09-17 22:00:00,0.625,2025-11-08 12:00:00,27902.0,46991.78,33363.56,1.4085,17,5,277,0.6841724607555013,19089.78,16.675,3.4,16.294117647058822,,Car,False,Wednesday,7.0,9.0,September,3.0,3.4,23.31,53.99,Mid,,0.0,46991.78
AUC-396,Vehicles 7885,Vehicles,Car,Abu Dhabi,Auction,Closed,2025-10-30 18:00:00,2025-10-31 07:00:00,0.542,2025-11-08 12:00:00,105169.0,139420.25,130473.28,1.0686,7,4,193,0.3256781941446624,34251.25,9.325,1.75,27.571428571428573,,Car,False,Thursday,18.0,10.0,October,4.0,1.75,11.1,46.66,High,,0.0,139420.25
AUC-397,Vehicles 3595,Vehicles,Car,Dubai,Auction,Closed,2025-09-09 08:00:00,2025-09-10 15:00:00,1.292,2025-11-08 12:00:00,188218.0,341803.45,214942.56,1.5902,2,1,26,0.8159976729111987,153585.45,1.9,2.0,13.0,,Car,False,Tuesday,8.0,9.0,September,3.0,2.0,27.27,56.36,High,,0.0,341803.45
AUC-398,Vehicles 7887,Vehicles,Car,Ajman,Auction,Closed,2025-09-13 21:00:00,2025-09-15 03:00:00,1.25,2025-11-08 12:00:00,8430.0,15770.98,9822.94,1.6055,37,11,1105,0.8708161328588374,7340.98,48.875,3.363636363636364,29.864864864864863,,Car,False,Saturday,21.0,9.0,September,3.0,3.363636363636364,30.28,18.17,Low,,0.0,0.0
AUC-399,Vehicles 5802,Vehicles,Car,Fujairah,Auction,Closed,2025-10-15 23:00:00,2025-10-18 17:00:00,2.826,2025-11-08 12:00:00,37288.0,39638.71,41886.73,0.9463,88,26,1047,0.0630419974254451,2350.71,76.675,3.3846153846153846,11.897727272727272,,Car,False,Wednesday,23.0,10.0,October,4.0,3.3846153846153846,5.37,43.22,Mid,,0.0,39638.71
AUC-400,Vehicles 9979,Vehicles,Car,Ajman,Auction,Closed,2025-11-05 07:00:00,2025-11-05 15:00:00,0.333,2025-11-08 12:00:00,177711.6,223449.79,203712.82,1.0969,46,30,1159,0.2573731258961148,45738.19,59.475,1.5333333333333334,25.195652173913043,,Car,False,Wednesday,7.0,11.0,November,4.0,1.5333333333333334,10.06,46.04,High,,0.0,223449.79
AUC-401,Vehicles 5723,Vehicles,Car,Fujairah,Auction,Closed,2025-09-30 18:00:00,2025-10-01 21:00:00,1.125,2025-11-08 12:00:00,133936.0,226719.33,158419.48,1.4311,24,8,405,0.6927437731453828,92783.33,24.125,3.0,16.875,,Car,False,Tuesday,18.0,9.0,September,3.0,3.0,23.73,54.24,High,,0.0,226719.33
AUC-402,Vehicles 8806,Vehicles,Car,Abu Dhabi,Auction,Closed,2025-10-09 08:00:00,2025-10-11 13:00:00,2.208,2025-11-08 12:00:00,49994.0,79590.49,62363.29,1.2762,33,15,606,0.5920008401008122,29596.49,35.4,2.2,18.363636363636363,,Car,False,Thursday,8.0,10.0,October,4.0,2.2,20.66,12.4,Mid,,0.0,0.0
AUC-403,Vehicles 8653,Vehicles,Car,Ajman,Auction,Closed,2025-09-23 15:00:00,2025-09-24 11:00:00,0.935,2025-11-08 12:00:00,80079.0,112528.79,99362.91,1.1325,68,29,952,0.405222218059666,32449.79,65.05,2.3448275862068964,14.0,,Car,False,Tuesday,15.0,9.0,September,3.0,2.3448275862068964,15.44,49.26,Mid,,0.0,112528.79
AUC-404,Vehicles 2907,Vehicles,Car,Umm Al Quwain,Auction,Closed,2025-10-03 18:00:00,2025-10-06 16:00:00,2.917,2025-11-08 12:00:00,111251.0,153999.7,124597.98,1.236,59,25,695,0.3842545235548446,42748.7,53.125,2.36,11.779661016949152,,Car,False,Friday,18.0,10.0,October,4.0,2.36,15.05,9.03,High,,0.0,0.0
AUC-405,Vehicles 9964,Vehicles,Car,Sharjah,Auction,Closed,2025-10-31 13:00:00,2025-11-02 19:00:00,2.396,2025-11-08 12:00:00,191065.0,319719.48,212671.49,1.5033,106,31,1126,0.6733545128621149,128654.48,88.9,3.419354838709677,10.62264150943396,,Car,False,Friday,13.0,10.0,October,4.0,3.419354838709677,25.89,55.53,High,,0.0,319719.48
AUC-406,Vehicles 7711,Vehicles,Car,Dubai,Auction,Closed,2025-10-21 04:00:00,2025-10-24 00:00:00,2.833,2025-11-08 12:00:00,47137.0,85497.46,60210.83,1.42,24,15,245,0.8138078367312304,38360.46,21.875,1.6,10.208333333333334,,Car,False,Tuesday,4.0,10.0,October,4.0,1.6,28.03,56.82,Mid,,0.0,85497.46
AUC-407,Vehicles 1964,Vehicles,Car,Dubai,Auction,Closed,2025-09-13 05:00:00,2025-09-16 01:00:00,2.833,2025-11-08 12:00:00,172036.0,244496.44,211769.0,1.1545,18,6,214,0.4211934711339487,72460.44,15.85,3.0,11.88888888888889,,Car,False,Saturday,5.0,9.0,September,3.0,3.0,14.71,8.83,High,,0.0,0.0
AUC-408,Vehicles 1054,Vehicles,Car,Ras Al Khaimah,Auction,Closed,2025-11-05 01:00:00,2025-11-05 12:00:00,0.458,2025-11-08 12:00:00,46651.78,78260.2,52804.53,1.4821,6,5,64,0.6775394207895176,31608.42,5.85,1.2,10.666666666666666,,Car,False,Wednesday,1.0,11.0,November,4.0,1.2,22.83,53.7,Mid,,0.0,78260.2
AUC-409,Vehicles 3442,Vehicles,Car,Umm Al Quwain,Auction,Closed,2025-09-22 03:00:00,2025-09-23 14:00:00,1.568,2025-11-08 12:00:00,114067.0,176358.7,138949.59,1.2692,66,25,1946,0.5460974690313589,62291.7,87.9,2.64,29.484848484848484,,Car,False,Monday,3.0,9.0,September,3.0,2.64,20.28,52.17,High,,0.0,176358.7
AUC-410,Vehicles 1146,Vehicles,Car,Abu Dhabi,Auction,Closed,2025-10-18 08:00:00,2025-10-20 14:00:00,2.25,2025-11-08 12:00:00,87965.0,178136.89,108942.76,1.6351,3,1,33,1.0250882737452398,90171.89,2.575,3.0,11.0,,Car,False,Saturday,8.0,10.0,October,4.0,3.0,34.28,60.57,Mid,,0.0,178136.89
AUC-411,Vehicles 4218,Vehicles,Car,Abu Dhabi,Auction,Closed,2025-10-11 07:00:00,2025-10-11 11:00:00,0.167,2025-11-08 12:00:00,153523.0,196441.74,195730.79,1.0036,47,16,762,0.2795590237293434,42918.74,46.55,2.9375,16.21276595744681,,Car,False,Saturday,7.0,10.0,October,4.0,2.9375,10.8,6.48,High,,0.0,0.0
AUC-412,Vehicles 9966,Vehicles,Car,Dubai,Auction,Closed,2025-10-05 03:00:00,2025-10-06 13:00:00,1.417,2025-11-08 12:00:00,85515.0,128199.0,101138.51,1.2676,43,13,1048,0.4991405016663743,42684.0,50.95,3.3076923076923075,24.37209302325581,,Car,False,Sunday,3.0,10.0,October,4.0,3.3076923076923075,17.83,50.7,Mid,,0.0,128199.0
AUC-413,Vehicles 5309,Vehicles,Car,Ras Al Khaimah,Auction,Closed,2025-10-20 11:00:00,2025-10-22 13:00:00,2.175,2025-11-08 12:00:00,23654.0,39366.71,27979.49,1.407,94,32,2591,0.6642728502578845,15712.71,119.775,2.9375,27.56382978723404,,Car,False,Monday,11.0,10.0,October,4.0,2.9375,25.21,55.13,Mid,,0.0,39366.71
AUC-414,Vehicles 1215,Vehicles,Car,Dubai,Auction,Closed,2025-09-26 18:00:00,2025-09-29 03:00:00,2.508,2025-11-08 12:00:00,23764.0,42129.9,29343.26,1.4358,98,34,1102,0.7728454805588285,18365.9,85.05,2.8823529411764706,11.244897959183673,,Car,False,Friday,18.0,9.0,September,3.0,2.8823529411764706,29.36,57.62,Mid,,0.0,42129.9
AUC-415,Vehicles 5444,Vehicles,Car,Fujairah,Auction,Closed,2025-09-25 19:00:00,2025-09-27 03:00:00,1.333,2025-11-08 12:00:00,108692.78,231202.57,123264.3,1.8757,30,17,302,1.1271198510149434,122509.79,26.8,1.7647058823529411,10.066666666666666,,Car,False,Thursday,19.0,9.0,September,3.0,1.7647058823529411,38.69,63.21,High,,0.0,231202.57
AUC-416,Vehicles 2971,Vehicles,Car,Abu Dhabi,Auction,Closed,2025-10-30 02:00:00,2025-11-01 16:00:00,2.66,2025-11-08 12:00:00,186628.0,213664.48,236114.06,0.9049,70,20,1795,0.1448682941466447,27036.48,84.875,3.5,25.642857142857142,,Car,False,Thursday,2.0,10.0,October,4.0,3.5,6.97,44.18,High,,0.0,213664.48
AUC-417,Vehicles 8704,Vehicles,Car,Sharjah,BuyNow,Closed,2025-10-13 22:00:00,2025-10-15 23:00:00,2.042,2025-11-08 12:00:00,86603.0,121003.9,101689.79,1.1899,30,13,321,0.3972252693324711,34400.9,26.275,2.3076923076923075,10.7,,Car,False,Monday,22.0,10.0,October,4.0,2.3076923076923075,14.35,48.61,Mid,,0.0,121003.9
AUC-418,Vehicles 1814,Vehicles,Car,Abu Dhabi,BuyNow,Closed,2025-09-24 04:00:00,2025-09-24 11:00:00,0.292,2025-11-08 12:00:00,141874.0,190739.5,160425.0,1.189,58,27,602,0.3444288594104628,48865.5,50.8,2.1481481481481484,10.379310344827584,,Car,False,Wednesday,4.0,9.0,September,3.0,2.1481481481481484,13.38,48.03,High,,0.0,190739.5
AUC-419,Vehicles 7934,Vehicles,Car,Fujairah,Auction,Closed,2025-09-24 06:00:00,2025-09-25 04:00:00,0.917,2025-11-08 12:00:00,124331.0,169007.69,155831.92,1.0846,26,11,628,0.359336689964691,44676.69,31.45,2.363636363636364,24.153846153846157,,Car,False,Wednesday,6.0,9.0,September,3.0,2.363636363636364,12.88,47.73,High,,0.0,169007.69
AUC-420,Vehicles 5013,Vehicles,Car,Dubai,Auction,Closed,2025-10-03 07:00:00,2025-10-06 02:00:00,2.792,2025-11-08 12:00:00,152486.41,324971.9,183554.31,1.7704,55,26,939,1.1311531958815215,172485.49,57.475,2.1153846153846154,17.072727272727274,,Car,False,Friday,7.0,10.0,October,4.0,2.1153846153846154,39.43,63.66,High,,0.0,324971.9
AUC-421,Vehicles 1169,Vehicles,Car,Sharjah,Auction,Closed,2025-09-22 04:00:00,2025-09-22 08:00:00,0.315,2025-11-08 12:00:00,73197.0,106350.35,89302.69,1.1909,80,31,2363,0.4529331803215979,33153.35,106.825,2.5806451612903225,29.5375,,Car,False,Monday,4.0,9.0,September,3.0,2.5806451612903225,17.43,50.46,Mid,,0.0,106350.35
AUC-422,Vehicles 7057,Vehicles,Car,Abu Dhabi,Auction,Closed,2025-10-31 16:00:00,2025-11-01 03:00:00,0.458,2025-11-08 12:00:00,109848.0,168477.45,124065.99,1.358,12,6,175,0.5337325213021631,58629.45,11.875,2.0,14.583333333333334,,Car,False,Friday,16.0,10.0,October,4.0,2.0,18.17,50.9,High,,0.0,168477.45
AUC-423,Vehicles 5094,Vehicles,Car,Abu Dhabi,Auction,Closed,2025-10-30 04:00:00,2025-10-31 07:00:00,1.125,2025-11-08 12:00:00,45533.0,66233.01,58926.72,1.124,14,8,152,0.4546155535545647,20700.01,12.8,1.75,10.857142857142858,,Car,False,Thursday,4.0,10.0,October,4.0,1.75,15.69,49.41,Mid,,0.0,66233.01
AUC-424,Vehicles 7943,Vehicles,Car,Abu Dhabi,Auction,Closed,2025-09-25 18:00:00,2025-09-28 17:00:00,2.958,2025-11-08 12:00:00,81775.0,129486.5,100665.09,1.2863,43,13,512,0.5834484867013146,47711.5,37.55,3.3076923076923075,11.906976744186046,,Car,False,Thursday,18.0,9.0,September,3.0,3.3076923076923075,21.05,52.63,Mid,,0.0,129486.5
AUC-425,Vehicles 6562,Vehicles,Car,Ras Al Khaimah,Auction,Closed,2025-09-25 02:00:00,2025-09-27 05:00:00,2.245,2025-11-08 12:00:00,198084.0,362726.64,245437.22,1.4779,97,29,1175,0.8311758647846369,164642.64,85.125,3.3448275862068964,12.11340206185567,,Car,False,Thursday,2.0,9.0,September,3.0,3.3448275862068964,30.54,58.32,High,,0.0,362726.64
AUC-426,Vehicles 8084,Vehicles,Car,Sharjah,BuyNow,Closed,2025-09-19 13:00:00,2025-09-20 03:00:00,0.583,2025-11-08 12:00:00,205423.82,274607.53,229952.71,1.1942,52,22,1409,0.3367852374666191,69183.71,66.725,2.363636363636364,27.096153846153847,,Car,False,Friday,13.0,9.0,September,3.0,2.363636363636364,12.74,7.64,High,,0.0,0.0
AUC-427,Vehicles 5143,Vehicles,Car,Sharjah,Auction,Closed,2025-10-26 12:00:00,2025-10-27 18:00:00,1.25,2025-11-08 12:00:00,183447.0,320761.04,229920.57,1.3951,24,7,486,0.7485215893418806,137314.04,25.9,3.4285714285714284,20.25,,Car,False,Sunday,12.0,10.0,October,4.0,3.4285714285714284,25.6,15.36,High,,0.0,0.0
AUC-428,Vehicles 1071,Vehicles,Car,Sharjah,Auction,Closed,2025-10-04 09:00:00,2025-10-07 04:00:00,2.792,2025-11-08 12:00:00,91708.0,140836.19,103692.48,1.3582,28,13,448,0.5357023378549309,49128.19,28.45,2.1538461538461537,16.0,,Car,False,Saturday,9.0,10.0,October,4.0,2.1538461538461537,18.86,51.32,Mid,,0.0,140836.19
AUC-429,Vehicles 2175,Vehicles,Car,Ras Al Khaimah,Auction,Closed,2025-09-28 01:00:00,2025-09-28 19:00:00,0.75,2025-11-08 12:00:00,85160.0,185327.17,105462.52,1.7573,46,22,1342,1.1762232268670738,100167.17,62.05,2.090909090909091,29.17391304347826,,Car,False,Sunday,1.0,9.0,September,3.0,2.090909090909091,40.75,64.45,Mid,,0.0,185327.17
AUC-430,Vehicles 5129,Vehicles,Car,Sharjah,Auction,Closed,2025-10-23 15:00:00,2025-10-25 10:00:00,1.883,2025-11-08 12:00:00,100193.16,123623.04,128223.25,0.9641,109,33,1572,0.2338471009398245,23429.88,102.05,3.303030303030303,14.422018348623851,,Car,False,Thursday,15.0,10.0,October,4.0,3.303030303030303,11.33,6.8,High,,0.0,0.0
AUC-431,Vehicles 4576,Vehicles,Car,Sharjah,Auction,Closed,2025-10-06 00:00:00,2025-10-07 11:00:00,1.458,2025-11-08 12:00:00,61489.0,77188.73,72855.13,1.0595,42,16,1082,0.2553258306363739,15699.73,52.05,2.625,25.761904761904763,,Car,False,Monday,0.0,10.0,October,4.0,2.625,9.67,45.8,Mid,,0.0,77188.73
AUC-432,Vehicles 8148,Vehicles,Car,Sharjah,BuyNow,Closed,2025-09-27 19:00:00,2025-09-30 02:00:00,2.292,2025-11-08 12:00:00,26057.0,49864.45,33733.75,1.4782,9,3,201,0.9136681122155274,23807.45,10.275,3.0,22.33333333333333,,Car,False,Saturday,19.0,9.0,September,3.0,3.0,30.71,58.43,Mid,,0.0,49864.45
AUC-433,Vehicles 4704,Vehicles,Car,Sharjah,Auction,Closed,2025-10-23 15:00:00,2025-10-25 22:00:00,2.292,2025-11-08 12:00:00,123869.0,220725.75,160141.28,1.3783,9,4,101,0.7819288926204296,96856.75,8.025,2.25,11.22222222222222,,Car,False,Thursday,15.0,10.0,October,4.0,2.25,26.4,55.84,High,,0.0,220725.75
AUC-434,Vehicles 8740,Vehicles,Car,Dubai,Auction,Closed,2025-10-13 15:00:00,2025-10-16 03:00:00,2.5,2025-11-08 12:00:00,28429.39,45225.57,33964.36,1.3316,2,1,32,0.5908033904350393,16796.18,2.05,2.0,16.0,,Car,False,Monday,15.0,10.0,October,4.0,2.0,19.76,51.86,Mid,,0.0,45225.57
AUC-435,Vehicles 2689,Vehicles,Car,Umm Al Quwain,Auction,Closed,2025-10-25 08:00:00,2025-10-25 20:00:00,0.5,2025-11-08 12:00:00,71222.0,116085.46,79890.71,1.4531,7,5,164,0.6299101401252423,44863.46,8.85,1.4,23.428571428571427,,Car,False,Saturday,8.0,10.0,October,4.0,1.4,21.22,52.73,Mid,,0.0,116085.46
AUC-436,Vehicles 4463,Vehicles,Car,Dubai,BuyNow,Closed,2025-09-12 12:00:00,2025-09-13 22:00:00,1.417,2025-11-08 12:00:00,161069.0,287722.87,185902.01,1.5477,51,15,521,0.786333000142796,126653.87,42.275,3.4,10.215686274509803,,Car,False,Friday,12.0,9.0,September,3.0,3.4,27.67,16.6,High,,0.0,0.0
AUC-437,Vehicles 7806,Vehicles,Car,Abu Dhabi,BuyNow,Closed,2025-10-21 13:00:00,2025-10-23 16:00:00,2.125,2025-11-08 12:00:00,239504.43,467136.69,287121.18,1.627,17,10,218,0.9504302697031534,227632.26,16.45,1.7,12.823529411764708,,Car,False,Tuesday,13.0,10.0,October,4.0,1.7,32.22,19.33,High,,0.0,0.0
AUC-438,Vehicles 2116,Vehicles,Car,Abu Dhabi,Auction,Closed,2025-10-29 22:00:00,2025-10-31 06:00:00,1.333,2025-11-08 12:00:00,229108.3,437454.7,288909.14,1.5142,26,11,714,0.9093795379739626,208346.4,33.6,2.363636363636364,27.46153846153846,,Car,False,Wednesday,22.0,10.0,October,4.0,2.363636363636364,31.04,58.62,High,,0.0,437454.7
AUC-439,Vehicles 3892,Vehicles,Car,Sharjah,Auction,Closed,2025-11-02 15:00:00,2025-11-04 16:00:00,2.042,2025-11-08 12:00:00,78248.0,168265.47,86496.12,1.9454,40,27,609,1.1504124067068806,90017.47,41.975,1.4814814814814814,15.225,,Car,False,Sunday,15.0,11.0,November,4.0,1.4814814814814814,39.55,23.73,Mid,,0.0,0.0
AUC-440,Vehicles 7765,Vehicles,Car,Fujairah,Auction,Closed,2025-11-03 00:00:00,2025-11-04 23:00:00,1.958,2025-11-08 12:00:00,172624.0,309950.59,217258.64,1.4266,46,17,495,0.7955243187505795,137326.59,39.625,2.7058823529411766,10.76086956521739,,Car,False,Monday,0.0,11.0,November,4.0,2.7058823529411766,28.12,56.87,High,,0.0,309950.59
AUC-441,Vehicles 6300,Vehicles,Car,Umm Al Quwain,BuyNow,Closed,2025-10-26 02:00:00,2025-10-27 07:00:00,1.208,2025-11-08 12:00:00,89091.0,133775.79,100399.93,1.3324,52,25,1265,0.5015634575883087,44684.79,63.875,2.08,24.32692307692308,,Car,False,Sunday,2.0,10.0,October,4.0,2.08,18.32,10.99,Mid,,0.0,0.0
AUC-442,Vehicles 8001,Vehicles,Car,Ras Al Khaimah,BuyNow,Closed,2025-10-01 07:00:00,2025-10-01 17:00:00,0.417,2025-11-08 12:00:00,68090.0,142906.76,75766.4,1.8861,56,19,731,1.098792186811573,74816.76,51.025,2.9473684210526314,13.053571428571429,,Car,False,Wednesday,7.0,10.0,October,4.0,2.9473684210526314,38.36,23.02,Mid,,0.0,0.0
AUC-443,Vehicles 5641,Vehicles,Car,Sharjah,BuyNow,Closed,2025-11-03 12:00:00,2025-11-06 09:00:00,2.875,2025-11-08 12:00:00,149663.0,315356.39,172766.83,1.8253,17,7,403,1.1071099069242232,165693.39,20.325,2.4285714285714284,23.705882352941178,,Car,False,Monday,12.0,11.0,November,4.0,2.4285714285714284,37.47,62.48,High,,0.0,315356.39
AUC-444,Vehicles 8731,Vehicles,Car,Ras Al Khaimah,Auction,Closed,2025-10-18 02:00:00,2025-10-20 14:00:00,2.5,2025-11-08 12:00:00,159523.0,204940.97,201427.0,1.0174,49,33,898,0.2847111074892022,45417.97,55.2,1.4848484848484849,18.3265306122449,,Car,False,Saturday,2.0,10.0,October,4.0,1.4848484848484849,11.1,6.66,High,,0.0,0.0
AUC-445,Vehicles 8895,Vehicles,Car,Dubai,Auction,Closed,2025-11-01 16:00:00,2025-11-04 08:00:00,2.667,2025-11-08 12:00:00,38160.0,73197.32,48048.08,1.5234,21,17,381,0.9181687631027255,35037.32,24.275,1.2352941176470589,18.142857142857142,,Car,False,Saturday,16.0,11.0,November,4.0,1.2352941176470589,31.36,58.82,Mid,,0.0,73197.32
AUC-446,Vehicles 9770,Vehicles,Car,Ajman,Auction,Closed,2025-10-13 05:00:00,2025-10-14 05:00:00,1.0,2025-11-08 12:00:00,183912.4,259476.61,224731.55,1.1546,49,29,528,0.4108706645120176,75564.21,44.95,1.6896551724137931,10.775510204081632,,Car,False,Monday,5.0,10.0,October,4.0,1.6896551724137931,15.57,49.34,High,,0.0,259476.61
AUC-447,Vehicles 2098,Vehicles,Car,Fujairah,Auction,Closed,2025-11-03 23:00:00,2025-11-05 00:00:00,1.042,2025-11-08 12:00:00,129153.0,261563.75,166076.39,1.575,11,4,179,1.025223959180197,132410.75,10.975,2.75,16.272727272727273,,Car,False,Monday,23.0,11.0,November,4.0,2.75,34.5,20.7,High,,0.0,0.0
AUC-448,Vehicles 6320,Vehicles,Car,Ajman,Auction,Closed,2025-10-01 07:00:00,2025-10-02 08:00:00,1.144,2025-11-08 12:00:00,111689.0,142378.32,134871.88,1.0557,90,29,911,0.274774776388006,30689.32,75.025,3.103448275862069,10.122222222222222,,Car,False,Wednesday,7.0,10.0,October,4.0,3.103448275862069,12.33,47.4,High,,0.0,142378.32
AUC-449,Vehicles 2028,Vehicles,Car,Ras Al Khaimah,Auction,Closed,2025-09-27 05:00:00,2025-09-27 11:00:00,0.25,2025-11-08 12:00:00,139284.0,166509.64,162316.65,1.0258,50,25,802,0.1954685390999685,27225.64,51.3,2.0,16.04,,Car,False,Saturday,5.0,9.0,September,3.0,2.0,8.06,44.84,High,,0.0,166509.64
AUC-450,Vehicles 3059,Vehicles,Car,Sharjah,Auction,Closed,2025-09-24 15:00:00,2025-09-25 06:00:00,0.625,2025-11-08 12:00:00,152823.0,188313.2,173713.24,1.084,22,9,530,0.2322307506069113,35490.2,26.5,2.4444444444444446,24.09090909090909,,Car,False,Wednesday,15.0,9.0,September,3.0,2.4444444444444446,8.39,45.03,High,,0.0,188313.2
AUC-451,Vehicles 3702,Vehicles,Car,Dubai,BuyNow,Closed,2025-10-24 08:00:00,2025-10-25 08:00:00,1.0,2025-11-08 12:00:00,142922.0,280624.26,158665.13,1.7687,47,27,1084,0.963478400806034,137702.26,57.35,1.7407407407407407,23.06382978723404,,Car,False,Friday,8.0,10.0,October,4.0,1.7407407407407407,33.5,60.1,High,,0.0,280624.26
AUC-452,Vehicles 6814,Vehicles,Car,Fujairah,Auction,Closed,2025-09-13 01:00:00,2025-09-16 00:00:00,3.08,2025-11-08 12:00:00,39137.13,53494.92,49336.03,1.0843,84,26,2174,0.3668585305054305,14357.79,102.85,3.230769230769231,25.88095238095238,,Car,False,Saturday,1.0,9.0,September,3.0,3.230769230769231,15.08,49.05,Mid,,0.0,53494.92
AUC-453,Vehicles 4880,Vehicles,Car,Dubai,BuyNow,Closed,2025-09-26 15:00:00,2025-09-27 08:00:00,0.833,2025-11-08 12:00:00,114962.0,250780.69,143768.32,1.7443,106,31,1611,1.1814224700335765,135818.69,101.025,3.419354838709677,15.19811320754717,,Car,False,Friday,15.0,9.0,September,3.0,3.419354838709677,42.65,65.59,High,,0.0,250780.69
AUC-454,Vehicles 8781,Vehicles,Car,Fujairah,Auction,Closed,2025-11-02 22:00:00,2025-11-04 12:00:00,1.583,2025-11-08 12:00:00,124643.0,242402.37,146908.53,1.65,23,8,300,0.9447732323515962,117759.37,21.0,2.875,13.043478260869565,,Car,False,Sunday,22.0,11.0,November,4.0,2.875,32.3,59.38,High,,0.0,242402.37
AUC-455,Vehicles 3686,Vehicles,Car,Fujairah,Auction,Closed,2025-10-10 12:00:00,2025-10-12 05:00:00,1.708,2025-11-08 12:00:00,146656.0,283635.28,186599.28,1.52,44,31,1077,0.9340175649138122,136979.28,56.675,1.4193548387096775,24.477272727272727,,Car,False,Friday,12.0,10.0,October,4.0,1.4193548387096775,32.5,59.5,High,,0.0,283635.28
AUC-456,Vehicles 6554,Vehicles,Car,Fujairah,Auction,Closed,2025-09-20 14:00:00,2025-09-21 18:00:00,1.167,2025-11-08 12:00:00,70984.0,151242.32,90212.0,1.6765,57,26,911,1.130653668432323,80258.32,57.775,2.1923076923076925,15.982456140350877,,Car,False,Saturday,14.0,9.0,September,3.0,2.1923076923076925,39.64,23.78,Mid,,0.0,0.0
AUC-457,Vehicles 7867,Vehicles,Car,Ajman,Auction,Closed,2025-10-17 08:00:00,2025-10-20 02:00:00,2.75,2025-11-08 12:00:00,120130.0,206791.15,152703.26,1.3542,42,12,433,0.7213947390327146,86661.15,34.825,3.5,10.30952380952381,,Car,False,Friday,8.0,10.0,October,4.0,3.5,25.16,15.1,High,,0.0,0.0
AUC-458,Vehicles 9821,Vehicles,Car,Ras Al Khaimah,Auction,Closed,2025-10-15 10:00:00,2025-10-15 20:00:00,0.417,2025-11-08 12:00:00,94689.0,129228.42,105576.52,1.224,21,12,571,0.3647669739885308,34539.42,27.775,1.75,27.19047619047619,,Car,False,Wednesday,10.0,10.0,October,4.0,1.75,12.81,47.69,Mid,,0.0,129228.42
AUC-459,Vehicles 3207,Vehicles,Car,Abu Dhabi,Auction,Closed,2025-09-28 06:00:00,2025-09-30 21:00:00,2.625,2025-11-08 12:00:00,107848.0,148182.75,120248.65,1.2323,25,9,312,0.3739962725317113,40334.75,22.55,2.7777777777777777,12.48,,Car,False,Sunday,6.0,9.0,September,3.0,2.7777777777777777,13.3,47.98,High,,0.0,148182.75
AUC-460,Vehicles 7601,Vehicles,Car,Ajman,Auction,Closed,2025-11-01 22:00:00,2025-11-04 04:00:00,2.25,2025-11-08 12:00:00,35190.0,50497.04,42955.62,1.1756,57,17,579,0.4349826655299801,15307.04,47.225,3.3529411764705883,10.157894736842104,,Car,False,Saturday,22.0,11.0,November,4.0,3.3529411764705883,16.04,49.62,Mid,,0.0,50497.04
AUC-461,Vehicles 1762,Vehicles,Car,Dubai,BuyNow,Closed,2025-09-09 04:00:00,2025-09-10 04:00:00,1.09,2025-11-08 12:00:00,149481.0,282222.72,187207.93,1.5075,92,31,1842,0.8880173399963873,132741.72,99.8,2.967741935483871,20.02173913043478,,Car,False,Tuesday,4.0,9.0,September,3.0,2.967741935483871,32.43,59.46,High,,0.0,282222.72
AUC-462,Vehicles 5890,Vehicles,Car,Fujairah,Auction,Closed,2025-10-26 00:00:00,2025-10-28 08:00:00,2.479,2025-11-08 12:00:00,159264.0,247687.94,182229.47,1.3592,75,29,922,0.5552035613823588,88423.94,67.8,2.586206896551724,12.293333333333331,,Car,False,Sunday,0.0,10.0,October,4.0,2.586206896551724,21.0,52.6,High,,0.0,247687.94
AUC-463,Vehicles 4723,Vehicles,Car,Umm Al Quwain,BuyNow,Closed,2025-11-04 09:00:00,2025-11-05 18:00:00,1.375,2025-11-08 12:00:00,190919.0,221833.46,238566.77,0.9299,12,5,357,0.1619244810626495,30914.46,16.175,2.4,29.75,,Car,False,Tuesday,9.0,11.0,November,4.0,2.4,5.82,43.49,High,,0.0,221833.46
AUC-464,Vehicles 9625,Vehicles,Car,Fujairah,BuyNow,Closed,2025-11-04 00:00:00,2025-11-06 22:00:00,2.917,2025-11-08 12:00:00,118170.0,125372.64,134248.07,0.9339,17,5,296,0.0609515105356689,7202.64,17.15,3.4,17.41176470588235,,Car,False,Tuesday,0.0,11.0,November,4.0,3.4,2.61,1.57,High,,0.0,0.0
AUC-465,Vehicles 7959,Vehicles,Car,Fujairah,BuyNow,Closed,2025-10-15 04:00:00,2025-10-15 10:00:00,0.25,2025-11-08 12:00:00,135976.0,265840.43,164413.55,1.6169,6,3,72,0.9550540536565276,129864.43,5.55,2.0,12.0,,Car,False,Wednesday,4.0,10.0,October,4.0,2.0,32.01,59.21,High,,0.0,265840.43
AUC-466,Vehicles 9344,Vehicles,Car,Sharjah,Auction,Closed,2025-09-14 13:00:00,2025-09-14 19:00:00,0.379,2025-11-08 12:00:00,146577.0,236456.85,170902.8,1.3836,69,21,1762,0.6131920424077447,89879.85,83.8,3.2857142857142856,25.536231884057973,,Car,False,Sunday,13.0,9.0,September,3.0,3.2857142857142856,22.32,53.39,High,,0.0,236456.85
AUC-467,Vehicles 8654,Vehicles,Car,Dubai,BuyNow,Closed,2025-09-16 21:00:00,2025-09-18 14:00:00,1.708,2025-11-08 12:00:00,108925.0,185701.71,121910.03,1.5233,24,11,484,0.7048584806059214,76776.71,26.85,2.1818181818181817,20.166666666666668,,Car,False,Tuesday,21.0,9.0,September,3.0,2.1818181818181817,24.26,14.56,High,,0.0,0.0
AUC-468,Vehicles 4695,Vehicles,Car,Ras Al Khaimah,BuyNow,Closed,2025-09-11 01:00:00,2025-09-13 20:00:00,2.918,2025-11-08 12:00:00,118320.0,168291.73,150922.75,1.1151,76,26,1582,0.4223438979039893,49971.73,84.05,2.923076923076923,20.81578947368421,,Car,False,Thursday,1.0,9.0,September,3.0,2.923076923076923,16.31,9.79,High,,0.0,0.0
AUC-469,Vehicles 7599,Vehicles,Car,Ajman,BuyNow,Closed,2025-10-05 12:00:00,2025-10-05 20:00:00,0.389,2025-11-08 12:00:00,107150.0,147195.73,124587.44,1.1815,86,26,1848,0.3737352309846011,40045.73,95.7,3.3076923076923075,21.48837209302325,,Car,False,Sunday,12.0,10.0,October,4.0,3.3076923076923075,15.01,49.01,High,,0.0,147195.73
AUC-470,Vehicles 1274,Vehicles,Car,Dubai,Auction,Closed,2025-10-10 00:00:00,2025-10-12 08:00:00,2.333,2025-11-08 12:00:00,102363.0,212827.59,125915.07,1.6902,17,7,483,1.0791456874065823,110464.59,22.325,2.4285714285714284,28.41176470588235,,Car,False,Friday,0.0,10.0,October,4.0,2.4285714285714284,36.5,61.9,High,,0.0,212827.59
AUC-471,Vehicles 6020,Vehicles,Car,Ras Al Khaimah,Auction,Closed,2025-10-12 06:00:00,2025-10-15 01:00:00,2.792,2025-11-08 12:00:00,102449.2,145834.31,118843.84,1.2271,46,24,1362,0.4234792462996295,43385.11,63.05,1.9166666666666667,29.608695652173918,,Car,False,Sunday,6.0,10.0,October,4.0,1.9166666666666667,15.61,9.37,High,,0.0,0.0
AUC-472,Vehicles 1425,Vehicles,Car,Ras Al Khaimah,BuyNow,Closed,2025-11-03 03:00:00,2025-11-04 16:00:00,1.542,2025-11-08 12:00:00,22991.39,27670.67,28997.1,0.9543,34,26,443,0.2035231449686164,4679.28,34.575,1.3076923076923077,13.029411764705882,,Car,False,Monday,3.0,11.0,November,4.0,1.3076923076923077,8.0,44.8,Mid,,0.0,27670.67
AUC-473,Vehicles 7517,Vehicles,Car,Ajman,Auction,Closed,2025-09-11 12:00:00,2025-09-14 02:00:00,2.731,2025-11-08 12:00:00,44921.0,86469.1,55483.64,1.5585,104,34,2756,0.9249148505153492,41548.1,129.4,3.0588235294117645,26.5,,Car,False,Thursday,12.0,9.0,September,3.0,3.0588235294117645,33.61,60.17,Mid,,0.0,86469.1
AUC-474,Vehicles 9699,Vehicles,Car,Fujairah,Auction,Closed,2025-10-06 09:00:00,2025-10-08 16:00:00,2.377,2025-11-08 12:00:00,75803.0,137586.34,84465.85,1.6289,66,25,1009,0.8150513831906389,61783.34,64.475,2.64,15.287878787878787,,Car,False,Monday,9.0,10.0,October,4.0,2.64,29.17,17.5,Mid,,0.0,0.0
AUC-475,Vehicles 7131,Vehicles,Car,Dubai,Auction,Closed,2025-10-10 02:00:00,2025-10-10 20:00:00,0.75,2025-11-08 12:00:00,27865.0,37836.96,35508.31,1.0656,23,13,518,0.3578668580656737,9971.96,27.7,1.7692307692307692,22.52173913043478,,Car,False,Friday,2.0,10.0,October,4.0,1.7692307692307692,12.65,47.59,Mid,,0.0,37836.96
AUC-476,Vehicles 8558,Vehicles,Car,Dubai,Auction,Closed,2025-10-05 16:00:00,2025-10-08 06:00:00,2.648,2025-11-08 12:00:00,8384.0,10731.4,9823.45,1.0924,109,34,3250,0.2799856870229007,2347.4,144.25,3.2058823529411766,29.81651376146789,,Car,False,Sunday,16.0,10.0,October,4.0,3.2058823529411766,12.5,47.5,Low,,0.0,10731.4
AUC-477,Vehicles 3109,Vehicles,Car,Abu Dhabi,Auction,Closed,2025-09-19 05:00:00,2025-09-21 08:00:00,2.125,2025-11-08 12:00:00,144547.93,309407.37,183186.24,1.689,33,10,333,1.1405174740309325,164859.44,27.325,3.3,10.090909090909092,,Car,False,Friday,5.0,9.0,September,3.0,3.3,39.17,63.5,High,,0.0,309407.37
AUC-478,Vehicles 9944,Vehicles,Car,Umm Al Quwain,BuyNow,Closed,2025-10-24 16:00:00,2025-10-24 20:00:00,0.302,2025-11-08 12:00:00,83847.0,179946.24,104628.35,1.7199,91,28,1223,1.1461261583598696,96099.24,83.075,3.25,13.43956043956044,,Car,False,Friday,16.0,10.0,October,4.0,3.25,40.86,64.52,Mid,,0.0,179946.24
AUC-479,Vehicles 5956,Vehicles,Car,Dubai,BuyNow,Closed,2025-09-23 20:00:00,2025-09-25 14:00:00,1.75,2025-11-08 12:00:00,50575.0,72022.08,63985.58,1.1256,34,13,674,0.4240648541769649,21447.08,37.1,2.6153846153846154,19.823529411764707,,Car,False,Tuesday,20.0,9.0,September,3.0,2.6153846153846154,15.11,9.07,Mid,,0.0,0.0
AUC-480,Vehicles 7069,Vehicles,Car,Dubai,BuyNow,Closed,2025-09-24 12:00:00,2025-09-26 12:00:00,2.118,2025-11-08 12:00:00,133599.0,248070.42,151821.79,1.634,110,32,1173,0.8568284193743966,114471.42,92.325,3.4375,10.663636363636364,,Car,False,Wednesday,12.0,9.0,September,3.0,3.4375,32.48,59.49,High,,0.0,248070.42
AUC-481,Vehicles 7934,Vehicles,Car,Umm Al Quwain,Auction,Closed,2025-09-15 17:00:00,2025-09-18 03:00:00,2.529,2025-11-08 12:00:00,115106.0,147238.87,146092.88,1.0078,87,27,877,0.2791589491425295,32132.87,72.175,3.2222222222222223,10.080459770114942,,Car,False,Monday,17.0,9.0,September,3.0,3.2222222222222223,11.97,47.18,High,,0.0,147238.87
AUC-482,Vehicles 6755,Vehicles,Car,Fujairah,Auction,Closed,2025-11-04 15:00:00,2025-11-06 23:00:00,2.333,2025-11-08 12:00:00,144958.0,163512.86,171514.94,0.9533,30,21,899,0.1280016280577821,18554.86,42.725,1.4285714285714286,29.966666666666665,,Car,False,Tuesday,15.0,11.0,November,4.0,1.4285714285714286,5.22,43.13,High,,0.0,163512.86
AUC-483,Vehicles 3853,Vehicles,Car,Fujairah,Auction,Closed,2025-10-26 15:00:00,2025-10-28 03:00:00,1.5,2025-11-08 12:00:00,93394.0,172929.44,109133.94,1.5846,28,8,471,0.8516118808488768,79535.44,27.775,3.5,16.821428571428573,,Car,False,Sunday,15.0,10.0,October,4.0,3.5,29.35,57.61,Mid,,0.0,172929.44
AUC-484,Vehicles 6502,Vehicles,Car,Fujairah,Auction,Closed,2025-10-09 11:00:00,2025-10-10 11:00:00,1.0,2025-11-08 12:00:00,46986.0,97514.33,53201.21,1.8329,17,7,370,1.075391180351594,50528.33,19.5,2.4285714285714284,21.764705882352946,,Car,False,Thursday,11.0,10.0,October,4.0,2.4285714285714284,36.43,61.86,Mid,,0.0,97514.33
AUC-485,Vehicles 6885,Vehicles,Car,Fujairah,Auction,Closed,2025-09-16 07:00:00,2025-09-17 00:00:00,0.769,2025-11-08 12:00:00,87990.0,120114.33,105583.05,1.1376,109,33,1254,0.365090692124105,32124.33,94.1,3.303030303030303,11.504587155963304,,Car,False,Tuesday,7.0,9.0,September,3.0,3.303030303030303,16.17,9.7,Mid,,0.0,0.0
AUC-486,Vehicles 8715,Vehicles,Car,Umm Al Quwain,Auction,Closed,2025-09-10 15:00:00,2025-09-11 01:00:00,0.478,2025-11-08 12:00:00,124779.76,218116.46,140690.86,1.5503,83,28,905,0.7480115364863661,93336.7,71.125,2.9642857142857144,10.903614457831326,,Car,False,Wednesday,15.0,9.0,September,3.0,2.9642857142857144,27.94,56.76,High,,0.0,218116.46
AUC-487,Vehicles 5332,Vehicles,Car,Ajman,BuyNow,Closed,2025-09-30 18:00:00,2025-10-02 17:00:00,1.958,2025-11-08 12:00:00,185331.0,260200.91,225704.66,1.1528,48,18,734,0.4039794206042162,74869.91,46.85,2.6666666666666665,15.291666666666666,,Car,False,Tuesday,18.0,9.0,September,3.0,2.6666666666666665,15.12,49.07,High,,0.0,260200.91
AUC-488,Vehicles 5515,Vehicles,Car,Fujairah,Auction,Closed,2025-10-22 18:00:00,2025-10-25 15:00:00,2.875,2025-11-08 12:00:00,22072.26,39818.12,26918.14,1.4792,59,30,1176,0.8039892607281721,17745.86,66.4,1.9666666666666663,19.93220338983051,,Car,False,Wednesday,18.0,10.0,October,4.0,1.9666666666666663,28.56,17.14,Mid,,0.0,0.0
AUC-489,Vehicles 5527,Vehicles,Car,Sharjah,Auction,Closed,2025-10-26 04:00:00,2025-10-26 13:00:00,0.375,2025-11-08 12:00:00,42902.0,56550.98,50417.03,1.1217,34,27,914,0.318143210106755,13648.98,46.6,1.2592592592592593,26.88235294117647,,Car,False,Sunday,4.0,10.0,October,4.0,1.2592592592592593,11.82,7.09,Mid,,0.0,0.0
AUC-490,Vehicles 2029,Vehicles,Car,Dubai,Auction,Closed,2025-09-27 21:00:00,2025-09-30 00:00:00,2.125,2025-11-08 12:00:00,108342.0,235788.11,133131.26,1.7711,26,14,601,1.176331524247291,127446.11,31.525,1.8571428571428568,23.115384615384617,,Car,False,Saturday,21.0,9.0,September,3.0,1.8571428571428568,39.98,63.99,High,,0.0,235788.11
AUC-491,Vehicles 1810,Vehicles,Car,Fujairah,Auction,Closed,2025-10-24 04:00:00,2025-10-25 23:00:00,1.922,2025-11-08 12:00:00,117980.0,166747.75,135582.02,1.2299,81,29,1637,0.4133560773012375,48767.75,88.675,2.793103448275862,20.20987654320988,,Car,False,Friday,4.0,10.0,October,4.0,2.793103448275862,16.44,9.86,High,,0.0,0.0
AUC-492,Vehicles 1183,Vehicles,Car,Abu Dhabi,Auction,Closed,2025-10-03 22:00:00,2025-10-04 13:00:00,0.688,2025-11-08 12:00:00,195332.0,237181.1,221561.22,1.0705,89,28,1001,0.2142460016791924,41849.1,76.525,3.1785714285714284,11.247191011235955,,Car,False,Friday,22.0,10.0,October,4.0,3.1785714285714284,10.39,46.23,High,,0.0,237181.1
AUC-493,Vehicles 6995,Vehicles,Car,Ras Al Khaimah,Auction,Closed,2025-09-17 07:00:00,2025-09-18 01:00:00,0.75,2025-11-08 12:00:00,14709.0,17462.82,18397.37,0.9492,20,17,526,0.1872200693452987,2753.82,27.4,1.1764705882352942,26.3,,Car,False,Wednesday,7.0,9.0,September,3.0,1.1764705882352942,6.86,44.12,Mid,,0.0,17462.82
AUC-494,Vehicles 4769,Vehicles,Car,Sharjah,Auction,Closed,2025-10-14 04:00:00,2025-10-15 03:00:00,0.958,2025-11-08 12:00:00,31426.0,59908.9,40304.51,1.4864,2,1,22,0.906348246674728,28482.9,1.8,2.0,11.0,,Car,False,Tuesday,4.0,10.0,October,4.0,2.0,30.29,58.17,Mid,,0.0,59908.9
AUC-495,Vehicles 8790,Vehicles,Car,Fujairah,Auction,Closed,2025-10-14 10:00:00,2025-10-16 12:00:00,2.144,2025-11-08 12:00:00,96950.0,134848.83,124207.29,1.0857,71,26,1001,0.3909110881897884,37898.83,67.025,2.730769230769231,14.098591549295774,,Car,False,Tuesday,10.0,10.0,October,4.0,2.730769230769231,15.36,49.22,Mid,,0.0,134848.83
AUC-496,Vehicles 7319,Vehicles,Car,Dubai,BuyNow,Closed,2025-11-03 18:00:00,2025-11-04 18:00:00,1.0,2025-11-08 12:00:00,33407.0,59694.36,42568.59,1.4023,22,12,396,0.7868817912413566,26287.36,23.9,1.8333333333333333,18.0,,Car,False,Monday,18.0,11.0,November,4.0,1.8333333333333333,26.89,16.13,Mid,,0.0,0.0
AUC-497,Vehicles 2272,Vehicles,Car,Umm Al Quwain,Auction,Closed,2025-10-20 15:00:00,2025-10-23 03:00:00,2.5,2025-11-08 12:00:00,36001.0,50270.26,40043.42,1.2554,20,13,214,0.3963573234076832,14269.26,18.6,1.5384615384615383,10.7,,Car,False,Monday,15.0,10.0,October,4.0,1.5384615384615383,13.98,48.39,Mid,,0.0,50270.26
AUC-498,Vehicles 1900,Vehicles,Car,Ajman,Auction,Closed,2025-09-25 17:00:00,2025-09-26 22:00:00,1.208,2025-11-08 12:00:00,185587.0,394159.79,210567.39,1.8719,35,25,390,1.1238545264485118,208572.79,33.5,1.4,11.142857142857142,,Car,False,Thursday,17.0,9.0,September,3.0,1.4,38.71,63.23,High,,0.0,394159.79
AUC-499,Vehicles 4294,Vehicles,Car,Ajman,Auction,Closed,2025-10-16 07:00:00,2025-10-16 18:00:00,0.518,2025-11-08 12:00:00,118432.0,164034.12,134314.65,1.2213,75,28,1046,0.3850489732504728,45602.12,70.65,2.6785714285714284,13.946666666666667,,Car,False,Thursday,7.0,10.0,October,4.0,2.6785714285714284,15.22,49.13,High,,0.0,164034.12
AUC-500,Vehicles 9287,Vehicles,Car,Abu Dhabi,Auction,Closed,2025-10-28 15:00:00,2025-10-29 01:00:00,0.417,2025-11-08 12:00:00,211995.27,391232.15,241402.09,1.6207,8,3,222,0.8454758448148397,179236.88,10.3,2.6666666666666665,27.75,,Car,False,Tuesday,15.0,10.0,October,4.0,2.6666666666666665,28.44,17.06,High,,0.0,0.0
AUC-501,Vehicles 1437,Vehicles,Car,Ras Al Khaimah,Auction,Closed,2025-10-30 17:00:00,2025-11-01 00:00:00,1.357,2025-11-08 12:00:00,106398.0,203667.04,136491.51,1.4922,92,29,1367,0.9141998909753944,97269.04,87.425,3.1724137931034484,14.858695652173912,,Car,False,Thursday,17.0,10.0,October,4.0,3.1724137931034484,33.06,59.84,High,,0.0,203667.04
AUC-502,Vehicles 2686,Vehicles,Car,Sharjah,BuyNow,Closed,2025-10-31 07:00:00,2025-11-01 14:00:00,1.292,2025-11-08 12:00:00,180438.0,301494.47,219208.25,1.3754,19,10,349,0.6709034128066148,121056.47,20.725,1.9,18.36842105263158,,Car,False,Friday,7.0,10.0,October,4.0,1.9,22.92,53.75,High,,0.0,301494.47
AUC-503,Vehicles 1266,Vehicles,Car,Fujairah,BuyNow,Closed,2025-09-27 02:00:00,2025-09-29 07:00:00,2.208,2025-11-08 12:00:00,156333.0,260524.48,200465.58,1.2996,30,20,461,0.6664714423698133,104191.48,31.525,1.5,15.366666666666667,,Car,False,Saturday,2.0,9.0,September,3.0,1.5,23.31,53.99,High,,0.0,260524.48
AUC-504,Vehicles 4722,Vehicles,Car,Sharjah,Auction,Closed,2025-09-30 16:00:00,2025-10-02 04:00:00,1.64,2025-11-08 12:00:00,96558.0,178853.95,111326.65,1.6066,91,30,994,0.852295511506038,82295.95,77.85,3.033333333333333,10.923076923076923,,Car,False,Tuesday,16.0,9.0,September,3.0,3.033333333333333,31.71,59.03,Mid,,0.0,178853.95
AUC-505,Vehicles 9905,Vehicles,Car,Dubai,Auction,Closed,2025-10-06 17:00:00,2025-10-07 08:00:00,0.625,2025-11-08 12:00:00,146026.0,265850.02,173441.08,1.5328,28,8,483,0.820566337501541,119824.02,28.075,3.5,17.25,,Car,False,Monday,17.0,10.0,October,4.0,3.5,28.3,56.98,High,,0.0,265850.02
AUC-506,Vehicles 7152,Vehicles,Car,Ras Al Khaimah,Auction,Closed,2025-10-07 16:00:00,2025-10-08 10:00:00,0.75,2025-11-08 12:00:00,88595.0,177440.2,99568.05,1.7821,16,8,169,1.0028240871381005,88845.2,14.225,2.0,10.5625,,Car,False,Tuesday,16.0,10.0,October,4.0,2.0,34.02,60.41,Mid,,0.0,177440.2
AUC-507,Vehicles 5440,Vehicles,Car,Abu Dhabi,Auction,Closed,2025-10-27 04:00:00,2025-10-28 22:00:00,1.854,2025-11-08 12:00:00,81369.0,107539.98,97030.98,1.1083,105,33,1113,0.3216333001511631,26170.98,88.575,3.1818181818181817,10.6,,Car,False,Monday,4.0,10.0,October,4.0,3.1818181818181817,14.47,48.68,Mid,,0.0,107539.98
AUC-508,Vehicles 2299,Vehicles,Car,Abu Dhabi,Auction,Closed,2025-10-07 03:00:00,2025-10-08 05:00:00,1.083,2025-11-08 12:00:00,89920.0,130108.53,101771.64,1.2784,38,13,1046,0.4469364991103203,40188.53,48.4,2.923076923076923,27.526315789473685,,Car,False,Tuesday,3.0,10.0,October,4.0,2.923076923076923,15.93,49.56,Mid,,0.0,130108.53
AUC-509,Vehicles 4199,Vehicles,Car,Ras Al Khaimah,BuyNow,Closed,2025-11-02 01:00:00,2025-11-04 02:00:00,2.165,2025-11-08 12:00:00,37900.0,50858.23,41873.79,1.2146,109,33,1894,0.3419058047493404,12958.23,110.1,3.303030303030303,17.376146788990827,,Car,False,Sunday,1.0,11.0,November,4.0,3.303030303030303,15.19,49.11,Mid,,0.0,50858.23
AUC-510,Vehicles 5720,Vehicles,Car,Ras Al Khaimah,Auction,Closed,2025-09-10 02:00:00,2025-09-12 20:00:00,2.75,2025-11-08 12:00:00,44802.0,58944.67,57920.27,1.0177,28,13,351,0.3156705057809919,14142.67,26.025,2.1538461538461537,12.535714285714286,,Car,False,Wednesday,2.0,9.0,September,3.0,2.1538461538461537,11.53,46.92,Mid,,0.0,58944.67
AUC-511,Vehicles 3473,Vehicles,Car,Ras Al Khaimah,Auction,Closed,2025-11-02 10:00:00,2025-11-03 14:00:00,1.167,2025-11-08 12:00:00,135331.0,244267.49,172342.17,1.4173,32,22,518,0.804963312175333,108936.49,34.45,1.4545454545454546,16.1875,,Car,False,Sunday,10.0,11.0,November,4.0,1.4545454545454546,27.9,56.74,High,,0.0,244267.49
AUC-512,Vehicles 7344,Vehicles,Car,Sharjah,Auction,Closed,2025-10-11 06:00:00,2025-10-12 23:00:00,1.708,2025-11-08 12:00:00,85357.0,104589.43,102169.44,1.0237,26,18,464,0.2253175486486169,19232.43,29.1,1.4444444444444444,17.846153846153847,,Car,False,Saturday,6.0,10.0,October,4.0,1.4444444444444444,8.4,45.04,Mid,,0.0,104589.43
AUC-513,Vehicles 9819,Vehicles,Car,Fujairah,Auction,Closed,2025-11-04 17:00:00,2025-11-07 05:00:00,2.615,2025-11-08 12:00:00,106538.0,143523.27,125678.09,1.142,100,34,2182,0.3471556627682141,36985.27,113.05,2.9411764705882355,21.82,,Car,False,Tuesday,17.0,11.0,November,4.0,2.9411764705882355,15.05,9.03,High,,0.0,0.0
AUC-514,Vehicles 2853,Vehicles,Car,Sharjah,BuyNow,Closed,2025-09-20 11:00:00,2025-09-21 05:00:00,0.852,2025-11-08 12:00:00,13680.0,25897.21,17382.61,1.4898,61,19,725,0.8930709064327484,12217.21,53.375,3.210526315789474,11.885245901639344,,Car,False,Saturday,11.0,9.0,September,3.0,3.210526315789474,32.04,19.22,Mid,,0.0,0.0
AUC-515,Vehicles 3270,Vehicles,Car,Fujairah,Auction,Closed,2025-10-27 20:00:00,2025-10-29 10:00:00,1.583,2025-11-08 12:00:00,108171.0,163120.72,136810.46,1.1923,41,18,488,0.5079893871740115,54949.72,37.2,2.2777777777777777,11.902439024390244,,Car,False,Monday,20.0,10.0,October,4.0,2.2777777777777777,18.5,51.1,High,,0.0,163120.72
AUC-516,Vehicles 2135,Vehicles,Car,Ajman,Auction,Closed,2025-09-11 17:00:00,2025-09-12 17:00:00,1.0,2025-11-08 12:00:00,122422.0,170085.77,139457.6,1.2196,21,16,400,0.389339906226005,47663.77,24.5,1.3125,19.047619047619047,,Car,False,Thursday,17.0,9.0,September,3.0,1.3125,13.72,48.23,High,,0.0,170085.77
AUC-517,Vehicles 7530,Vehicles,Car,Dubai,Auction,Closed,2025-11-02 16:00:00,2025-11-04 14:00:00,1.917,2025-11-08 12:00:00,60479.78,65252.96,68291.52,0.9555,18,13,182,0.0789219140678091,4773.18,16.8,1.3846153846153846,10.11111111111111,,Car,False,Sunday,16.0,11.0,November,4.0,1.3846153846153846,3.32,41.99,Mid,,0.0,65252.96
AUC-518,Vehicles 5155,Vehicles,Car,Sharjah,BuyNow,Closed,2025-09-16 22:00:00,2025-09-19 04:00:00,2.25,2025-11-08 12:00:00,162650.0,188815.74,207976.63,0.9079,39,15,985,0.1608714417460804,26165.74,47.875,2.6,25.256410256410252,,Car,False,Tuesday,22.0,9.0,September,3.0,2.6,6.62,43.97,High,,0.0,188815.74
AUC-519,Vehicles 3553,Vehicles,Car,Ajman,Auction,Closed,2025-09-28 17:00:00,2025-09-29 06:00:00,0.542,2025-11-08 12:00:00,194840.0,232565.01,236520.89,0.9833,53,16,572,0.1936204578115377,37725.01,44.8,3.3125,10.79245283018868,,Car,False,Sunday,17.0,9.0,September,3.0,3.3125,8.35,45.01,High,,0.0,232565.01
AUC-520,Vehicles 2972,Vehicles,Car,Abu Dhabi,Auction,Closed,2025-10-23 03:00:00,2025-10-23 19:00:00,0.667,2025-11-08 12:00:00,86264.0,156399.31,109381.59,1.4299,55,26,781,0.8130310442362978,70135.31,53.525,2.1153846153846154,14.2,,Car,False,Thursday,3.0,10.0,October,4.0,2.1153846153846154,29.02,17.41,Mid,,0.0,0.0
AUC-521,Vehicles 1634,Vehicles,Car,Sharjah,Auction,Closed,2025-10-25 23:00:00,2025-10-26 04:00:00,0.208,2025-11-08 12:00:00,175225.0,271858.68,212289.6,1.2806,5,2,57,0.551483407048081,96633.68,4.425,2.5,11.4,,Car,False,Saturday,23.0,10.0,October,4.0,2.5,18.57,51.14,High,,0.0,271858.68
AUC-522,Vehicles 5284,Vehicles,Car,Ajman,Auction,Closed,2025-10-17 05:00:00,2025-10-17 09:00:00,0.167,2025-11-08 12:00:00,186764.0,396916.93,225928.92,1.7568,44,18,527,1.1252325394615663,210152.93,39.675,2.4444444444444446,11.977272727272728,,Car,False,Friday,5.0,10.0,October,4.0,2.4444444444444446,39.19,63.51,High,,0.0,396916.93
AUC-523,Vehicles 7148,Vehicles,Car,Dubai,BuyNow,Closed,2025-09-18 13:00:00,2025-09-18 20:00:00,0.375,2025-11-08 12:00:00,132612.0,154398.02,150846.01,1.0235,62,19,1245,0.1642839260398756,21786.02,66.875,3.263157894736842,20.080645161290324,,Car,False,Thursday,13.0,9.0,September,3.0,3.263157894736842,7.34,44.4,High,,0.0,154398.02
AUC-524,Vehicles 3115,Vehicles,Car,Abu Dhabi,Auction,Closed,2025-09-14 20:00:00,2025-09-17 00:00:00,2.295,2025-11-08 12:00:00,83382.0,170044.7,96220.02,1.7672,81,26,957,1.0393454222733924,86662.7,70.925,3.1153846153846154,11.814814814814817,,Car,False,Sunday,20.0,9.0,September,3.0,3.1153846153846154,37.66,62.6,Mid,,0.0,170044.7
AUC-525,Vehicles 1014,Vehicles,Car,Fujairah,Auction,Closed,2025-10-25 13:00:00,2025-10-28 06:00:00,2.708,2025-11-08 12:00:00,54792.0,106720.31,62869.06,1.6975,38,23,614,0.9477352533216528,51928.31,40.1,1.6521739130434785,16.157894736842106,,Car,False,Saturday,13.0,10.0,October,4.0,1.6521739130434785,32.98,59.79,Mid,,0.0,106720.31
AUC-526,Vehicles 5259,Vehicles,Car,Sharjah,Auction,Closed,2025-10-15 07:00:00,2025-10-16 14:00:00,1.292,2025-11-08 12:00:00,231194.14,493973.87,255918.63,1.9302,41,15,1168,1.1366193364589603,262779.73,53.45,2.7333333333333334,28.48780487804878,,Car,False,Wednesday,7.0,10.0,October,4.0,2.7333333333333334,39.1,63.46,High,,0.0,493973.87
AUC-527,Vehicles 7081,Vehicles,Car,Umm Al Quwain,Auction,Closed,2025-10-21 04:00:00,2025-10-23 20:00:00,2.667,2025-11-08 12:00:00,198897.0,287454.33,221420.24,1.2982,13,4,290,0.4452421605152416,88557.33,14.75,3.25,22.307692307692307,,Car,False,Tuesday,4.0,10.0,October,4.0,3.25,15.19,49.11,High,,0.0,287454.33
AUC-528,Vehicles 4104,Vehicles,Car,Ajman,Auction,Closed,2025-10-28 09:00:00,2025-10-30 14:00:00,2.208,2025-11-08 12:00:00,148922.0,307546.92,189632.36,1.6218,43,13,795,1.065154376116356,158624.92,44.625,3.3076923076923075,18.48837209302325,,Car,False,Tuesday,9.0,10.0,October,4.0,3.3076923076923075,36.96,62.18,High,,0.0,307546.92
AUC-529,Vehicles 3253,Vehicles,Car,Ajman,BuyNow,Closed,2025-09-27 16:00:00,2025-09-30 02:00:00,2.417,2025-11-08 12:00:00,145297.0,181098.1,167421.57,1.0817,23,9,246,0.2463994438976717,35801.1,19.9,2.555555555555556,10.695652173913045,,Car,False,Saturday,16.0,9.0,September,3.0,2.555555555555556,8.89,5.33,High,,0.0,0.0
AUC-530,Vehicles 2388,Vehicles,Car,Sharjah,Auction,Closed,2025-10-15 22:00:00,2025-10-18 04:00:00,2.25,2025-11-08 12:00:00,56404.79,113960.16,66855.87,1.7046,11,7,287,1.020398622173755,57555.37,14.425,1.5714285714285714,26.09090909090909,,Car,False,Wednesday,22.0,10.0,October,4.0,1.5714285714285714,34.36,60.62,Mid,,0.0,113960.16
AUC-531,Vehicles 7714,Vehicles,Car,Ajman,Auction,Closed,2025-10-24 05:00:00,2025-10-24 22:00:00,0.787,2025-11-08 12:00:00,47482.0,54167.08,59640.74,0.9082,62,25,835,0.1407918790278421,6685.08,58.125,2.48,13.46774193548387,,Car,False,Friday,5.0,10.0,October,4.0,2.48,6.75,4.05,Mid,,0.0,0.0
AUC-532,Vehicles 8753,Vehicles,Car,Fujairah,Auction,Closed,2025-09-15 16:00:00,2025-09-17 07:00:00,1.625,2025-11-08 12:00:00,141555.0,204488.74,178108.25,1.1481,46,17,961,0.4445886051358129,62933.74,51.275,2.7058823529411766,20.89130434782609,,Car,False,Monday,16.0,9.0,September,3.0,2.7058823529411766,16.07,49.64,High,,0.0,204488.74
AUC-533,Vehicles 7926,Vehicles,Car,Ras Al Khaimah,Auction,Closed,2025-09-22 08:00:00,2025-09-23 23:00:00,1.625,2025-11-08 12:00:00,171369.0,259994.3,218287.45,1.1911,49,27,1110,0.5171606299855865,88625.3,59.0,1.8148148148148149,22.6530612244898,,Car,False,Monday,8.0,9.0,September,3.0,1.8148148148148149,18.85,51.31,High,,0.0,259994.3
AUC-534,Vehicles 5663,Vehicles,Car,Abu Dhabi,Auction,Closed,2025-09-19 19:00:00,2025-09-21 18:00:00,1.958,2025-11-08 12:00:00,38869.0,81555.01,49542.51,1.6462,17,5,173,1.0982019089763049,42686.01,14.075,3.4,10.176470588235292,,Car,False,Friday,19.0,9.0,September,3.0,3.4,37.2,22.32,Mid,,0.0,0.0
AUC-535,Vehicles 7516,Vehicles,Car,Umm Al Quwain,Auction,Closed,2025-11-03 02:00:00,2025-11-05 12:00:00,2.417,2025-11-08 12:00:00,85368.84,146016.2,95619.3,1.5271,59,34,1385,0.71041565048793,60647.36,72.625,1.7352941176470589,23.47457627118644,,Car,False,Monday,2.0,11.0,November,4.0,1.7352941176470589,25.38,55.23,Mid,,0.0,146016.2
AUC-536,Vehicles 4571,Vehicles,Car,Ras Al Khaimah,Auction,Closed,2025-09-13 22:00:00,2025-09-14 09:00:00,0.458,2025-11-08 12:00:00,115732.0,245106.93,136242.24,1.7991,56,17,1177,1.1178838177859192,129374.93,61.675,3.294117647058824,21.017857142857142,,Car,False,Saturday,22.0,9.0,September,3.0,3.294117647058824,39.12,63.47,High,,0.0,245106.93
AUC-537,Vehicles 1220,Vehicles,Car,Dubai,Auction,Closed,2025-10-01 17:00:00,2025-10-03 18:00:00,2.042,2025-11-08 12:00:00,36436.0,71692.24,40307.88,1.7786,20,9,361,0.9676210341420576,35256.24,21.275,2.2222222222222223,18.05,,Car,False,Wednesday,17.0,10.0,October,4.0,2.2222222222222223,32.84,59.7,Mid,,0.0,71692.24
AUC-538,Vehicles 4307,Vehicles,Car,Fujairah,BuyNow,Closed,2025-10-06 00:00:00,2025-10-08 12:00:00,2.5,2025-11-08 12:00:00,32150.0,44767.11,39343.4,1.1379,16,13,172,0.392445101088647,12617.11,15.55,1.2307692307692308,10.75,,Car,False,Monday,0.0,10.0,October,4.0,1.2307692307692308,13.72,48.23,Mid,,0.0,44767.11
AUC-539,Vehicles 7332,Vehicles,Car,Ajman,Auction,Closed,2025-11-06 09:00:00,2025-11-06 20:00:00,0.562,2025-11-08 12:00:00,52893.0,78744.06,61079.64,1.2892,71,29,1664,0.4887425557257103,25851.06,84.35,2.4482758620689653,23.43661971830986,,Car,False,Thursday,9.0,11.0,November,4.0,2.4482758620689653,18.53,51.12,Mid,,0.0,78744.06
AUC-540,Vehicles 6825,Vehicles,Car,Ras Al Khaimah,Auction,Closed,2025-09-13 20:00:00,2025-09-15 04:00:00,1.474,2025-11-08 12:00:00,125935.0,250603.63,150468.24,1.6655,66,25,680,0.9899442569579544,124668.63,56.25,2.64,10.303030303030305,,Car,False,Saturday,20.0,9.0,September,3.0,2.64,35.37,21.22,High,,0.0,0.0
AUC-541,Vehicles 9910,Vehicles,Car,Umm Al Quwain,Auction,Closed,2025-10-02 22:00:00,2025-10-05 14:00:00,2.667,2025-11-08 12:00:00,85840.0,145860.47,103122.35,1.4144,19,6,227,0.6992133038210625,60020.47,16.675,3.1666666666666665,11.947368421052632,,Car,False,Thursday,22.0,10.0,October,4.0,3.1666666666666665,23.96,54.38,Mid,,0.0,145860.47
AUC-542,Vehicles 9976,Vehicles,Car,Fujairah,Auction,Closed,2025-09-18 19:00:00,2025-09-19 00:00:00,0.332,2025-11-08 12:00:00,162670.0,305390.37,210486.47,1.4509,83,34,905,0.8773613450544046,142720.37,72.625,2.4411764705882355,10.903614457831326,,Car,False,Thursday,19.0,9.0,September,3.0,2.4411764705882355,32.3,59.38,High,,0.0,305390.37
AUC-543,Vehicles 3183,Vehicles,Car,Abu Dhabi,Auction,Closed,2025-09-27 23:00:00,2025-09-28 13:00:00,0.583,2025-11-08 12:00:00,90166.0,142150.72,107491.63,1.3224,7,5,91,0.5765445955238117,51984.72,7.025,1.4,13.0,,Car,False,Saturday,23.0,9.0,September,3.0,1.4,19.47,51.68,Mid,,0.0,142150.72
AUC-544,Vehicles 1086,Vehicles,Car,Dubai,Auction,Closed,2025-09-18 17:00:00,2025-09-21 03:00:00,2.417,2025-11-08 12:00:00,115263.0,135274.1,147080.1,0.9197,33,10,353,0.173612520930394,20011.1,27.825,3.3,10.696969696969695,,Car,False,Thursday,17.0,9.0,September,3.0,3.3,6.83,44.1,High,,0.0,135274.1
AUC-545,Vehicles 3467,Vehicles,Car,Ras Al Khaimah,Auction,Closed,2025-09-26 14:00:00,2025-09-27 05:00:00,0.688,2025-11-08 12:00:00,32622.0,46481.46,41536.44,1.1191,63,25,1053,0.4248501011587272,13859.46,64.075,2.52,16.714285714285715,,Car,False,Friday,14.0,9.0,September,3.0,2.52,15.9,49.54,Mid,,0.0,46481.46
AUC-546,Vehicles 8884,Vehicles,Car,Ajman,BuyNow,Closed,2025-09-11 07:00:00,2025-09-13 10:00:00,2.125,2025-11-08 12:00:00,63471.0,76486.84,75809.13,1.0089,35,19,441,0.2050675111468229,13015.84,33.275,1.8421052631578947,12.6,,Car,False,Thursday,7.0,9.0,September,3.0,1.8421052631578947,8.03,44.82,Mid,,0.0,76486.84
AUC-547,Vehicles 8320,Vehicles,Car,Ajman,BuyNow,Closed,2025-10-22 11:00:00,2025-10-25 04:00:00,2.708,2025-11-08 12:00:00,123751.0,208230.15,158824.6,1.3111,52,16,1476,0.6826542815815629,84479.15,66.9,3.25,28.384615384615383,,Car,False,Wednesday,11.0,10.0,October,4.0,3.25,24.43,54.66,High,,0.0,208230.15
AUC-548,Vehicles 1888,Vehicles,Car,Abu Dhabi,Auction,Closed,2025-10-24 09:00:00,2025-10-25 22:00:00,1.542,2025-11-08 12:00:00,34819.0,64405.59,41953.17,1.5352,47,32,851,0.8497254372612653,29586.59,52.775,1.46875,18.106382978723403,,Car,False,Friday,9.0,10.0,October,4.0,1.46875,30.02,58.01,Mid,,0.0,64405.59
AUC-549,Vehicles 2443,Vehicles,Car,Abu Dhabi,BuyNow,Closed,2025-09-24 03:00:00,2025-09-25 15:00:00,1.5,2025-11-08 12:00:00,59765.0,64695.74,75409.39,0.8579,38,27,470,0.0825021333556429,4930.74,37.5,1.4074074074074074,12.36842105263158,,Car,False,Wednesday,3.0,9.0,September,3.0,1.4074074074074074,3.93,42.36,Mid,,0.0,64695.74
AUC-550,Vehicles 6071,Vehicles,Car,Fujairah,BuyNow,Closed,2025-10-06 13:00:00,2025-10-07 22:00:00,1.499,2025-11-08 12:00:00,59217.0,65737.02,76381.52,0.8606,80,33,1592,0.1101038553118193,6520.02,88.05,2.4242424242424243,19.9,,Car,False,Monday,13.0,10.0,October,4.0,2.4242424242424243,6.32,43.79,Mid,,0.0,65737.02
AUC-551,Vehicles 6944,Vehicles,Car,Sharjah,Auction,Closed,2025-10-02 07:00:00,2025-10-03 12:00:00,1.208,2025-11-08 12:00:00,98052.0,140222.59,110101.0,1.2736,26,10,738,0.4300839350548688,42170.59,33.95,2.6,28.384615384615383,,Car,False,Thursday,7.0,10.0,October,4.0,2.6,15.17,49.1,Mid,,0.0,140222.59
AUC-552,Vehicles 9840,Vehicles,Car,Umm Al Quwain,Auction,Closed,2025-09-25 07:00:00,2025-09-26 12:00:00,1.329,2025-11-08 12:00:00,73784.0,117276.98,92693.59,1.2652,69,29,1903,0.5894635693375258,43492.98,89.325,2.3793103448275863,27.57971014492753,,Car,False,Thursday,7.0,9.0,September,3.0,2.3793103448275863,21.98,53.19,Mid,,0.0,117276.98
AUC-553,Vehicles 7794,Vehicles,Car,Sharjah,Auction,Closed,2025-10-03 20:00:00,2025-10-05 13:00:00,1.708,2025-11-08 12:00:00,10990.0,21233.43,12616.78,1.683,27,8,406,0.9320682438580528,10243.43,25.65,3.375,15.037037037037036,,Car,False,Friday,20.0,10.0,October,4.0,3.375,31.98,59.19,Mid,,0.0,21233.43
AUC-554,Vehicles 2906,Vehicles,Car,Abu Dhabi,Auction,Closed,2025-09-18 08:00:00,2025-09-21 00:00:00,2.667,2025-11-08 12:00:00,108361.0,205398.94,131271.51,1.5647,51,28,1098,0.8955061322800639,97037.94,59.95,1.8214285714285716,21.529411764705884,,Car,False,Thursday,8.0,9.0,September,3.0,1.821428571428572,31.5,58.9,High,,0.0,205398.94
AUC-555,Vehicles 1334,Vehicles,Car,Abu Dhabi,Auction,Closed,2025-10-15 18:00:00,2025-10-18 16:00:00,2.977,2025-11-08 12:00:00,27242.0,46905.94,34121.91,1.3747,66,19,1750,0.7218243888113942,19663.94,81.5,3.473684210526316,26.51515151515152,,Car,False,Wednesday,18.0,10.0,October,4.0,3.473684210526316,26.16,55.7,Mid,,0.0,46905.94
AUC-556,Vehicles 6701,Vehicles,Car,Ras Al Khaimah,Auction,Closed,2025-09-14 14:00:00,2025-09-17 04:00:00,2.583,2025-11-08 12:00:00,105604.0,183688.2,124634.14,1.4738,26,21,479,0.7394057043293816,78084.2,30.225,1.238095238095238,18.423076923076923,,Car,False,Sunday,14.0,9.0,September,3.0,1.238095238095238,25.55,55.33,High,,0.0,183688.2
AUC-557,Vehicles 5983,Vehicles,Car,Ras Al Khaimah,BuyNow,Closed,2025-10-31 11:00:00,2025-10-31 23:00:00,0.5,2025-11-08 12:00:00,104884.0,150642.97,130424.03,1.155,6,4,89,0.4362817016894855,45758.97,6.225,1.5,14.833333333333334,,Car,False,Friday,11.0,10.0,October,4.0,1.5,14.77,48.86,High,,0.0,150642.97
AUC-558,Vehicles 9294,Vehicles,Car,Dubai,Auction,Closed,2025-09-28 14:00:00,2025-09-29 14:00:00,1.0,2025-11-08 12:00:00,102087.0,198724.16,127212.84,1.5621,49,30,498,0.9466157297207284,96637.16,44.45,1.6333333333333333,10.16326530612245,,Car,False,Sunday,14.0,9.0,September,3.0,1.6333333333333333,33.4,60.04,High,,0.0,198724.16
AUC-559,Vehicles 6182,Vehicles,Car,Sharjah,Auction,Closed,2025-09-13 00:00:00,2025-09-15 07:00:00,2.292,2025-11-08 12:00:00,144385.0,280822.68,163026.55,1.7226,14,10,155,0.9449574401773037,136437.68,13.375,1.4,11.071428571428571,,Car,False,Saturday,0.0,9.0,September,3.0,1.4,31.96,59.18,High,,0.0,280822.68
AUC-560,Vehicles 5510,Vehicles,Car,Ajman,Auction,Closed,2025-10-20 20:00:00,2025-10-22 13:00:00,1.708,2025-11-08 12:00:00,14324.0,25811.75,18457.09,1.3985,46,21,1268,0.8019931583356604,11487.75,59.95,2.1904761904761907,27.565217391304348,,Car,False,Monday,20.0,10.0,October,4.0,2.1904761904761907,28.13,56.88,Mid,,0.0,25811.75
AUC-561,Vehicles 3730,Vehicles,Car,Sharjah,Auction,Closed,2025-10-17 23:00:00,2025-10-19 01:00:00,1.083,2025-11-08 12:00:00,70132.92,113596.58,88218.16,1.2877,19,6,504,0.6197326448121653,43463.66,23.6,3.1666666666666665,26.526315789473685,,Car,False,Friday,23.0,10.0,October,4.0,3.1666666666666665,21.3,52.78,Mid,,0.0,113596.58
AUC-562,Vehicles 1776,Vehicles,Car,Fujairah,BuyNow,Closed,2025-10-19 02:00:00,2025-10-20 03:00:00,1.163,2025-11-08 12:00:00,193914.0,246779.76,244312.46,1.0101,99,32,1353,0.2726247718060584,52865.76,91.325,3.09375,13.666666666666666,,Car,False,Sunday,2.0,10.0,October,4.0,3.09375,12.55,47.53,High,,0.0,246779.76
AUC-563,Vehicles 8886,Vehicles,Car,Abu Dhabi,Auction,Closed,2025-10-04 18:00:00,2025-10-05 05:00:00,0.458,2025-11-08 12:00:00,8504.0,15107.31,10625.21,1.4218,32,11,524,0.776494590780809,6603.31,31.85,2.909090909090909,16.375,,Car,False,Saturday,18.0,10.0,October,4.0,2.909090909090909,26.74,56.04,Low,,0.0,15107.31
AUC-564,Vehicles 8433,Vehicles,Car,Dubai,Auction,Closed,2025-10-13 02:00:00,2025-10-14 04:00:00,1.083,2025-11-08 12:00:00,147924.0,163660.53,180033.68,0.9091,32,26,732,0.1063825342743571,15736.53,40.8,1.2307692307692308,22.875,,Car,False,Monday,2.0,10.0,October,4.0,1.2307692307692308,4.67,2.8,High,,0.0,0.0
AUC-565,Vehicles 2464,Vehicles,Car,Sharjah,Auction,Closed,2025-10-30 10:00:00,2025-10-31 18:00:00,1.435,2025-11-08 12:00:00,175877.0,297642.93,201549.97,1.4768,86,27,1004,0.6923357232611427,121765.93,74.85,3.185185185185185,11.674418604651162,,Car,False,Thursday,10.0,10.0,October,4.0,3.185185185185185,25.64,55.38,High,,0.0,297642.93
AUC-566,Vehicles 7334,Vehicles,Car,Umm Al Quwain,Auction,Closed,2025-09-13 17:00:00,2025-09-15 01:00:00,1.333,2025-11-08 12:00:00,58082.0,123264.5,68192.4,1.8076,40,19,775,1.1222495781825694,65182.5,44.125,2.1052631578947367,19.375,,Car,False,Saturday,17.0,9.0,September,3.0,2.1052631578947367,38.86,63.32,Mid,,0.0,123264.5
AUC-567,Vehicles 4277,Vehicles,Car,Abu Dhabi,Auction,Closed,2025-10-24 04:00:00,2025-10-25 21:00:00,1.708,2025-11-08 12:00:00,130260.0,234912.89,147059.64,1.5974,14,5,340,0.8034153999692923,104652.89,16.75,2.8,24.285714285714285,,Car,False,Friday,4.0,10.0,October,4.0,2.8,27.18,16.31,High,,0.0,0.0
AUC-568,Vehicles 4932,Vehicles,Car,Fujairah,Auction,Closed,2025-10-05 01:00:00,2025-10-05 23:00:00,0.917,2025-11-08 12:00:00,109821.0,133844.99,124202.66,1.0776,29,10,290,0.2187558845758096,24023.99,24.25,2.9,10.0,,Car,False,Sunday,1.0,10.0,October,4.0,2.9,8.31,44.99,High,,0.0,133844.99
AUC-569,Vehicles 8637,Vehicles,Car,Dubai,Auction,Closed,2025-10-02 01:00:00,2025-10-02 19:00:00,0.75,2025-11-08 12:00:00,27782.0,49483.32,33027.92,1.4982,34,21,684,0.7811287884241596,21701.32,39.35,1.619047619047619,20.11764705882353,,Car,False,Thursday,1.0,10.0,October,4.0,1.619047619047619,27.27,56.36,Mid,,0.0,49483.32
AUC-570,Vehicles 8577,Vehicles,Car,Dubai,Auction,Closed,2025-11-02 18:00:00,2025-11-05 10:00:00,2.667,2025-11-08 12:00:00,21857.0,46283.32,25904.89,1.7867,45,19,476,1.117551356544814,24426.32,39.15,2.3684210526315788,10.577777777777778,,Car,False,Sunday,18.0,11.0,November,4.0,2.3684210526315788,38.9,63.34,Mid,,0.0,46283.32
AUC-571,Vehicles 2715,Vehicles,Car,Ajman,Auction,Closed,2025-11-01 02:00:00,2025-11-02 09:00:00,1.345,2025-11-08 12:00:00,49398.0,104170.02,63295.43,1.6458,67,20,798,1.1087902344224465,54772.02,58.45,3.35,11.91044776119403,,Car,False,Saturday,2.0,11.0,November,4.0,3.35,39.45,63.67,Mid,,0.0,104170.02
AUC-572,Vehicles 3768,Vehicles,Car,Ajman,Auction,Closed,2025-09-08 22:00:00,2025-09-09 19:00:00,0.875,2025-11-08 12:00:00,110524.0,153285.24,141091.99,1.0864,16,9,169,0.3868955159060475,42761.24,14.475,1.7777777777777777,10.5625,,Car,False,Monday,22.0,9.0,September,3.0,1.7777777777777777,13.44,8.06,High,,0.0,0.0
AUC-573,Vehicles 8391,Vehicles,Car,Sharjah,Auction,Closed,2025-09-26 21:00:00,2025-09-28 20:00:00,1.958,2025-11-08 12:00:00,190141.0,356417.86,236280.61,1.5085,54,19,1216,0.87449240300619,166276.86,62.15,2.8421052631578947,22.51851851851852,,Car,False,Friday,21.0,9.0,September,3.0,2.8421052631578947,31.01,58.61,High,,0.0,356417.86
AUC-574,Vehicles 9252,Vehicles,Car,Abu Dhabi,Auction,Closed,2025-11-03 15:00:00,2025-11-05 07:00:00,1.667,2025-11-08 12:00:00,23046.0,25141.9,28570.92,0.88,10,3,116,0.090944198559403,2095.9,8.65,3.333333333333333,11.6,,Car,False,Monday,15.0,11.0,November,4.0,3.333333333333333,3.37,2.02,Mid,,0.0,0.0
AUC-575,Vehicles 1711,Vehicles,Car,Dubai,Auction,Closed,2025-09-19 06:00:00,2025-09-21 01:00:00,1.792,2025-11-08 12:00:00,135298.0,183382.89,171059.77,1.072,35,17,371,0.3553998580910288,48084.89,31.025,2.0588235294117645,10.6,,Car,False,Friday,6.0,9.0,September,3.0,2.0588235294117645,13.15,47.89,High,,0.0,183382.89
AUC-576,Vehicles 8501,Vehicles,Car,Umm Al Quwain,Auction,Closed,2025-10-06 23:00:00,2025-10-07 18:00:00,0.792,2025-11-08 12:00:00,175844.0,259621.34,219945.75,1.1804,8,4,173,0.476429903778349,83777.34,9.325,2.0,21.625,,Car,False,Monday,23.0,10.0,October,4.0,2.0,16.15,49.69,High,,0.0,259621.34
AUC-577,Vehicles 5402,Vehicles,Car,Sharjah,Auction,Closed,2025-10-31 12:00:00,2025-11-02 17:00:00,2.208,2025-11-08 12:00:00,47699.0,102362.62,56983.35,1.7964,52,23,1044,1.1460118660768568,54663.62,57.85,2.260869565217391,20.07692307692308,,Car,False,Friday,12.0,10.0,October,4.0,2.260869565217391,39.69,63.81,Mid,,0.0,102362.62
AUC-578,Vehicles 6312,Vehicles,Car,Dubai,Auction,Closed,2025-09-27 10:00:00,2025-09-28 03:00:00,0.77,2025-11-08 12:00:00,155852.0,216235.03,201332.92,1.074,61,20,721,0.387438274773503,60383.03,53.525,3.05,11.81967213114754,,Car,False,Saturday,10.0,9.0,September,3.0,3.05,15.19,49.11,High,,0.0,216235.03
AUC-579,Vehicles 1677,Vehicles,Car,Sharjah,Auction,Closed,2025-10-06 23:00:00,2025-10-09 11:00:00,2.566,2025-11-08 12:00:00,232537.26,295579.52,300314.78,0.9842,64,29,696,0.2711060584441392,63042.26,56.65,2.206896551724138,10.875,,Car,False,Monday,23.0,10.0,October,4.0,2.206896551724138,10.84,46.5,High,,0.0,295579.52
AUC-580,Vehicles 7122,Vehicles,Car,Ras Al Khaimah,BuyNow,Closed,2025-10-24 23:00:00,2025-10-26 07:00:00,1.333,2025-11-08 12:00:00,144276.0,162274.97,175671.42,0.9237,37,16,431,0.1247537358950899,17998.97,33.275,2.3125,11.64864864864865,,Car,False,Friday,23.0,10.0,October,4.0,2.3125,5.56,3.34,High,,0.0,0.0
AUC-581,Vehicles 7100,Vehicles,Car,Abu Dhabi,Auction,Closed,2025-09-15 03:00:00,2025-09-16 10:00:00,1.292,2025-11-08 12:00:00,61267.0,109606.51,67719.44,1.6185,10,6,148,0.788997502733935,48339.51,10.2,1.6666666666666667,14.8,,Car,False,Monday,3.0,9.0,September,3.0,1.6666666666666667,26.62,55.97,Mid,,0.0,109606.51
AUC-582,Vehicles 6963,Vehicles,Car,Ras Al Khaimah,Auction,Closed,2025-10-20 03:00:00,2025-10-21 09:00:00,1.25,2025-11-08 12:00:00,108746.0,219044.55,126319.32,1.7341,28,8,598,1.0142768469644858,110298.55,30.95,3.5,21.357142857142858,,Car,False,Monday,3.0,10.0,October,4.0,3.5,34.7,20.82,High,,0.0,0.0
AUC-583,Vehicles 8114,Vehicles,Car,Abu Dhabi,Auction,Closed,2025-10-20 04:00:00,2025-10-21 12:00:00,1.464,2025-11-08 12:00:00,134128.0,275268.83,167503.3,1.6434,91,28,1052,1.0522846087319575,141140.83,78.8,3.25,11.56043956043956,,Car,False,Monday,4.0,10.0,October,4.0,3.25,38.43,63.06,High,,0.0,275268.83
AUC-584,Vehicles 9513,Vehicles,Car,Abu Dhabi,Auction,Closed,2025-10-19 18:00:00,2025-10-21 19:00:00,2.165,2025-11-08 12:00:00,191254.0,364242.69,231692.64,1.5721,85,33,2097,0.9044971085572068,172988.69,103.175,2.575757575757576,24.67058823529412,,Car,False,Sunday,18.0,10.0,October,4.0,2.575757575757576,33.08,59.85,High,,0.0,364242.69
AUC-585,Vehicles 8647,Vehicles,Car,Abu Dhabi,Auction,Closed,2025-09-20 14:00:00,2025-09-22 03:00:00,1.542,2025-11-08 12:00:00,38731.0,46667.52,49869.34,0.9358,10,3,183,0.2049138932637937,7936.52,10.325,3.333333333333333,18.3,,Car,False,Saturday,14.0,9.0,September,3.0,3.333333333333333,7.16,44.3,Mid,,0.0,46667.52
AUC-586,Vehicles 7702,Vehicles,Car,Sharjah,Auction,Closed,2025-09-25 10:00:00,2025-09-25 22:00:00,0.602,2025-11-08 12:00:00,98722.0,162187.12,111015.6,1.4609,64,23,826,0.6428670407811835,63465.12,58.4,2.782608695652174,12.90625,,Car,False,Thursday,10.0,9.0,September,3.0,2.782608695652174,23.38,54.03,Mid,,0.0,162187.12
AUC-587,Vehicles 9830,Vehicles,Car,Dubai,Auction,Closed,2025-09-11 23:00:00,2025-09-13 17:00:00,1.75,2025-11-08 12:00:00,79753.0,88277.83,98444.89,0.8967,58,17,765,0.1068903991072436,8524.83,52.375,3.411764705882353,13.189655172413794,,Car,False,Thursday,23.0,9.0,September,3.0,3.411764705882353,5.27,43.16,Mid,,0.0,88277.83
AUC-588,Vehicles 7070,Vehicles,Car,Umm Al Quwain,Auction,Closed,2025-10-24 00:00:00,2025-10-24 22:00:00,0.917,2025-11-08 12:00:00,63162.0,86012.97,70913.52,1.2129,14,9,200,0.3617835090719103,22850.97,14.25,1.5555555555555556,14.285714285714286,,Car,False,Friday,0.0,10.0,October,4.0,1.5555555555555556,12.47,7.48,Mid,,0.0,0.0
AUC-589,Vehicles 7047,Vehicles,Car,Sharjah,Auction,Closed,2025-09-20 18:00:00,2025-09-21 05:00:00,0.458,2025-11-08 12:00:00,38098.0,45590.87,48683.92,0.9365,31,18,593,0.1966735786655468,7492.87,34.825,1.7222222222222223,19.12903225806452,,Car,False,Saturday,18.0,9.0,September,3.0,1.7222222222222223,7.64,4.58,Mid,,0.0,0.0
AUC-590,Vehicles 5877,Vehicles,Car,Fujairah,Auction,Closed,2025-10-01 14:00:00,2025-10-04 03:00:00,2.6,2025-11-08 12:00:00,92809.0,128221.86,116621.51,1.0995,104,32,1148,0.3815670893986574,35412.86,88.7,3.25,11.038461538461538,,Car,False,Wednesday,14.0,10.0,October,4.0,3.25,15.96,49.58,Mid,,0.0,128221.86
AUC-591,Vehicles 7920,Vehicles,Car,Ajman,Auction,Closed,2025-10-19 07:00:00,2025-10-20 08:00:00,1.042,2025-11-08 12:00:00,187346.0,304689.68,213327.35,1.4283,15,7,357,0.6263473999978649,117343.68,18.175,2.142857142857143,23.8,,Car,False,Sunday,7.0,10.0,October,4.0,2.142857142857143,21.33,52.8,High,,0.0,304689.68
AUC-592,Vehicles 1642,Vehicles,Car,Ajman,BuyNow,Closed,2025-11-02 23:00:00,2025-11-04 19:00:00,1.833,2025-11-08 12:00:00,53140.0,90425.1,64769.57,1.3961,60,29,1255,0.7016390666164849,37285.1,68.625,2.0689655172413794,20.916666666666668,,Car,False,Sunday,23.0,11.0,November,4.0,2.0689655172413794,25.31,15.19,Mid,,0.0,0.0
AUC-593,Vehicles 5551,Vehicles,Car,Ajman,Auction,Closed,2025-09-18 06:00:00,2025-09-18 21:00:00,0.625,2025-11-08 12:00:00,199334.0,303629.56,242825.05,1.2504,12,4,138,0.5232201230096221,104295.56,10.45,3.0,11.5,,Car,False,Thursday,6.0,9.0,September,3.0,3.0,17.88,50.73,High,,0.0,303629.56
AUC-594,Vehicles 4827,Vehicles,Car,Abu Dhabi,BuyNow,Closed,2025-10-23 09:00:00,2025-10-24 12:00:00,1.253,2025-11-08 12:00:00,106680.0,139310.47,117505.71,1.1856,66,25,702,0.3058724221972254,32630.47,56.8,2.64,10.636363636363637,,Car,False,Thursday,9.0,10.0,October,4.0,2.64,12.59,7.55,High,,0.0,0.0
AUC-595,Vehicles 9213,Vehicles,Car,Umm Al Quwain,Auction,Closed,2025-09-30 02:00:00,2025-10-01 08:00:00,1.25,2025-11-08 12:00:00,186520.0,234348.55,216977.11,1.0801,6,3,90,0.2564258524555007,47828.55,6.0,2.0,15.0,,Car,False,Tuesday,2.0,9.0,September,3.0,2.0,8.74,45.24,High,,0.0,234348.55
AUC-596,Vehicles 1652,Vehicles,Car,Dubai,Auction,Closed,2025-10-05 00:00:00,2025-10-05 13:00:00,0.542,2025-11-08 12:00:00,98977.0,152562.85,111449.44,1.3689,6,3,71,0.5413969912201825,53585.85,5.525,2.0,11.833333333333334,,Car,False,Sunday,0.0,10.0,October,4.0,2.0,18.28,50.97,Mid,,0.0,152562.85
AUC-597,Vehicles 6793,Vehicles,Car,Fujairah,Auction,Closed,2025-11-04 01:00:00,2025-11-06 23:00:00,2.917,2025-11-08 12:00:00,110789.0,217870.33,134268.53,1.6226,4,2,89,0.9665339519266352,107081.33,4.725,2.0,22.25,,Car,False,Tuesday,1.0,11.0,November,4.0,2.0,32.35,59.41,High,,0.0,217870.33
AUC-598,Vehicles 2658,Vehicles,Car,Ras Al Khaimah,Auction,Closed,2025-09-08 03:00:00,2025-09-09 04:00:00,1.042,2025-11-08 12:00:00,105126.0,185062.2,119908.09,1.5434,42,28,667,0.7603846812396554,79936.2,44.675,1.5,15.88095238095238,,Car,False,Monday,3.0,9.0,September,3.0,1.5,26.74,16.04,High,,0.0,0.0
AUC-599,Vehicles 8951,Vehicles,Car,Fujairah,Auction,Closed,2025-09-17 22:00:00,2025-09-19 17:00:00,1.792,2025-11-08 12:00:00,16065.0,29997.87,19567.18,1.5331,35,20,406,0.8672810457516339,13932.87,32.65,1.75,11.6,,Car,False,Wednesday,22.0,9.0,September,3.0,1.75,30.06,58.04,Mid,,0.0,29997.87
AUC-600,Vehicles 8665,Vehicles,Car,Ajman,Auction,Closed,2025-10-07 11:00:00,2025-10-09 05:00:00,1.75,2025-11-08 12:00:00,41252.0,50229.58,52794.22,0.9514,58,24,631,0.2176277513817512,8977.58,50.775,2.4166666666666665,10.879310344827584,,Car,False,Tuesday,11.0,10.0,October,4.0,2.4166666666666665,9.39,5.63,Mid,,0.0,0.0
AUC-601,Vehicles 3118,Vehicles,Car,Sharjah,Auction,Closed,2025-09-26 13:00:00,2025-09-27 22:00:00,1.375,2025-11-08 12:00:00,194608.0,259447.44,242248.18,1.071,18,6,504,0.3331797253966949,64839.44,23.1,3.0,28.0,,Car,False,Friday,13.0,9.0,September,3.0,3.0,11.64,46.98,High,,0.0,259447.44
AUC-602,Vehicles 8844,Vehicles,Car,Ras Al Khaimah,Auction,Closed,2025-10-08 13:00:00,2025-10-10 08:00:00,1.863,2025-11-08 12:00:00,193558.0,343608.65,230286.39,1.4921,69,32,1629,0.7752231889149507,150050.65,83.225,2.15625,23.608695652173918,,Car,False,Wednesday,13.0,10.0,October,4.0,2.15625,27.92,56.75,High,,0.0,343608.65
AUC-603,Vehicles 5470,Vehicles,Car,Abu Dhabi,BuyNow,Closed,2025-09-22 13:00:00,2025-09-24 07:00:00,1.75,2025-11-08 12:00:00,187029.0,204564.16,212843.53,0.9611,58,28,675,0.0937563693330981,17535.16,52.875,2.071428571428572,11.637931034482758,,Car,False,Monday,13.0,9.0,September,3.0,2.071428571428572,5.35,43.21,High,,0.0,204564.16
AUC-604,Vehicles 9738,Vehicles,Car,Ajman,Auction,Closed,2025-10-30 02:00:00,2025-10-30 11:00:00,0.375,2025-11-08 12:00:00,52221.0,102001.02,61212.41,1.6663,46,17,921,0.9532567357959444,49780.02,50.275,2.7058823529411766,20.02173913043478,,Car,False,Thursday,2.0,10.0,October,4.0,2.7058823529411766,33.38,20.03,Mid,,0.0,0.0
AUC-605,Vehicles 7567,Vehicles,Car,Fujairah,Auction,Closed,2025-10-10 09:00:00,2025-10-12 10:00:00,2.042,2025-11-08 12:00:00,22850.0,38904.31,26930.73,1.4446,48,31,484,0.702595623632385,16054.31,43.85,1.5483870967741935,10.083333333333334,,Car,False,Friday,9.0,10.0,October,4.0,1.5483870967741935,25.22,55.13,Mid,,0.0,38904.31
AUC-606,Vehicles 1310,Vehicles,Car,Ras Al Khaimah,Auction,Closed,2025-10-17 20:00:00,2025-10-18 07:00:00,0.458,2025-11-08 12:00:00,47389.0,97708.8,60183.87,1.6235,10,5,256,1.0618455759775476,50319.8,12.65,2.0,25.6,,Car,False,Friday,20.0,10.0,October,4.0,2.0,35.76,61.46,Mid,,0.0,97708.8
AUC-607,Vehicles 2824,Vehicles,Car,Ras Al Khaimah,Auction,Closed,2025-10-09 09:00:00,2025-10-10 18:00:00,1.375,2025-11-08 12:00:00,116559.0,154704.4,142886.12,1.0827,17,10,480,0.3272625880455391,38145.4,23.0,1.7,28.235294117647054,,Car,False,Thursday,9.0,10.0,October,4.0,1.7,11.52,46.91,High,,0.0,154704.4
AUC-608,Vehicles 4631,Vehicles,Car,Dubai,BuyNow,Closed,2025-10-09 19:00:00,2025-10-10 23:00:00,1.167,2025-11-08 12:00:00,44623.0,78352.49,53445.9,1.466,5,2,147,0.7558767899961905,33729.49,6.675,2.5,29.4,,Car,False,Thursday,19.0,10.0,October,4.0,2.5,25.34,55.2,Mid,,0.0,78352.49
AUC-609,Vehicles 2901,Vehicles,Car,Ras Al Khaimah,Auction,Closed,2025-10-29 00:00:00,2025-10-30 10:00:00,1.417,2025-11-08 12:00:00,38802.0,80117.85,47972.26,1.6701,9,6,96,1.0647866089376838,41315.85,8.4,1.5,10.666666666666666,,Car,False,Wednesday,0.0,10.0,October,4.0,1.5,35.83,61.5,Mid,,0.0,80117.85
AUC-610,Vehicles 2191,Vehicles,Car,Dubai,Auction,Closed,2025-09-09 14:00:00,2025-09-09 22:00:00,0.437,2025-11-08 12:00:00,25344.0,46467.93,30114.42,1.543,65,29,1620,0.8334883996212121,21123.93,80.25,2.2413793103448274,24.923076923076923,,Car,False,Tuesday,14.0,9.0,September,3.0,2.2413793103448274,29.75,57.85,Mid,,0.0,46467.93
AUC-611,Vehicles 9801,Vehicles,Car,Umm Al Quwain,Auction,Closed,2025-11-04 20:00:00,2025-11-06 23:00:00,2.125,2025-11-08 12:00:00,69310.5,86478.36,81146.72,1.0657,36,14,871,0.2476949379964075,17167.86,43.275,2.571428571428572,24.194444444444443,,Car,False,Tuesday,20.0,11.0,November,4.0,2.571428571428572,9.28,45.57,Mid,,0.0,86478.36
AUC-612,Vehicles 8820,Vehicles,Car,Ras Al Khaimah,Auction,Closed,2025-11-06 03:00:00,2025-11-07 11:00:00,1.407,2025-11-08 12:00:00,128438.44,138456.3,150225.2,0.9217,69,22,817,0.0779973658976236,10017.86,60.425,3.136363636363636,11.840579710144928,,Car,False,Thursday,3.0,11.0,November,4.0,3.136363636363636,5.17,3.1,High,,0.0,0.0
AUC-613,Vehicles 4911,Vehicles,Car,Umm Al Quwain,Auction,Closed,2025-10-15 13:00:00,2025-10-15 21:00:00,0.466,2025-11-08 12:00:00,181089.0,351526.62,227792.41,1.5432,86,30,2222,0.9411815184798634,170437.62,106.05,2.8666666666666667,25.837209302325583,,Car,False,Wednesday,13.0,10.0,October,4.0,2.8666666666666667,33.7,60.22,High,,0.0,351526.62
AUC-614,Vehicles 2935,Vehicles,Car,Ras Al Khaimah,BuyNow,Closed,2025-09-30 14:00:00,2025-09-30 18:00:00,0.312,2025-11-08 12:00:00,85448.0,128698.13,94325.13,1.3644,88,26,959,0.5061573120494336,43250.13,74.475,3.3846153846153846,10.897727272727272,,Car,False,Tuesday,14.0,9.0,September,3.0,3.3846153846153846,19.22,51.53,Mid,,0.0,128698.13
AUC-615,Vehicles 2636,Vehicles,Car,Sharjah,Auction,Closed,2025-10-26 16:00:00,2025-10-28 08:00:00,1.667,2025-11-08 12:00:00,77601.0,152861.26,85758.76,1.7825,39,14,590,0.9698362134508576,75260.26,37.75,2.7857142857142856,15.128205128205128,,Car,False,Sunday,16.0,10.0,October,4.0,2.7857142857142856,33.51,60.11,Mid,,0.0,152861.26
AUC-616,Vehicles 9241,Vehicles,Car,Sharjah,Auction,Closed,2025-10-04 15:00:00,2025-10-06 16:00:00,2.042,2025-11-08 12:00:00,47279.0,85001.78,53779.16,1.5806,24,12,254,0.7978760126060196,37722.78,21.35,2.0,10.583333333333334,,Car,False,Saturday,15.0,10.0,October,4.0,2.0,27.49,56.49,Mid,,0.0,85001.78
AUC-617,Vehicles 3982,Vehicles,Car,Sharjah,Auction,Closed,2025-09-23 03:00:00,2025-09-24 20:00:00,1.708,2025-11-08 12:00:00,42547.0,60014.99,52538.42,1.1423,7,4,83,0.4105575011164123,17467.99,6.575,1.75,11.857142857142858,,Car,False,Tuesday,3.0,9.0,September,3.0,1.75,13.96,48.38,Mid,,0.0,60014.99
AUC-618,Vehicles 1113,Vehicles,Car,Sharjah,Auction,Closed,2025-10-30 11:00:00,2025-11-01 15:00:00,2.167,2025-11-08 12:00:00,100632.0,185225.32,117635.5,1.5746,39,29,600,0.8406204785754036,84593.32,41.75,1.3448275862068966,15.384615384615383,,Car,False,Thursday,11.0,10.0,October,4.0,1.3448275862068966,29.24,57.54,High,,0.0,185225.32
AUC-619,Vehicles 4575,Vehicles,Car,Umm Al Quwain,BuyNow,Closed,2025-09-06 16:00:00,2025-09-08 23:00:00,2.381,2025-11-08 12:00:00,35285.23,72214.56,39354.26,1.835,63,34,1237,1.0465945666217846,36929.33,70.925,1.8529411764705883,19.63492063492064,,Car,False,Saturday,16.0,9.0,September,3.0,1.8529411764705883,36.94,62.16,Mid,,0.0,72214.56
AUC-620,Vehicles 5088,Vehicles,Car,Ajman,Auction,Closed,2025-10-15 06:00:00,2025-10-17 21:00:00,2.625,2025-11-08 12:00:00,123988.0,251250.46,141738.24,1.7726,27,18,377,1.0264094912410875,127262.46,27.425,1.5,13.962962962962964,,Car,False,Wednesday,6.0,10.0,October,4.0,1.5,35.22,61.13,High,,0.0,251250.46
AUC-621,Vehicles 6607,Vehicles,Car,Fujairah,Auction,Closed,2025-09-26 16:00:00,2025-09-29 14:00:00,2.917,2025-11-08 12:00:00,184454.0,262054.63,202950.51,1.2912,35,17,718,0.4207045116939725,77600.63,39.7,2.0588235294117645,20.51428571428572,,Car,False,Friday,16.0,9.0,September,3.0,2.0588235294117645,15.25,49.15,High,,0.0,262054.63
AUC-622,Vehicles 4047,Vehicles,Car,Sharjah,Auction,Closed,2025-10-29 08:00:00,2025-11-01 00:00:00,2.791,2025-11-08 12:00:00,89902.0,186701.35,108361.51,1.7229,82,29,1809,1.0767207626081734,96799.35,93.475,2.827586206896552,22.0609756097561,,Car,False,Wednesday,8.0,10.0,October,4.0,2.827586206896552,38.3,62.98,Mid,,0.0,186701.35
AUC-623,Vehicles 9306,Vehicles,Car,Sharjah,Auction,Closed,2025-09-23 18:00:00,2025-09-26 04:00:00,2.417,2025-11-08 12:00:00,53423.0,83921.6,60090.62,1.3966,34,12,921,0.5708889429646408,30498.6,43.025,2.833333333333333,27.08823529411765,,Car,False,Tuesday,18.0,9.0,September,3.0,2.833333333333333,20.06,12.04,Mid,,0.0,0.0
AUC-624,Vehicles 6791,Vehicles,Car,Abu Dhabi,Auction,Closed,2025-09-17 02:00:00,2025-09-18 11:00:00,1.375,2025-11-08 12:00:00,154257.0,308705.1,170501.81,1.8106,27,14,670,1.0012388416733111,154448.1,33.75,1.9285714285714288,24.814814814814813,,Car,False,Wednesday,2.0,9.0,September,3.0,1.9285714285714288,34.31,60.59,High,,0.0,308705.1
AUC-625,Vehicles 9878,Vehicles,Car,Ajman,Auction,Closed,2025-10-30 04:00:00,2025-10-31 18:00:00,1.727,2025-11-08 12:00:00,143886.0,197028.81,170930.78,1.1527,73,31,1562,0.369339685584421,53142.81,83.3,2.3548387096774195,21.3972602739726,,Car,False,Thursday,4.0,10.0,October,4.0,2.3548387096774195,14.34,48.6,High,,0.0,197028.81
AUC-626,Vehicles 4302,Vehicles,Car,Ras Al Khaimah,BuyNow,Closed,2025-10-29 05:00:00,2025-10-31 02:00:00,1.875,2025-11-08 12:00:00,11387.0,20138.5,13458.97,1.4963,22,13,519,0.7685518573812242,8751.5,27.225,1.6923076923076923,23.59090909090909,,Car,False,Wednesday,5.0,10.0,October,4.0,1.6923076923076923,26.43,55.86,Mid,,0.0,20138.5
AUC-627,Vehicles 6864,Vehicles,Car,Ras Al Khaimah,Auction,Closed,2025-10-21 05:00:00,2025-10-21 20:00:00,0.702,2025-11-08 12:00:00,30866.0,53358.71,35607.59,1.4985,75,32,752,0.7287212466791939,22492.71,64.3,2.34375,10.026666666666667,,Car,False,Tuesday,5.0,10.0,October,4.0,2.34375,26.57,55.94,Mid,,0.0,53358.71
AUC-628,Vehicles 4287,Vehicles,Car,Abu Dhabi,Auction,Closed,2025-11-05 02:00:00,2025-11-07 04:00:00,2.083,2025-11-08 12:00:00,93518.0,161076.59,112801.12,1.428,14,6,146,0.7224126906050172,67558.59,12.15,2.333333333333333,10.428571428571429,,Car,False,Wednesday,2.0,11.0,November,4.0,2.333333333333333,24.59,54.75,Mid,,0.0,161076.59
AUC-629,Vehicles 7298,Vehicles,Car,Ajman,Auction,Closed,2025-09-07 08:00:00,2025-09-09 04:00:00,1.833,2025-11-08 12:00:00,59878.0,117295.66,73399.92,1.598,32,17,341,0.9589107852633688,57417.66,28.775,1.8823529411764703,10.65625,,Car,False,Sunday,8.0,9.0,September,3.0,1.8823529411764703,33.11,59.87,Mid,,0.0,117295.66
AUC-630,Vehicles 7710,Vehicles,Car,Umm Al Quwain,Auction,Closed,2025-09-30 22:00:00,2025-10-02 13:00:00,1.625,2025-11-08 12:00:00,86501.0,114930.88,100163.12,1.1474,31,17,450,0.3286653333487475,28429.88,31.0,1.8235294117647056,14.516129032258064,,Car,False,Tuesday,22.0,9.0,September,3.0,1.8235294117647056,12.05,47.23,Mid,,0.0,114930.88
AUC-631,Vehicles 3896,Vehicles,Car,Umm Al Quwain,Auction,Closed,2025-09-29 06:00:00,2025-10-01 18:00:00,2.5,2025-11-08 12:00:00,75202.0,141661.87,95952.0,1.4764,38,11,520,0.8837513629956649,66459.87,34.75,3.4545454545454546,13.68421052631579,,Car,False,Monday,6.0,9.0,September,3.0,3.4545454545454546,30.78,58.47,Mid,,0.0,141661.87
AUC-632,Vehicles 9438,Vehicles,Car,Dubai,Auction,Closed,2025-09-08 20:00:00,2025-09-10 22:00:00,2.176,2025-11-08 12:00:00,102056.0,219158.41,117924.93,1.8585,80,33,1232,1.1474328799874578,117102.41,79.05,2.4242424242424243,15.4,,Car,False,Monday,20.0,9.0,September,3.0,2.4242424242424243,40.5,64.3,High,,0.0,219158.41
AUC-633,Vehicles 8713,Vehicles,Car,Umm Al Quwain,Auction,Closed,2025-09-16 05:00:00,2025-09-19 00:00:00,2.792,2025-11-08 12:00:00,158887.0,193798.24,180256.49,1.0751,42,17,897,0.2197237030090567,34911.24,47.675,2.4705882352941178,21.357142857142858,,Car,False,Tuesday,5.0,9.0,September,3.0,2.4705882352941178,8.59,45.15,High,,0.0,193798.24
AUC-634,Vehicles 9049,Vehicles,Car,Dubai,BuyNow,Closed,2025-09-16 23:00:00,2025-09-19 21:00:00,2.917,2025-11-08 12:00:00,30388.0,58644.7,35740.73,1.6408,37,30,743,0.92986376201132,28256.7,44.575,1.2333333333333334,20.08108108108108,,Car,False,Tuesday,23.0,9.0,September,3.0,1.2333333333333334,32.34,59.4,Mid,,0.0,58644.7
AUC-635,Vehicles 2959,Vehicles,Car,Dubai,Auction,Closed,2025-10-15 11:00:00,2025-10-17 23:00:00,2.5,2025-11-08 12:00:00,178738.0,331949.51,229259.25,1.4479,13,8,130,0.8571848739495799,153211.51,11.75,1.625,10.0,,Car,False,Wednesday,11.0,10.0,October,4.0,1.625,29.06,17.44,High,,0.0,0.0
AUC-636,Vehicles 7459,Vehicles,Car,Umm Al Quwain,Auction,Closed,2025-10-17 03:00:00,2025-10-18 03:00:00,1.0,2025-11-08 12:00:00,65801.36,107498.56,80501.72,1.3354,24,12,255,0.6336829512338347,41697.2,21.375,2.0,10.625,,Car,False,Friday,3.0,10.0,October,4.0,2.0,22.02,53.21,Mid,,0.0,107498.56
AUC-637,Vehicles 1957,Vehicles,Car,Dubai,Auction,Closed,2025-10-20 09:00:00,2025-10-21 01:00:00,0.667,2025-11-08 12:00:00,68106.0,93893.3,83114.54,1.1297,58,17,1079,0.3786347752033595,25787.3,60.225,3.411764705882353,18.603448275862068,,Car,False,Monday,9.0,10.0,October,4.0,3.411764705882353,14.39,8.63,Mid,,0.0,0.0
AUC-638,Vehicles 1949,Vehicles,Car,Sharjah,Auction,Closed,2025-10-16 21:00:00,2025-10-17 21:00:00,1.0,2025-11-08 12:00:00,196838.0,416550.42,243021.88,1.714,32,20,325,1.116209370141944,219712.42,29.125,1.6,10.15625,,Car,False,Thursday,21.0,10.0,October,4.0,1.6,38.41,23.05,High,,0.0,0.0
AUC-639,Vehicles 9758,Vehicles,Car,Umm Al Quwain,Auction,Closed,2025-10-13 21:00:00,2025-10-16 01:00:00,2.167,2025-11-08 12:00:00,63645.0,78023.31,72736.4,1.0727,15,8,383,0.2259142116427056,14378.31,19.075,1.875,25.53333333333333,,Car,False,Monday,21.0,10.0,October,4.0,1.875,7.99,44.79,Mid,,0.0,78023.31
AUC-640,Vehicles 2375,Vehicles,Car,Umm Al Quwain,Auction,Closed,2025-10-27 13:00:00,2025-10-30 03:00:00,2.583,2025-11-08 12:00:00,47491.0,77380.78,55459.47,1.3953,38,11,711,0.629377776841928,29889.78,39.525,3.4545454545454546,18.710526315789476,,Car,False,Monday,13.0,10.0,October,4.0,3.4545454545454546,22.01,53.21,Mid,,0.0,77380.78
AUC-641,Vehicles 8776,Vehicles,Car,Ajman,Auction,Closed,2025-10-13 22:00:00,2025-10-16 13:00:00,2.625,2025-11-08 12:00:00,187372.0,377371.17,209689.64,1.7997,51,22,705,1.0140211451017227,189999.17,48.625,2.3181818181818183,13.823529411764708,,Car,False,Monday,22.0,10.0,October,4.0,2.3181818181818183,35.34,61.2,High,,0.0,377371.17
AUC-642,Vehicles 4876,Vehicles,Car,Dubai,Auction,Closed,2025-10-10 10:00:00,2025-10-12 12:00:00,2.083,2025-11-08 12:00:00,179853.0,319960.06,226398.17,1.4133,19,10,211,0.7790087460314813,140107.06,17.275,1.9,11.105263157894736,,Car,False,Friday,10.0,10.0,October,4.0,1.9,26.69,56.01,High,,0.0,319960.06
AUC-643,Vehicles 3732,Vehicles,Car,Fujairah,BuyNow,Closed,2025-10-17 17:00:00,2025-10-19 19:00:00,2.141,2025-11-08 12:00:00,62448.0,105541.91,77142.56,1.3681,69,26,784,0.6900767038175762,43093.91,60.6,2.6538461538461537,11.36231884057971,,Car,False,Friday,17.0,10.0,October,4.0,2.6538461538461537,25.28,15.17,Mid,,0.0,0.0
AUC-644,Vehicles 1661,Vehicles,Car,Ras Al Khaimah,Auction,Closed,2025-10-26 13:00:00,2025-10-29 09:00:00,2.833,2025-11-08 12:00:00,31387.0,39428.14,35521.64,1.11,40,17,679,0.2561933284480835,8041.14,41.225,2.3529411764705883,16.975,,Car,False,Sunday,13.0,10.0,October,4.0,2.3529411764705883,9.84,45.9,Mid,,0.0,39428.14
AUC-645,Vehicles 7075,Vehicles,Car,Ras Al Khaimah,Auction,Closed,2025-10-14 02:00:00,2025-10-16 04:00:00,2.206,2025-11-08 12:00:00,185439.0,238336.47,232333.83,1.0258,112,33,1750,0.285255366993998,52897.47,108.0,3.393939393939394,15.625,,Car,False,Tuesday,2.0,10.0,October,4.0,3.393939393939394,13.36,48.02,High,,0.0,238336.47
AUC-646,Vehicles 7491,Vehicles,Car,Fujairah,Auction,Closed,2025-10-09 23:00:00,2025-10-10 12:00:00,0.542,2025-11-08 12:00:00,146480.0,170306.34,169999.07,1.0018,13,9,313,0.1626593391589295,23826.34,16.575,1.4444444444444444,24.07692307692308,,Car,False,Thursday,23.0,10.0,October,4.0,1.4444444444444444,5.81,43.49,High,,0.0,170306.34
AUC-647,Vehicles 5202,Vehicles,Car,Sharjah,Auction,Closed,2025-09-23 17:00:00,2025-09-25 07:00:00,1.674,2025-11-08 12:00:00,190201.0,338535.88,230834.27,1.4666,88,29,1657,0.7798848586495339,148334.88,92.675,3.034482758620689,18.829545454545453,,Car,False,Tuesday,17.0,9.0,September,3.0,3.034482758620689,28.45,17.07,High,,0.0,0.0
AUC-648,Vehicles 8288,Vehicles,Car,Ras Al Khaimah,Auction,Closed,2025-09-24 19:00:00,2025-09-25 23:00:00,1.167,2025-11-08 12:00:00,117584.0,133874.02,143136.31,0.9353,31,17,651,0.1385394271329431,16290.02,36.025,1.8235294117647056,21.0,,Car,False,Wednesday,19.0,9.0,September,3.0,1.8235294117647056,5.53,43.32,High,,0.0,133874.02
AUC-649,Vehicles 3907,Vehicles,Car,Ajman,Auction,Closed,2025-10-24 02:00:00,2025-10-26 01:00:00,1.958,2025-11-08 12:00:00,19628.0,34088.36,22115.23,1.5414,9,3,137,0.7367210108008967,14460.36,8.675,3.0,15.22222222222222,,Car,False,Friday,2.0,10.0,October,4.0,3.0,24.81,54.89,Mid,,0.0,34088.36
AUC-650,Vehicles 5964,Vehicles,Car,Dubai,Auction,Closed,2025-11-02 21:00:00,2025-11-04 20:00:00,2.071,2025-11-08 12:00:00,106658.0,182276.4,121465.14,1.5006,76,24,1159,0.7089801046335014,75618.4,72.975,3.1666666666666665,15.25,,Car,False,Sunday,21.0,11.0,November,4.0,3.1666666666666665,26.02,55.61,High,,0.0,182276.4
AUC-651,Vehicles 3580,Vehicles,Car,Fujairah,Auction,Closed,2025-10-19 03:00:00,2025-10-20 03:00:00,1.0,2025-11-08 12:00:00,113862.0,181575.72,137285.0,1.3226,25,8,281,0.5946998998788007,67713.72,21.525,3.125,11.24,,Car,False,Sunday,3.0,10.0,October,4.0,3.125,20.56,52.34,High,,0.0,181575.72
AUC-652,Vehicles 6239,Vehicles,Car,Sharjah,Auction,Closed,2025-10-28 04:00:00,2025-10-29 04:00:00,1.0,2025-11-08 12:00:00,138198.0,302794.14,165264.49,1.8322,16,5,161,1.1910168019797682,164596.14,13.275,3.2,10.0625,,Car,False,Tuesday,4.0,10.0,October,4.0,3.2,40.26,64.16,High,,0.0,302794.14
AUC-653,Vehicles 2224,Vehicles,Car,Ras Al Khaimah,BuyNow,Closed,2025-10-14 21:00:00,2025-10-15 07:00:00,0.417,2025-11-08 12:00:00,150532.0,205799.59,179799.95,1.1446,54,19,570,0.3671484468418675,55267.59,46.0,2.8421052631578947,10.555555555555555,,Car,False,Tuesday,21.0,10.0,October,4.0,2.8421052631578947,14.18,48.51,High,,0.0,205799.59
AUC-654,Vehicles 5285,Vehicles,Car,Sharjah,Auction,Closed,2025-09-09 07:00:00,2025-09-10 06:00:00,0.958,2025-11-08 12:00:00,74590.0,106030.21,85896.73,1.2344,41,27,464,0.4215070384770077,31440.21,38.85,1.5185185185185186,11.317073170731708,,Car,False,Tuesday,7.0,9.0,September,3.0,1.5185185185185186,15.66,49.4,Mid,,0.0,106030.21
AUC-655,Vehicles 5943,Vehicles,Car,Ras Al Khaimah,Auction,Closed,2025-10-25 11:00:00,2025-10-27 23:00:00,2.5,2025-11-08 12:00:00,70100.0,135135.93,78656.55,1.7181,12,9,283,0.927759343794579,65035.93,15.325,1.3333333333333333,23.58333333333333,,Car,False,Saturday,11.0,10.0,October,4.0,1.3333333333333333,31.31,58.79,Mid,,0.0,135135.93
AUC-656,Vehicles 6008,Vehicles,Car,Ajman,Auction,Closed,2025-10-17 02:00:00,2025-10-19 02:00:00,2.0,2025-11-08 12:00:00,166873.0,305085.17,212211.63,1.4376,44,22,454,0.8282476494100303,138212.17,38.85,2.0,10.318181818181818,,Car,False,Friday,2.0,10.0,October,4.0,2.0,29.08,57.45,High,,0.0,305085.17
AUC-657,Vehicles 5018,Vehicles,Car,Ajman,Auction,Closed,2025-09-22 15:00:00,2025-09-25 11:00:00,2.833,2025-11-08 12:00:00,74818.0,116923.38,88978.18,1.3141,2,1,40,0.5627707236226577,42105.38,2.25,2.0,20.0,,Car,False,Monday,15.0,9.0,September,3.0,2.0,18.82,11.29,Mid,,0.0,0.0
AUC-658,Vehicles 6791,Vehicles,Car,Sharjah,Auction,Closed,2025-10-05 18:00:00,2025-10-08 12:00:00,2.75,2025-11-08 12:00:00,50241.0,100651.2,65130.29,1.5454,13,7,234,1.0033677673613184,50410.2,14.1,1.8571428571428568,18.0,,Car,False,Sunday,18.0,10.0,October,4.0,1.8571428571428568,33.85,60.31,Mid,,0.0,100651.2
AUC-659,Vehicles 5609,Vehicles,Car,Fujairah,Auction,Closed,2025-11-02 20:00:00,2025-11-05 10:00:00,2.732,2025-11-08 12:00:00,124698.0,204650.3,150901.35,1.3562,76,26,902,0.6411674605847727,79952.3,67.05,2.923076923076923,11.86842105263158,,Car,False,Sunday,20.0,11.0,November,4.0,2.923076923076923,23.91,54.35,High,,0.0,204650.3
AUC-660,Vehicles 3548,Vehicles,Car,Dubai,Auction,Closed,2025-10-28 12:00:00,2025-10-29 04:00:00,0.667,2025-11-08 12:00:00,117870.0,159952.04,132959.09,1.203,3,1,78,0.3570207856112667,42082.04,3.7,3.0,26.0,,Car,False,Tuesday,12.0,10.0,October,4.0,3.0,11.99,47.19,High,,0.0,159952.04
AUC-661,Vehicles 2937,Vehicles,Car,Ajman,Auction,Closed,2025-09-10 13:00:00,2025-09-11 15:00:00,1.083,2025-11-08 12:00:00,134753.68,182156.54,164422.99,1.1079,45,13,1157,0.3517741407878435,47402.86,54.675,3.4615384615384617,25.711111111111112,,Car,False,Wednesday,13.0,9.0,September,3.0,3.4615384615384617,13.25,7.95,High,,0.0,0.0
AUC-662,Vehicles 6828,Vehicles,Car,Sharjah,Auction,Closed,2025-10-31 06:00:00,2025-10-31 13:00:00,0.292,2025-11-08 12:00:00,92216.0,138065.21,117803.07,1.172,38,18,401,0.4971936540296693,45849.21,33.525,2.111111111111111,10.552631578947368,,Car,False,Friday,6.0,10.0,October,4.0,2.111111111111111,17.98,50.79,Mid,,0.0,138065.21
AUC-663,Vehicles 9446,Vehicles,Car,Ajman,Auction,Closed,2025-09-29 13:00:00,2025-09-29 23:00:00,0.417,2025-11-08 12:00:00,169965.0,203698.6,205162.02,0.9929,9,3,214,0.198473803430118,33733.6,10.6,3.0,23.77777777777778,,Car,False,Monday,13.0,9.0,September,3.0,3.0,6.86,44.12,High,,0.0,203698.6
AUC-664,Vehicles 7777,Vehicles,Car,Abu Dhabi,Auction,Closed,2025-09-20 06:00:00,2025-09-21 01:00:00,0.856,2025-11-08 12:00:00,154190.74,324375.79,181140.24,1.7907,99,34,1133,1.103730677990131,170185.05,86.325,2.911764705882353,11.444444444444445,,Car,False,Saturday,6.0,9.0,September,3.0,2.911764705882353,40.45,24.27,High,,0.0,0.0
AUC-665,Vehicles 6746,Vehicles,Car,Umm Al Quwain,Auction,Closed,2025-10-22 01:00:00,2025-10-23 00:00:00,1.101,2025-11-08 12:00:00,54073.0,75466.75,64191.87,1.1756,63,18,1005,0.3956457011817358,21393.75,61.125,3.5,15.952380952380953,,Car,False,Wednesday,1.0,10.0,October,4.0,3.5,14.87,48.92,Mid,,0.0,75466.75
AUC-666,Vehicles 9292,Vehicles,Car,Sharjah,Auction,Closed,2025-09-24 15:00:00,2025-09-24 20:00:00,0.208,2025-11-08 12:00:00,31063.0,47139.46,36586.96,1.2884,36,12,426,0.5175437015098349,16076.46,31.65,3.0,11.833333333333334,,Car,False,Wednesday,15.0,9.0,September,3.0,3.0,18.6,51.16,Mid,,0.0,47139.46
AUC-667,Vehicles 9095,Vehicles,Car,Abu Dhabi,Auction,Closed,2025-10-25 01:00:00,2025-10-27 14:00:00,2.665,2025-11-08 12:00:00,58762.0,127097.37,70563.87,1.8012,63,34,1101,1.1629177019162042,68335.37,67.525,1.8529411764705883,17.476190476190474,,Car,False,Saturday,1.0,10.0,October,4.0,1.8529411764705883,40.99,64.59,Mid,,0.0,127097.37
AUC-668,Vehicles 5557,Vehicles,Car,Abu Dhabi,Auction,Closed,2025-10-19 02:00:00,2025-10-20 17:00:00,1.625,2025-11-08 12:00:00,177961.5,312467.7,201696.59,1.5492,23,19,299,0.7558162861068265,134506.2,23.725,1.2105263157894737,13.0,,Car,False,Sunday,2.0,10.0,October,4.0,1.2105263157894737,25.91,55.55,High,,0.0,312467.7
AUC-669,Vehicles 1983,Vehicles,Car,Umm Al Quwain,Auction,Closed,2025-10-18 11:00:00,2025-10-20 11:00:00,2.139,2025-11-08 12:00:00,170282.0,333862.35,204198.11,1.635,82,24,1466,0.9606438143785014,163580.35,83.65,3.4166666666666665,17.878048780487806,,Car,False,Saturday,11.0,10.0,October,4.0,3.4166666666666665,34.53,20.72,High,,0.0,0.0
AUC-670,Vehicles 6707,Vehicles,Car,Abu Dhabi,Auction,Closed,2025-09-06 22:00:00,2025-09-08 22:00:00,2.0,2025-11-08 12:00:00,41593.0,67055.08,49311.36,1.3598,11,4,204,0.6121722405212416,25462.08,11.6,2.75,18.545454545454547,,Car,False,Saturday,22.0,9.0,September,3.0,2.75,20.73,52.44,Mid,,0.0,67055.08
AUC-671,Vehicles 6605,Vehicles,Car,Sharjah,Auction,Closed,2025-10-23 15:00:00,2025-10-26 12:00:00,2.875,2025-11-08 12:00:00,155457.0,294063.41,200929.8,1.4635,18,6,183,0.8916061032954449,138606.41,15.075,3.0,10.166666666666666,,Car,False,Thursday,15.0,10.0,October,4.0,3.0,30.36,18.22,High,,0.0,0.0
AUC-672,Vehicles 3495,Vehicles,Car,Umm Al Quwain,Auction,Closed,2025-10-30 18:00:00,2025-10-31 08:00:00,0.583,2025-11-08 12:00:00,177027.0,226888.73,215036.85,1.0551,6,2,178,0.2816617239178205,49861.73,7.95,3.0,29.666666666666668,,Car,False,Thursday,18.0,10.0,October,4.0,3.0,9.56,5.74,High,,0.0,0.0
AUC-673,Vehicles 8644,Vehicles,Car,Sharjah,Auction,Closed,2025-09-12 05:00:00,2025-09-13 08:00:00,1.125,2025-11-08 12:00:00,120048.0,133788.9,140335.64,0.9533,52,18,543,0.1144617153138744,13740.9,44.075,2.888888888888889,10.442307692307692,,Car,False,Friday,5.0,9.0,September,3.0,2.888888888888889,5.68,43.41,High,,0.0,133788.9
AUC-674,Vehicles 8828,Vehicles,Car,Sharjah,BuyNow,Closed,2025-10-27 16:00:00,2025-10-28 16:00:00,1.109,2025-11-08 12:00:00,142143.0,159374.97,159326.4,1.0003,85,29,2337,0.1212298178594795,17231.97,108.175,2.931034482758621,27.49411764705882,,Car,False,Monday,16.0,10.0,October,4.0,2.931034482758621,6.6,3.96,High,,0.0,0.0
AUC-675,Vehicles 3977,Vehicles,Car,Abu Dhabi,Auction,Closed,2025-09-14 14:00:00,2025-09-16 07:00:00,1.824,2025-11-08 12:00:00,78943.0,118751.22,102379.8,1.1599,103,31,1226,0.5042653560163662,39808.22,89.9,3.3225806451612905,11.902912621359222,,Car,False,Sunday,14.0,9.0,September,3.0,3.3225806451612905,20.64,52.38,Mid,,0.0,118751.22
AUC-676,Vehicles 5291,Vehicles,Car,Sharjah,BuyNow,Closed,2025-09-27 09:00:00,2025-09-29 00:00:00,1.687,2025-11-08 12:00:00,24808.0,50135.44,27650.06,1.8132,66,20,763,1.0209384069654952,25327.44,57.075,3.3,11.56060606060606,,Car,False,Saturday,9.0,9.0,September,3.0,3.3,35.97,21.58,Mid,,0.0,0.0
AUC-677,Vehicles 2756,Vehicles,Car,Umm Al Quwain,Auction,Closed,2025-10-01 20:00:00,2025-10-04 05:00:00,2.375,2025-11-08 12:00:00,167144.0,182050.74,207764.76,0.8762,4,2,105,0.0891850141195615,14906.74,5.125,2.0,26.25,,Car,False,Wednesday,20.0,10.0,October,4.0,2.0,3.12,41.87,High,,0.0,182050.74
AUC-678,Vehicles 2604,Vehicles,Car,Ajman,Auction,Closed,2025-09-20 21:00:00,2025-09-22 15:00:00,1.75,2025-11-08 12:00:00,174146.0,317006.17,206803.41,1.5329,28,22,286,0.8203471225293718,142860.17,26.65,1.2727272727272727,10.214285714285714,,Car,False,Saturday,21.0,9.0,September,3.0,1.2727272727272727,28.44,57.06,High,,0.0,317006.17
AUC-679,Vehicles 3384,Vehicles,Car,Ras Al Khaimah,Auction,Closed,2025-09-23 20:00:00,2025-09-24 15:00:00,0.792,2025-11-08 12:00:00,21350.0,34693.72,25880.19,1.3406,28,22,396,0.6249985948477752,13343.72,29.4,1.2727272727272727,14.142857142857142,,Car,False,Tuesday,20.0,9.0,September,3.0,1.2727272727272727,21.75,13.05,Mid,,0.0,0.0
AUC-680,Vehicles 4291,Vehicles,Car,Fujairah,Auction,Closed,2025-10-30 03:00:00,2025-10-31 21:00:00,1.75,2025-11-08 12:00:00,38749.0,76581.94,48423.67,1.5815,47,21,1128,0.976359131848564,37832.94,56.95,2.238095238095238,24.0,,Car,False,Thursday,3.0,10.0,October,4.0,2.238095238095238,33.88,60.33,Mid,,0.0,76581.94
AUC-681,Vehicles 3456,Vehicles,Car,Dubai,Auction,Closed,2025-09-06 03:00:00,2025-09-09 00:00:00,2.984,2025-11-08 12:00:00,36676.0,47641.05,46084.39,1.0338,78,25,1551,0.2989707165448795,10965.05,84.025,3.12,19.884615384615383,,Car,False,Saturday,3.0,9.0,September,3.0,3.12,12.5,7.5,Mid,,0.0,0.0
AUC-682,Vehicles 2364,Vehicles,Car,Sharjah,BuyNow,Closed,2025-09-10 09:00:00,2025-09-12 04:00:00,1.792,2025-11-08 12:00:00,31971.0,61126.42,39603.89,1.5434,60,19,677,0.9119333145663256,29155.42,51.675,3.1578947368421053,11.283333333333331,,Car,False,Wednesday,9.0,9.0,September,3.0,3.1578947368421053,32.43,59.46,Mid,,0.0,61126.42
AUC-683,Vehicles 5024,Vehicles,Car,Sharjah,Auction,Closed,2025-09-12 18:00:00,2025-09-14 14:00:00,1.833,2025-11-08 12:00:00,23004.0,40241.93,29791.74,1.3508,51,24,528,0.7493448965397322,17237.93,44.7,2.125,10.352941176470589,,Car,False,Friday,18.0,9.0,September,3.0,2.125,26.85,56.11,Mid,,0.0,40241.93
AUC-684,Vehicles 6611,Vehicles,Car,Umm Al Quwain,Auction,Closed,2025-09-30 05:00:00,2025-09-30 20:00:00,0.625,2025-11-08 12:00:00,199175.0,367803.55,240809.53,1.5274,32,17,326,0.8466351198694615,168628.55,28.4,1.8823529411764703,10.1875,,Car,False,Tuesday,5.0,9.0,September,3.0,1.8823529411764703,29.22,57.53,High,,0.0,367803.55
AUC-685,Vehicles 3933,Vehicles,Car,Abu Dhabi,Auction,Closed,2025-10-07 01:00:00,2025-10-07 05:00:00,0.167,2025-11-08 12:00:00,83733.0,175679.19,97377.74,1.8041,14,6,152,1.0980878506681953,91946.19,12.3,2.333333333333333,10.857142857142858,,Car,False,Tuesday,1.0,10.0,October,4.0,2.333333333333333,37.12,62.27,Mid,,0.0,175679.19
AUC-686,Vehicles 5801,Vehicles,Car,Ras Al Khaimah,Auction,Closed,2025-10-04 19:00:00,2025-10-05 13:00:00,0.75,2025-11-08 12:00:00,223085.53,290210.27,278324.38,1.0427,9,3,101,0.3008923976378029,67124.74,7.775,3.0,11.22222222222222,,Car,False,Saturday,19.0,10.0,October,4.0,3.0,10.36,46.22,High,,0.0,290210.27
AUC-687,Vehicles 3441,Vehicles,Car,Sharjah,Auction,Closed,2025-11-07 03:00:00,2025-11-07 08:00:00,0.323,2025-11-08 12:00:00,14563.0,23231.75,16516.59,1.4066,83,31,831,0.5952585318959006,8668.75,70.025,2.677419354838709,10.012048192771084,,Car,False,Friday,3.0,11.0,November,4.0,2.677419354838709,22.79,53.67,Mid,,0.0,23231.75
AUC-688,Vehicles 7334,Vehicles,Car,Ajman,Auction,Closed,2025-10-07 18:00:00,2025-10-09 04:00:00,1.417,2025-11-08 12:00:00,137644.0,206256.32,174698.23,1.1806,23,15,386,0.4984766499084596,68612.32,24.9,1.5333333333333334,16.782608695652176,,Car,False,Tuesday,18.0,10.0,October,4.0,1.5333333333333334,17.29,50.37,High,,0.0,206256.32
AUC-689,Vehicles 6835,Vehicles,Car,Dubai,Auction,Closed,2025-09-28 13:00:00,2025-10-01 04:00:00,2.625,2025-11-08 12:00:00,89404.0,113445.59,99583.65,1.1392,22,11,647,0.2689095566193906,24041.59,29.925,2.0,29.40909090909091,,Car,False,Sunday,13.0,9.0,September,3.0,2.0,9.6,5.76,Mid,,0.0,0.0
AUC-690,Vehicles 9639,Vehicles,Car,Ras Al Khaimah,BuyNow,Closed,2025-09-28 00:00:00,2025-09-29 10:00:00,1.417,2025-11-08 12:00:00,40194.0,59746.32,50778.47,1.1766,25,10,299,0.486448723690103,19552.32,22.475,2.5,11.96,,Car,False,Sunday,0.0,9.0,September,3.0,2.5,17.17,50.3,Mid,,0.0,59746.32
AUC-691,Vehicles 1477,Vehicles,Car,Ras Al Khaimah,BuyNow,Closed,2025-10-16 21:00:00,2025-10-18 20:00:00,1.958,2025-11-08 12:00:00,162108.0,335608.25,208742.66,1.6078,5,2,82,1.0702756804105904,173500.25,5.05,2.5,16.4,,Car,False,Thursday,21.0,10.0,October,4.0,2.5,35.85,61.51,High,,0.0,335608.25
AUC-692,Vehicles 8677,Vehicles,Car,Fujairah,Auction,Closed,2025-10-07 05:00:00,2025-10-09 19:00:00,2.681,2025-11-08 12:00:00,52924.0,106677.34,58446.21,1.8252,103,33,2673,1.015670395283803,53753.34,126.575,3.121212121212121,25.95145631067961,,Car,False,Tuesday,5.0,10.0,October,4.0,3.121212121212121,37.29,62.37,Mid,,0.0,106677.34
AUC-693,Vehicles 4062,Vehicles,Car,Sharjah,Auction,Closed,2025-09-27 22:00:00,2025-09-30 05:00:00,2.292,2025-11-08 12:00:00,76096.0,127547.27,97057.89,1.3141,10,3,111,0.6761363277964677,51451.27,8.525,3.333333333333333,11.1,,Car,False,Saturday,22.0,9.0,September,3.0,3.333333333333333,22.9,53.74,Mid,,0.0,127547.27
AUC-694,Vehicles 1594,Vehicles,Car,Dubai,BuyNow,Closed,2025-10-10 13:00:00,2025-10-12 13:00:00,2.0,2025-11-08 12:00:00,53144.0,98828.55,65114.61,1.5178,11,8,112,0.8596370239349692,45684.55,10.3,1.375,10.181818181818182,,Car,False,Friday,13.0,10.0,October,4.0,1.375,28.99,57.39,Mid,,0.0,98828.55
AUC-695,Vehicles 7207,Vehicles,Car,Umm Al Quwain,Auction,Closed,2025-09-09 03:00:00,2025-09-11 12:00:00,2.375,2025-11-08 12:00:00,82040.0,160359.72,96163.85,1.6676,27,16,343,0.9546528522671868,78319.72,26.075,1.6875,12.703703703703704,,Car,False,Tuesday,3.0,9.0,September,3.0,1.6875,32.82,59.69,Mid,,0.0,160359.72
AUC-696,Vehicles 2545,Vehicles,Car,Ajman,Auction,Closed,2025-09-25 02:00:00,2025-09-26 01:00:00,0.958,2025-11-08 12:00:00,67384.0,103719.71,76179.86,1.3615,27,13,314,0.5392334975661879,36335.71,24.6,2.076923076923077,11.62962962962963,,Car,False,Thursday,2.0,9.0,September,3.0,2.076923076923077,18.92,51.35,Mid,,0.0,103719.71
AUC-697,Vehicles 2582,Vehicles,Car,Ras Al Khaimah,Auction,Closed,2025-11-05 13:00:00,2025-11-06 21:00:00,1.333,2025-11-08 12:00:00,100676.0,172561.87,124482.05,1.3862,4,2,43,0.7140318447296277,71885.87,3.575,2.0,10.75,,Car,False,Wednesday,13.0,11.0,November,4.0,2.0,23.95,54.37,High,,0.0,172561.87
AUC-698,Vehicles 9815,Vehicles,Car,Umm Al Quwain,BuyNow,Closed,2025-11-04 22:00:00,2025-11-06 05:00:00,1.292,2025-11-08 12:00:00,103794.0,159770.22,117003.57,1.3655,26,12,260,0.5393011156714261,55976.22,22.5,2.1666666666666665,10.0,,Car,False,Tuesday,22.0,11.0,November,4.0,2.1666666666666665,18.92,51.35,High,,0.0,159770.22
AUC-699,Vehicles 2988,Vehicles,Car,Ajman,BuyNow,Closed,2025-09-24 07:00:00,2025-09-26 17:00:00,2.417,2025-11-08 12:00:00,120351.0,231231.86,150174.98,1.5397,35,27,889,0.9213123281069536,110880.86,46.475,1.2962962962962965,25.4,,Car,False,Wednesday,7.0,9.0,September,3.0,1.2962962962962965,31.95,19.17,High,,0.0,0.0
AUC-700,Vehicles 5923,Vehicles,Car,Ras Al Khaimah,Auction,Closed,2025-10-12 10:00:00,2025-10-13 17:00:00,1.292,2025-11-08 12:00:00,125576.0,197273.38,152960.09,1.2897,12,9,351,0.5709481111040327,71697.38,17.025,1.3333333333333333,29.25,,Car,False,Sunday,10.0,10.0,October,4.0,1.3333333333333333,19.4,51.64,High,,0.0,197273.38
AUC-701,Vehicles 2805,Vehicles,Car,Fujairah,Auction,Closed,2025-09-15 07:00:00,2025-09-18 02:00:00,2.937,2025-11-08 12:00:00,84746.0,147976.34,98757.54,1.4984,94,30,1051,0.746115922875416,63230.34,80.775,3.1333333333333333,11.180851063829786,,Car,False,Monday,7.0,9.0,September,3.0,3.1333333333333333,28.3,56.98,Mid,,0.0,147976.34
AUC-702,Vehicles 2115,Vehicles,Car,Ajman,Auction,Closed,2025-10-27 05:00:00,2025-10-27 21:00:00,0.667,2025-11-08 12:00:00,178057.0,240339.38,206479.27,1.164,19,13,468,0.3497890001516369,62282.38,24.45,1.4615384615384617,24.63157894736842,,Car,False,Monday,5.0,10.0,October,4.0,1.4615384615384617,12.38,47.43,High,,0.0,240339.38
AUC-703,Vehicles 1008,Vehicles,Car,Dubai,Auction,Closed,2025-11-06 00:00:00,2025-11-06 15:00:00,0.625,2025-11-08 12:00:00,197474.0,260023.04,221488.5,1.174,3,1,74,0.3167456981678601,62549.04,3.6,3.0,24.666666666666668,,Car,False,Thursday,0.0,11.0,November,4.0,3.0,10.65,46.39,High,,0.0,260023.04
AUC-704,Vehicles 1144,Vehicles,Car,Dubai,BuyNow,Closed,2025-10-12 14:00:00,2025-10-14 18:00:00,2.167,2025-11-08 12:00:00,220178.54,344900.62,245664.64,1.4039,8,4,95,0.566458838359088,124722.08,7.375,2.0,11.875,,Car,False,Sunday,14.0,10.0,October,4.0,2.0,19.19,11.51,High,,0.0,0.0
AUC-705,Vehicles 5263,Vehicles,Car,Ajman,Auction,Closed,2025-09-21 18:00:00,2025-09-24 01:00:00,2.292,2025-11-08 12:00:00,41962.0,62812.8,50945.49,1.2329,54,28,892,0.4968971926981555,20850.8,56.3,1.9285714285714288,16.51851851851852,,Car,False,Sunday,18.0,9.0,September,3.0,1.9285714285714288,18.27,50.96,Mid,,0.0,62812.8
AUC-706,Vehicles 4905,Vehicles,Car,Ajman,Auction,Closed,2025-09-07 15:00:00,2025-09-09 17:00:00,2.083,2025-11-08 12:00:00,84376.0,175064.1,109293.41,1.6018,20,14,589,1.0748091874466674,90688.1,28.225,1.4285714285714286,29.45,,Car,False,Sunday,15.0,9.0,September,3.0,1.4285714285714286,36.5,61.9,Mid,,0.0,175064.1
AUC-707,Vehicles 1350,Vehicles,Car,Dubai,Auction,Closed,2025-09-14 10:00:00,2025-09-15 10:00:00,1.0,2025-11-08 12:00:00,47185.0,73592.04,56239.56,1.3085,42,34,494,0.559649041008795,26407.04,41.85,1.2352941176470589,11.761904761904765,,Car,False,Sunday,10.0,9.0,September,3.0,1.2352941176470589,20.38,52.23,Mid,,0.0,73592.04
AUC-708,Vehicles 4145,Vehicles,Car,Dubai,Auction,Closed,2025-10-08 10:00:00,2025-10-08 14:00:00,0.167,2025-11-08 12:00:00,167691.0,197776.28,212792.26,0.9294,54,27,624,0.1794090320887823,30085.28,49.35,2.0,11.555555555555555,,Car,False,Wednesday,10.0,10.0,October,4.0,2.0,7.89,44.73,High,,0.0,197776.28
AUC-709,Vehicles 3456,Vehicles,Car,Umm Al Quwain,BuyNow,Closed,2025-09-19 01:00:00,2025-09-20 02:00:00,1.042,2025-11-08 12:00:00,124677.0,146391.75,138882.84,1.0541,6,2,65,0.1741680502418248,21714.75,5.125,3.0,10.833333333333334,,Car,False,Friday,1.0,9.0,September,3.0,3.0,6.02,3.61,High,,0.0,0.0
AUC-710,Vehicles 6141,Vehicles,Car,Fujairah,Auction,Closed,2025-11-01 19:00:00,2025-11-03 06:00:00,1.458,2025-11-08 12:00:00,139314.0,205132.62,179377.2,1.1436,36,11,396,0.4724479951763641,65818.62,30.65,3.272727272727273,11.0,,Car,False,Saturday,19.0,11.0,November,4.0,3.272727272727273,17.05,50.23,High,,0.0,205132.62
AUC-711,Vehicles 9952,Vehicles,Car,Dubai,BuyNow,Closed,2025-10-02 13:00:00,2025-10-03 21:00:00,1.333,2025-11-08 12:00:00,20932.0,33361.83,24361.93,1.3694,34,25,522,0.5938195107968661,12429.83,36.3,1.36,15.352941176470589,,Car,False,Thursday,13.0,10.0,October,4.0,1.36,21.01,52.61,Mid,,0.0,33361.83
AUC-712,Vehicles 7224,Vehicles,Car,Ajman,Auction,Closed,2025-09-10 16:00:00,2025-09-13 10:00:00,2.75,2025-11-08 12:00:00,46529.0,67566.12,54635.05,1.2367,4,3,76,0.4521292097401619,21037.12,4.65,1.3333333333333333,19.0,,Car,False,Wednesday,16.0,9.0,September,3.0,1.3333333333333333,15.2,9.12,Mid,,0.0,0.0
AUC-713,Vehicles 9264,Vehicles,Car,Dubai,Auction,Closed,2025-10-12 16:00:00,2025-10-15 06:00:00,2.583,2025-11-08 12:00:00,60626.92,88136.49,78008.19,1.1298,53,34,563,0.4537517327286295,27509.57,49.075,1.5588235294117647,10.62264150943396,,Car,False,Sunday,16.0,10.0,October,4.0,1.5588235294117647,17.16,50.3,Mid,,0.0,88136.49
AUC-714,Vehicles 2729,Vehicles,Car,Fujairah,Auction,Closed,2025-09-09 01:00:00,2025-09-11 09:00:00,2.333,2025-11-08 12:00:00,146077.0,174947.97,167305.1,1.0457,18,6,236,0.1976421339430574,28870.97,16.4,3.0,13.11111111111111,,Car,False,Tuesday,1.0,9.0,September,3.0,3.0,7.17,44.3,High,,0.0,174947.97
AUC-715,Vehicles 2935,Vehicles,Car,Fujairah,Auction,Closed,2025-10-25 00:00:00,2025-10-25 05:00:00,0.208,2025-11-08 12:00:00,30880.0,32584.02,38478.3,0.8468,47,28,1034,0.0551819948186528,1704.02,56.35,1.6785714285714286,22.0,,Car,False,Saturday,0.0,10.0,October,4.0,1.6785714285714286,3.48,42.09,Mid,,0.0,32584.02
AUC-716,Vehicles 7756,Vehicles,Car,Ras Al Khaimah,Auction,Closed,2025-10-31 09:00:00,2025-10-31 21:00:00,0.5,2025-11-08 12:00:00,165363.0,350731.01,204827.28,1.7123,50,29,997,1.120976336907289,185368.01,57.175,1.7241379310344829,19.94,,Car,False,Friday,9.0,10.0,October,4.0,1.7241379310344829,39.09,23.45,High,,0.0,0.0
AUC-717,Vehicles 3789,Vehicles,Car,Umm Al Quwain,Auction,Closed,2025-10-05 14:00:00,2025-10-06 23:00:00,1.375,2025-11-08 12:00:00,141705.0,250077.78,180465.25,1.3857,58,18,713,0.7647773896475072,108372.78,51.325,3.2222222222222223,12.29310344827586,,Car,False,Sunday,14.0,10.0,October,4.0,3.2222222222222223,27.03,56.22,High,,0.0,250077.78
AUC-718,Vehicles 8638,Vehicles,Car,Umm Al Quwain,Auction,Closed,2025-09-12 04:00:00,2025-09-14 02:00:00,1.99,2025-11-08 12:00:00,168985.0,369755.55,187050.25,1.9768,90,28,2134,1.1880968725034766,200770.55,105.35,3.2142857142857144,23.711111111111112,,Car,False,Friday,4.0,9.0,September,3.0,3.2142857142857144,42.03,65.22,High,,0.0,369755.55
AUC-719,Vehicles 5172,Vehicles,Car,Ras Al Khaimah,Auction,Closed,2025-10-18 01:00:00,2025-10-20 03:00:00,2.173,2025-11-08 12:00:00,26470.0,57490.8,29525.4,1.9472,85,31,2482,1.1719229316207027,31020.8,112.3,2.7419354838709675,29.2,,Car,False,Saturday,1.0,10.0,October,4.0,2.7419354838709675,41.92,65.15,Mid,,0.0,57490.8
AUC-720,Vehicles 2807,Vehicles,Car,Umm Al Quwain,Auction,Closed,2025-09-19 00:00:00,2025-09-20 00:00:00,1.0,2025-11-08 12:00:00,105278.0,123601.59,127827.01,0.9669,39,25,396,0.1740495640114743,18323.59,35.65,1.56,10.153846153846152,,Car,False,Friday,0.0,9.0,September,3.0,1.56,7.28,44.37,High,,0.0,123601.59
AUC-721,Vehicles 8598,Vehicles,Car,Ajman,Auction,Closed,2025-10-27 09:00:00,2025-10-27 20:00:00,0.458,2025-11-08 12:00:00,97901.0,183941.31,112547.17,1.6343,52,25,1100,0.8788501649625642,86040.31,59.75,2.08,21.153846153846157,,Car,False,Monday,9.0,10.0,October,4.0,2.08,31.0,58.6,Mid,,0.0,183941.31
AUC-722,Vehicles 5953,Vehicles,Car,Fujairah,Auction,Closed,2025-09-23 05:00:00,2025-09-24 07:00:00,1.083,2025-11-08 12:00:00,84839.0,165054.66,98172.81,1.6813,24,14,666,0.9455045439008004,80215.66,32.15,1.7142857142857142,27.75,,Car,False,Tuesday,5.0,9.0,September,3.0,1.7142857142857142,32.26,19.36,Mid,,0.0,0.0
AUC-723,Vehicles 8223,Vehicles,Car,Umm Al Quwain,Auction,Closed,2025-10-02 14:00:00,2025-10-04 23:00:00,2.375,2025-11-08 12:00:00,192601.0,340486.46,215842.44,1.5775,27,10,470,0.7678332926620319,147885.46,27.75,2.7,17.40740740740741,,Car,False,Thursday,14.0,10.0,October,4.0,2.7,26.44,55.86,High,,0.0,340486.46
AUC-724,Vehicles 5069,Vehicles,Car,Fujairah,Auction,Closed,2025-10-25 13:00:00,2025-10-28 12:00:00,3.063,2025-11-08 12:00:00,15150.0,32945.28,17418.35,1.8914,90,30,2338,1.1746059405940594,17795.28,110.95,3.0,25.977777777777774,,Car,False,Saturday,13.0,10.0,October,4.0,3.0,42.31,65.39,Mid,,0.0,32945.28
AUC-725,Vehicles 2136,Vehicles,Car,Ajman,Auction,Closed,2025-09-22 02:00:00,2025-09-24 22:00:00,2.833,2025-11-08 12:00:00,125279.0,142077.32,157762.94,0.9006,12,8,228,0.1340872771972956,16798.32,13.7,1.5,19.0,,Car,False,Monday,2.0,9.0,September,3.0,1.5,4.84,42.9,High,,0.0,142077.32
AUC-726,Vehicles 7128,Vehicles,Car,Ras Al Khaimah,Auction,Closed,2025-09-24 07:00:00,2025-09-26 03:00:00,1.833,2025-11-08 12:00:00,19841.0,39789.8,22222.23,1.7905,49,15,799,1.0054331938914371,19948.8,48.225,3.2666666666666666,16.306122448979593,,Car,False,Wednesday,7.0,9.0,September,3.0,3.2666666666666666,35.11,61.07,Mid,,0.0,39789.8
AUC-727,Vehicles 2119,Vehicles,Car,Dubai,Auction,Closed,2025-10-07 03:00:00,2025-10-07 13:00:00,0.417,2025-11-08 12:00:00,36714.0,44676.53,42029.24,1.063,41,18,888,0.2168799368088467,7962.53,47.2,2.2777777777777777,21.65853658536585,,Car,False,Tuesday,3.0,10.0,October,4.0,2.2777777777777777,8.67,5.2,Mid,,0.0,0.0
AUC-728,Vehicles 6968,Vehicles,Car,Dubai,BuyNow,Closed,2025-10-22 00:00:00,2025-10-24 21:00:00,2.875,2025-11-08 12:00:00,14119.0,19395.61,17593.77,1.1024,42,14,1181,0.3737240597776047,5276.61,54.025,3.0,28.11904761904762,,Car,False,Wednesday,0.0,10.0,October,4.0,3.0,13.77,48.26,Mid,,0.0,19395.61
AUC-729,Vehicles 4750,Vehicles,Car,Dubai,Auction,Closed,2025-10-30 21:00:00,2025-10-31 11:00:00,0.583,2025-11-08 12:00:00,99682.77,107615.55,120619.19,0.8922,17,13,449,0.0795802524347989,7932.78,22.975,1.3076923076923077,26.41176470588235,,Car,False,Thursday,21.0,10.0,October,4.0,1.3076923076923077,3.28,41.97,Mid,,0.0,107615.55
AUC-730,Vehicles 8122,Vehicles,Car,Ajman,Auction,Closed,2025-09-10 11:00:00,2025-09-11 09:00:00,0.917,2025-11-08 12:00:00,46532.0,70329.65,53048.59,1.3258,43,21,471,0.5114254706438579,23797.65,38.525,2.0476190476190474,10.953488372093023,,Car,False,Wednesday,11.0,9.0,September,3.0,2.0476190476190474,18.66,51.2,Mid,,0.0,70329.65
AUC-731,Vehicles 8829,Vehicles,Car,Umm Al Quwain,BuyNow,Closed,2025-09-26 02:00:00,2025-09-29 00:00:00,2.917,2025-11-08 12:00:00,116720.0,196594.85,130697.78,1.5042,15,12,309,0.6843287354352297,79874.85,18.225,1.25,20.6,,Car,False,Friday,2.0,9.0,September,3.0,1.25,23.3,53.98,High,,0.0,196594.85
AUC-732,Vehicles 4665,Vehicles,Car,Abu Dhabi,Auction,Closed,2025-09-18 09:00:00,2025-09-19 23:00:00,1.702,2025-11-08 12:00:00,59915.0,127779.52,67999.68,1.8791,97,34,1654,1.1326799632813154,67864.52,98.35,2.8529411764705883,17.051546391752577,,Car,False,Thursday,9.0,9.0,September,3.0,2.8529411764705883,40.5,24.3,Mid,,0.0,0.0
AUC-733,Vehicles 8937,Vehicles,Car,Abu Dhabi,BuyNow,Closed,2025-09-25 22:00:00,2025-09-26 15:00:00,0.708,2025-11-08 12:00:00,66465.0,114987.72,85427.8,1.346,10,7,237,0.73004919882645,48522.72,12.675,1.4285714285714286,23.7,,Car,False,Thursday,22.0,9.0,September,3.0,1.4285714285714286,24.64,54.78,Mid,,0.0,114987.72
AUC-734,Vehicles 1997,Vehicles,Car,Ras Al Khaimah,Auction,Closed,2025-09-17 05:00:00,2025-09-18 19:00:00,1.583,2025-11-08 12:00:00,111840.0,162448.37,133683.23,1.2152,28,14,318,0.4525068848354792,50608.37,25.45,2.0,11.357142857142858,,Car,False,Wednesday,5.0,9.0,September,3.0,2.0,16.09,9.65,High,,0.0,0.0
AUC-735,Vehicles 1966,Vehicles,Car,Fujairah,BuyNow,Closed,2025-10-28 23:00:00,2025-10-29 08:00:00,0.467,2025-11-08 12:00:00,192551.0,202685.53,216818.68,0.9348,87,29,966,0.0526329647729692,10134.53,74.9,3.0,11.10344827586207,,Car,False,Tuesday,23.0,10.0,October,4.0,3.0,4.93,42.96,High,,0.0,202685.53
AUC-736,Vehicles 9940,Vehicles,Car,Umm Al Quwain,BuyNow,Closed,2025-10-07 20:00:00,2025-10-08 21:00:00,1.042,2025-11-08 12:00:00,8892.0,17797.21,11441.94,1.5554,50,17,1047,1.0014856050382366,8905.21,55.425,2.9411764705882355,20.94,,Car,False,Tuesday,20.0,10.0,October,4.0,2.9411764705882355,35.1,21.06,Low,,0.0,0.0
AUC-737,Vehicles 6168,Vehicles,Car,Ajman,BuyNow,Closed,2025-09-24 22:00:00,2025-09-27 18:00:00,2.9,2025-11-08 12:00:00,158002.0,176568.64,201439.02,0.8765,64,24,754,0.1175088922925027,18566.64,56.85,2.6666666666666665,11.78125,,Car,False,Wednesday,22.0,9.0,September,3.0,2.6666666666666665,6.33,3.8,High,,0.0,0.0
AUC-738,Vehicles 5055,Vehicles,Car,Sharjah,Auction,Closed,2025-10-31 08:00:00,2025-11-01 08:00:00,1.067,2025-11-08 12:00:00,40719.0,73708.33,52482.78,1.4044,62,22,1305,0.8101704364056093,32989.33,69.125,2.8181818181818183,21.048387096774192,,Car,False,Friday,8.0,10.0,October,4.0,2.8181818181818183,29.15,57.49,Mid,,0.0,73708.33
AUC-739,Vehicles 2400,Vehicles,Car,Dubai,Auction,Closed,2025-10-27 08:00:00,2025-10-30 00:00:00,2.667,2025-11-08 12:00:00,128070.0,155937.26,141519.57,1.1019,32,12,714,0.2175939720465371,27867.26,36.85,2.6666666666666665,22.3125,,Car,False,Monday,8.0,10.0,October,4.0,2.6666666666666665,8.22,44.93,High,,0.0,155937.26
AUC-740,Vehicles 3600,Vehicles,Car,Abu Dhabi,BuyNow,Closed,2025-09-28 18:00:00,2025-09-30 10:00:00,1.759,2025-11-08 12:00:00,149861.0,199266.98,184784.62,1.0784,70,26,1887,0.3296787022640981,49405.98,88.675,2.6923076923076925,26.957142857142856,,Car,False,Sunday,18.0,9.0,September,3.0,2.6923076923076925,13.07,7.84,High,,0.0,0.0
AUC-741,Vehicles 7174,Vehicles,Car,Ras Al Khaimah,Auction,Closed,2025-09-14 05:00:00,2025-09-16 05:00:00,2.0,2025-11-08 12:00:00,114084.0,121946.61,139463.91,0.8744,18,9,301,0.0689194803828757,7862.61,18.775,2.0,16.72222222222222,,Car,False,Sunday,5.0,9.0,September,3.0,2.0,2.93,41.76,High,,0.0,121946.61
AUC-742,Vehicles 8394,Vehicles,Car,Sharjah,Auction,Closed,2025-09-26 15:00:00,2025-09-28 18:00:00,2.125,2025-11-08 12:00:00,143384.0,231629.6,164870.51,1.4049,33,26,444,0.6154494225297105,88245.6,34.1,1.2692307692307692,13.454545454545457,,Car,False,Friday,15.0,9.0,September,3.0,1.2692307692307692,21.76,53.06,High,,0.0,231629.6
AUC-743,Vehicles 9246,Vehicles,Car,Umm Al Quwain,BuyNow,Closed,2025-11-02 23:00:00,2025-11-04 16:00:00,1.708,2025-11-08 12:00:00,174446.0,339987.22,204934.95,1.659,11,5,239,0.9489539456336056,165541.22,12.725,2.2,21.727272727272727,,Car,False,Sunday,23.0,11.0,November,4.0,2.2,32.0,19.2,High,,0.0,0.0
AUC-744,Vehicles 4669,Vehicles,Car,Umm Al Quwain,Auction,Closed,2025-09-09 07:00:00,2025-09-09 13:00:00,0.25,2025-11-08 12:00:00,186616.0,409204.3,214703.1,1.9059,31,24,751,1.192761070862091,222588.3,40.275,1.2916666666666667,24.225806451612904,,Car,False,Tuesday,7.0,9.0,September,3.0,1.2916666666666667,40.88,24.53,High,,0.0,0.0
AUC-745,Vehicles 5092,Vehicles,Car,Sharjah,Auction,Closed,2025-10-27 09:00:00,2025-10-30 03:00:00,2.75,2025-11-08 12:00:00,146795.0,228067.53,178899.48,1.2748,9,4,232,0.5536464457236282,81272.53,11.3,2.25,25.77777777777778,,Car,False,Monday,9.0,10.0,October,4.0,2.25,18.74,51.24,High,,0.0,228067.53
AUC-746,Vehicles 2469,Vehicles,Car,Abu Dhabi,Auction,Closed,2025-10-23 14:00:00,2025-10-25 02:00:00,1.645,2025-11-08 12:00:00,86150.0,118371.73,97780.14,1.2106,68,30,974,0.3740189204875217,32221.73,65.85,2.2666666666666666,14.323529411764708,,Car,False,Thursday,14.0,10.0,October,4.0,2.2666666666666666,14.6,8.76,Mid,,0.0,0.0
AUC-747,Vehicles 1747,Vehicles,Car,Umm Al Quwain,Auction,Closed,2025-09-07 18:00:00,2025-09-09 18:00:00,2.0,2025-11-08 12:00:00,90089.0,159360.17,115027.37,1.3854,35,22,682,0.7689192909234203,69271.17,40.05,1.5909090909090908,19.485714285714284,,Car,False,Sunday,18.0,9.0,September,3.0,1.5909090909090908,26.89,56.13,Mid,,0.0,159360.17
AUC-748,Vehicles 4940,Vehicles,Car,Dubai,Auction,Closed,2025-09-20 09:00:00,2025-09-22 02:00:00,1.708,2025-11-08 12:00:00,19851.0,37480.18,24764.13,1.5135,6,2,173,0.8880751599415647,17629.18,7.825,3.0,28.83333333333333,,Car,False,Saturday,9.0,9.0,September,3.0,3.0,29.81,57.89,Mid,,0.0,37480.18
AUC-749,Vehicles 6212,Vehicles,Car,Ajman,Auction,Closed,2025-09-09 14:00:00,2025-09-11 14:00:00,2.0,2025-11-08 12:00:00,101333.0,147945.01,115611.27,1.2797,11,4,114,0.459988453909388,46612.01,9.35,2.75,10.363636363636363,,Car,False,Tuesday,14.0,9.0,September,3.0,2.75,15.73,49.44,High,,0.0,147945.01
AUC-750,Vehicles 1938,Vehicles,Car,Ras Al Khaimah,Auction,Closed,2025-09-18 13:00:00,2025-09-19 17:00:00,1.167,2025-11-08 12:00:00,20600.0,42061.1,25619.91,1.6417,17,7,228,1.0418009708737863,21461.1,15.95,2.4285714285714284,13.411764705882351,,Car,False,Thursday,13.0,9.0,September,3.0,2.4285714285714284,35.25,61.15,Mid,,0.0,42061.1
AUC-751,Vehicles 4676,Vehicles,Car,Umm Al Quwain,BuyNow,Closed,2025-09-26 21:00:00,2025-09-29 10:00:00,2.651,2025-11-08 12:00:00,50147.49,72896.9,64522.31,1.1298,110,33,1179,0.4536500231616776,22749.41,92.725,3.333333333333333,10.71818181818182,,Car,False,Friday,21.0,9.0,September,3.0,3.333333333333333,19.05,11.43,Mid,,0.0,0.0
AUC-752,Vehicles 6773,Vehicles,Car,Fujairah,Auction,Closed,2025-10-19 23:00:00,2025-10-20 18:00:00,0.792,2025-11-08 12:00:00,94681.0,153029.43,107434.73,1.4244,39,21,629,0.616263347450914,58348.43,40.475,1.8571428571428568,16.128205128205128,,Car,False,Sunday,23.0,10.0,October,4.0,1.8571428571428568,21.77,53.06,Mid,,0.0,153029.43
AUC-753,Vehicles 8297,Vehicles,Car,Dubai,Auction,Closed,2025-10-17 08:00:00,2025-10-19 08:00:00,2.0,2025-11-08 12:00:00,140547.0,270569.55,168758.91,1.6033,18,10,484,0.92511793207966,130022.55,23.6,1.8,26.88888888888889,,Car,False,Friday,8.0,10.0,October,4.0,1.8,31.41,18.85,High,,0.0,0.0
AUC-754,Vehicles 9445,Vehicles,Car,Abu Dhabi,Auction,Closed,2025-09-10 06:00:00,2025-09-12 01:00:00,1.792,2025-11-08 12:00:00,108818.0,181289.17,128805.07,1.4075,16,10,164,0.665985131136393,72471.17,14.6,1.6,10.25,,Car,False,Wednesday,6.0,9.0,September,3.0,1.6,22.81,53.69,High,,0.0,181289.17
AUC-755,Vehicles 4062,Vehicles,Car,Abu Dhabi,BuyNow,Closed,2025-09-15 16:00:00,2025-09-17 06:00:00,1.583,2025-11-08 12:00:00,82905.0,92562.48,102907.8,0.8995,2,1,23,0.1164885109462637,9657.48,1.825,2.0,11.5,,Car,False,Monday,16.0,9.0,September,3.0,2.0,3.96,2.38,Mid,,0.0,0.0
AUC-756,Vehicles 4525,Vehicles,Car,Sharjah,BuyNow,Closed,2025-10-16 23:00:00,2025-10-17 04:00:00,0.208,2025-11-08 12:00:00,135636.0,264358.69,157864.34,1.6746,12,7,137,0.9490304196525996,128722.69,11.175,1.7142857142857142,11.416666666666666,,Car,False,Thursday,23.0,10.0,October,4.0,1.7142857142857142,32.1,59.26,High,,0.0,264358.69
AUC-757,Vehicles 8873,Vehicles,Car,Abu Dhabi,Auction,Closed,2025-10-14 20:00:00,2025-10-16 02:00:00,1.36,2025-11-08 12:00:00,41582.0,61907.29,49111.3,1.2606,96,30,2351,0.4888002020104853,20325.29,114.275,3.2,24.48958333333333,,Car,False,Tuesday,20.0,10.0,October,4.0,3.2,18.95,51.37,Mid,,0.0,61907.29
AUC-758,Vehicles 7238,Vehicles,Car,Ras Al Khaimah,Auction,Closed,2025-10-20 10:00:00,2025-10-20 17:00:00,0.292,2025-11-08 12:00:00,195832.0,243376.43,231558.75,1.051,40,21,426,0.242781721067037,47544.43,35.9,1.9047619047619049,10.65,,Car,False,Monday,10.0,10.0,October,4.0,1.9047619047619049,9.35,45.61,High,,0.0,243376.43
AUC-759,Vehicles 3463,Vehicles,Car,Abu Dhabi,Auction,Closed,2025-10-17 12:00:00,2025-10-19 02:00:00,1.583,2025-11-08 12:00:00,14740.0,22454.0,17518.51,1.2817,30,13,900,0.5233378561736771,7714.0,40.75,2.3076923076923075,30.0,,Car,False,Friday,12.0,10.0,October,4.0,2.3076923076923075,18.52,11.11,Mid,,0.0,0.0
AUC-760,Vehicles 7165,Vehicles,Car,Umm Al Quwain,Auction,Closed,2025-09-15 00:00:00,2025-09-17 02:00:00,2.083,2025-11-08 12:00:00,9302.0,13655.41,10869.51,1.2563,2,1,21,0.4680079552784347,4353.41,1.775,2.0,10.5,,Car,False,Monday,0.0,9.0,September,3.0,2.0,15.68,49.41,Low,,0.0,13655.41
AUC-761,Vehicles 2417,Vehicles,Car,Umm Al Quwain,Auction,Closed,2025-11-05 21:00:00,2025-11-07 12:00:00,1.625,2025-11-08 12:00:00,145839.0,278109.67,166711.9,1.6682,23,12,632,0.9069636379843524,132270.67,30.3,1.9166666666666667,27.47826086956522,,Car,False,Wednesday,21.0,11.0,November,4.0,1.9166666666666667,31.01,58.61,High,,0.0,278109.67
AUC-762,Vehicles 5040,Vehicles,Car,Umm Al Quwain,Auction,Closed,2025-10-09 14:00:00,2025-10-11 21:00:00,2.292,2025-11-08 12:00:00,88435.0,127550.43,110307.9,1.1563,41,14,1128,0.4423071182224232,39115.43,52.2,2.9285714285714284,27.51219512195122,,Car,False,Thursday,14.0,10.0,October,4.0,2.9285714285714284,15.85,49.51,Mid,,0.0,127550.43
AUC-763,Vehicles 3758,Vehicles,Car,Abu Dhabi,Auction,Closed,2025-09-11 05:00:00,2025-09-12 09:00:00,1.167,2025-11-08 12:00:00,172747.0,340386.2,217625.96,1.5641,14,5,385,0.9704319033036752,167639.2,17.875,2.8,27.5,,Car,False,Thursday,5.0,9.0,September,3.0,2.8,32.8,19.68,High,,0.0,0.0
AUC-764,Vehicles 9932,Vehicles,Car,Sharjah,Auction,Closed,2025-10-05 06:00:00,2025-10-06 06:00:00,1.064,2025-11-08 12:00:00,135654.0,207221.8,167963.53,1.2337,62,21,1482,0.5275760390405,71567.8,73.3,2.952380952380953,23.90322580645161,,Car,False,Sunday,6.0,10.0,October,4.0,2.952380952380953,19.26,51.56,High,,0.0,207221.8
AUC-765,Vehicles 1314,Vehicles,Car,Umm Al Quwain,Auction,Closed,2025-10-09 16:00:00,2025-10-11 02:00:00,1.417,2025-11-08 12:00:00,37175.71,41280.17,47016.24,0.878,60,23,733,0.1104070372832152,4104.46,54.075,2.608695652173913,12.216666666666669,,Car,False,Thursday,16.0,10.0,October,4.0,2.608695652173913,5.49,43.29,Mid,,0.0,41280.17
AUC-766,Vehicles 8710,Vehicles,Car,Sharjah,BuyNow,Closed,2025-10-19 17:00:00,2025-10-20 12:00:00,0.873,2025-11-08 12:00:00,199355.0,233338.02,226794.17,1.0289,77,34,842,0.1704648491384715,33983.02,68.05,2.264705882352941,10.935064935064934,,Car,False,Sunday,17.0,10.0,October,4.0,2.264705882352941,8.35,45.01,High,,0.0,233338.02
AUC-767,Vehicles 3530,Vehicles,Car,Umm Al Quwain,Auction,Closed,2025-10-31 14:00:00,2025-11-03 00:00:00,2.417,2025-11-08 12:00:00,20389.0,41004.01,22829.97,1.7961,29,13,303,1.0110848987198982,20615.01,25.325,2.230769230769231,10.448275862068966,,Car,False,Friday,14.0,10.0,October,4.0,2.230769230769231,34.55,60.73,Mid,,0.0,41004.01
AUC-768,Vehicles 1325,Vehicles,Car,Dubai,Auction,Closed,2025-10-22 18:00:00,2025-10-25 05:00:00,2.458,2025-11-08 12:00:00,121289.0,259497.38,142594.82,1.8198,28,10,826,1.1394964094023363,138208.38,37.15,2.8,29.5,,Car,False,Wednesday,18.0,10.0,October,4.0,2.8,38.95,63.37,High,,0.0,259497.38
AUC-769,Vehicles 6940,Vehicles,Car,Dubai,Auction,Closed,2025-11-01 03:00:00,2025-11-02 11:00:00,1.333,2025-11-08 12:00:00,112386.0,187538.56,126109.82,1.4871,58,28,1153,0.6687003719324471,75152.56,64.825,2.071428571428572,19.879310344827587,,Car,False,Saturday,3.0,11.0,November,4.0,2.071428571428572,24.3,54.58,High,,0.0,187538.56
AUC-770,Vehicles 7101,Vehicles,Car,Fujairah,BuyNow,Closed,2025-10-28 18:00:00,2025-10-31 03:00:00,2.375,2025-11-08 12:00:00,215030.38,359459.44,248479.86,1.4466,26,12,533,0.6716681614942037,144429.06,29.325,2.1666666666666665,20.5,,Car,False,Tuesday,18.0,10.0,October,4.0,2.1666666666666665,23.23,53.94,High,,0.0,359459.44
AUC-771,Vehicles 2280,Vehicles,Car,Umm Al Quwain,Auction,Closed,2025-10-29 02:00:00,2025-10-29 07:00:00,0.208,2025-11-08 12:00:00,128712.0,192179.62,152341.98,1.2615,35,22,574,0.4930979240474858,63467.62,37.35,1.5909090909090908,16.4,,Car,False,Wednesday,2.0,10.0,October,4.0,1.5909090909090908,17.59,50.55,High,,0.0,192179.62
AUC-772,Vehicles 1344,Vehicles,Car,Dubai,Auction,Closed,2025-10-19 16:00:00,2025-10-20 06:00:00,0.722,2025-11-08 12:00:00,167640.0,356068.94,216551.43,1.6443,72,26,809,1.124009424958244,188428.94,62.725,2.769230769230769,11.23611111111111,,Car,False,Sunday,16.0,10.0,October,4.0,2.769230769230769,40.12,24.07,High,,0.0,0.0
AUC-773,Vehicles 2002,Vehicles,Car,Ras Al Khaimah,Auction,Closed,2025-11-06 11:00:00,2025-11-07 10:00:00,0.958,2025-11-08 12:00:00,224061.74,395054.57,246767.33,1.6009,41,30,881,0.7631505048563848,170992.83,50.025,1.3666666666666667,21.48780487804878,,Car,False,Thursday,11.0,11.0,November,4.0,1.3666666666666667,26.91,16.15,High,,0.0,0.0
AUC-774,Vehicles 4679,Vehicles,Car,Dubai,Auction,Closed,2025-09-09 14:00:00,2025-09-10 20:00:00,1.25,2025-11-08 12:00:00,172906.0,293406.84,193080.26,1.5196,38,11,418,0.6969153181497463,120500.84,32.2,3.4545454545454546,11.0,,Car,False,Tuesday,14.0,9.0,September,3.0,3.4545454545454546,24.6,54.76,High,,0.0,293406.84
AUC-775,Vehicles 2191,Vehicles,Car,Ras Al Khaimah,BuyNow,Closed,2025-10-30 11:00:00,2025-10-31 06:00:00,0.792,2025-11-08 12:00:00,130529.0,155718.38,143909.97,1.0821,34,22,777,0.1929791847022501,25189.38,41.925,1.5454545454545454,22.852941176470587,,Car,False,Thursday,11.0,10.0,October,4.0,1.5454545454545454,7.58,44.55,High,,0.0,155718.38
AUC-776,Vehicles 7326,Vehicles,Car,Fujairah,Auction,Closed,2025-10-14 01:00:00,2025-10-15 15:00:00,1.583,2025-11-08 12:00:00,157251.04,227543.82,178007.14,1.2783,10,5,167,0.4470099530025365,70292.78,10.425,2.0,16.7,,Car,False,Tuesday,1.0,10.0,October,4.0,2.0,15.25,9.15,High,,0.0,0.0
AUC-777,Vehicles 1697,Vehicles,Car,Ras Al Khaimah,Auction,Closed,2025-09-13 09:00:00,2025-09-15 18:00:00,2.375,2025-11-08 12:00:00,133570.0,219286.47,171665.48,1.2774,47,27,545,0.641734446357715,85716.47,43.875,1.7407407407407407,11.595744680851064,,Car,False,Saturday,9.0,9.0,September,3.0,1.7407407407407407,23.23,53.94,High,,0.0,219286.47
AUC-778,Vehicles 8099,Vehicles,Car,Ras Al Khaimah,Auction,Closed,2025-10-30 14:00:00,2025-11-01 01:00:00,1.458,2025-11-08 12:00:00,42750.0,90642.48,47060.99,1.9261,4,2,94,1.1202919298245613,47892.48,4.85,2.0,23.5,,Car,False,Thursday,14.0,10.0,October,4.0,2.0,37.46,22.48,Mid,,0.0,0.0
AUC-779,Vehicles 8870,Vehicles,Car,Sharjah,Auction,Closed,2025-10-07 11:00:00,2025-10-08 21:00:00,1.417,2025-11-08 12:00:00,30334.0,35671.83,38528.79,0.9258,47,24,1282,0.1759685501417552,5337.83,61.55,1.9583333333333333,27.27659574468085,,Car,False,Tuesday,11.0,10.0,October,4.0,1.9583333333333333,7.32,44.39,Mid,,0.0,35671.83
AUC-780,Vehicles 7450,Vehicles,Car,Fujairah,Auction,Closed,2025-09-17 21:00:00,2025-09-18 05:00:00,0.333,2025-11-08 12:00:00,80043.0,111519.93,89775.85,1.2422,23,8,259,0.3932502529890183,31476.93,19.975,2.875,11.26086956521739,,Car,False,Wednesday,21.0,9.0,September,3.0,2.875,13.95,48.37,Mid,,0.0,111519.93
AUC-781,Vehicles 9496,Vehicles,Car,Abu Dhabi,Auction,Closed,2025-10-04 07:00:00,2025-10-05 06:00:00,0.958,2025-11-08 12:00:00,48008.0,95999.62,53524.44,1.7936,26,16,620,0.9996588068655224,47991.62,32.5,1.625,23.846153846153847,,Car,False,Saturday,7.0,10.0,October,4.0,1.625,34.2,60.52,Mid,,0.0,95999.62
AUC-782,Vehicles 9452,Vehicles,Car,Ajman,Auction,Closed,2025-10-23 19:00:00,2025-10-26 05:00:00,2.417,2025-11-08 12:00:00,66826.0,70706.36,73899.38,0.9568,5,3,54,0.0580666207763445,3880.36,4.6,1.6666666666666667,10.8,,Car,False,Thursday,19.0,10.0,October,4.0,1.6666666666666667,2.09,1.25,Mid,,0.0,0.0
AUC-783,Vehicles 1419,Vehicles,Car,Abu Dhabi,Auction,Closed,2025-09-21 15:00:00,2025-09-24 02:00:00,2.458,2025-11-08 12:00:00,142525.0,179737.68,178087.91,1.0093,34,24,407,0.2610958077530257,37212.68,33.175,1.4166666666666667,11.970588235294118,,Car,False,Sunday,15.0,9.0,September,3.0,1.4166666666666667,10.08,46.05,High,,0.0,179737.68
AUC-784,Vehicles 4077,Vehicles,Car,Ajman,BuyNow,Closed,2025-09-27 09:00:00,2025-09-27 20:00:00,0.458,2025-11-08 12:00:00,139530.0,211305.58,159741.75,1.3228,33,17,900,0.5144096610048018,71775.58,43.25,1.9411764705882355,27.272727272727277,,Car,False,Saturday,9.0,9.0,September,3.0,1.9411764705882355,18.11,50.87,High,,0.0,211305.58
AUC-785,Vehicles 7839,Vehicles,Car,Ras Al Khaimah,BuyNow,Closed,2025-10-16 09:00:00,2025-10-16 14:00:00,0.299,2025-11-08 12:00:00,152029.0,164213.45,188921.69,0.8692,77,23,775,0.0801455643331207,12184.45,63.625,3.347826086956522,10.064935064935066,,Car,False,Thursday,9.0,10.0,October,4.0,3.347826086956522,5.21,43.13,High,,0.0,164213.45
AUC-786,Vehicles 4056,Vehicles,Car,Ajman,BuyNow,Closed,2025-11-02 03:00:00,2025-11-04 15:00:00,2.5,2025-11-08 12:00:00,93808.0,114813.29,110032.67,1.0434,25,12,252,0.2239178961282619,21005.29,21.8,2.083333333333333,10.08,,Car,False,Sunday,3.0,11.0,November,4.0,2.083333333333333,8.37,5.02,Mid,,0.0,0.0
AUC-787,Vehicles 7633,Vehicles,Car,Dubai,Auction,Closed,2025-11-06 12:00:00,2025-11-07 03:00:00,0.625,2025-11-08 12:00:00,261657.61,349460.35,334344.03,1.0452,3,1,30,0.3355634869553383,87802.74,2.5,3.0,10.0,,Car,False,Thursday,12.0,11.0,November,4.0,3.0,11.29,46.77,High,,0.0,349460.35
AUC-788,Vehicles 7967,Vehicles,Car,Sharjah,Auction,Closed,2025-09-17 01:00:00,2025-09-18 20:00:00,1.792,2025-11-08 12:00:00,40884.0,79447.22,52125.59,1.5242,45,20,611,0.943235006359456,38563.22,42.775,2.25,13.577777777777778,,Car,False,Wednesday,1.0,9.0,September,3.0,2.25,32.9,19.74,Mid,,0.0,0.0
AUC-789,Vehicles 9971,Vehicles,Car,Fujairah,Auction,Closed,2025-10-16 03:00:00,2025-10-18 15:00:00,2.5,2025-11-08 12:00:00,149594.0,225408.76,171966.39,1.3108,54,24,902,0.5068034814230518,75814.76,55.55,2.25,16.703703703703702,,Car,False,Thursday,3.0,10.0,October,4.0,2.25,18.41,51.05,High,,0.0,225408.76
AUC-790,Vehicles 3968,Vehicles,Car,Ajman,BuyNow,Closed,2025-10-27 11:00:00,2025-10-29 20:00:00,2.427,2025-11-08 12:00:00,52183.0,109346.06,66786.38,1.6373,71,23,750,1.0954345284862883,57163.06,60.0,3.0869565217391304,10.56338028169014,,Car,False,Monday,11.0,10.0,October,4.0,3.0869565217391304,39.05,23.43,Mid,,0.0,0.0
AUC-791,Vehicles 4130,Vehicles,Car,Ajman,Auction,Closed,2025-10-05 15:00:00,2025-10-07 08:00:00,1.708,2025-11-08 12:00:00,134422.0,267100.61,163656.53,1.6321,11,9,112,0.9870304712026304,132678.61,10.55,1.2222222222222223,10.181818181818182,,Car,False,Sunday,15.0,10.0,October,4.0,1.2222222222222223,33.33,60.0,High,,0.0,267100.61
AUC-792,Vehicles 1218,Vehicles,Car,Ajman,Auction,Closed,2025-09-11 13:00:00,2025-09-12 18:00:00,1.314,2025-11-08 12:00:00,98230.0,153012.62,124820.18,1.2259,80,25,1970,0.5576974447724727,54782.62,95.5,3.2,24.625,,Car,False,Thursday,13.0,9.0,September,3.0,3.2,20.91,52.55,Mid,,0.0,153012.62
AUC-793,Vehicles 3569,Vehicles,Car,Sharjah,Auction,Closed,2025-11-05 02:00:00,2025-11-07 10:00:00,2.333,2025-11-08 12:00:00,87660.0,181448.31,110891.78,1.6363,44,19,1234,1.069909993155373,93788.31,57.6,2.3157894736842106,28.045454545454547,,Car,False,Wednesday,2.0,11.0,November,4.0,2.3157894736842106,37.04,62.22,Mid,,0.0,181448.31
AUC-794,Vehicles 3524,Vehicles,Car,Umm Al Quwain,Auction,Closed,2025-11-02 00:00:00,2025-11-04 03:00:00,2.125,2025-11-08 12:00:00,142990.0,153890.6,160253.47,0.9603,16,8,406,0.0762333030281838,10900.6,20.15,2.0,25.375,,Car,False,Sunday,0.0,11.0,November,4.0,2.0,3.08,41.85,High,,0.0,153890.6
AUC-795,Vehicles 5077,Vehicles,Car,Umm Al Quwain,BuyNow,Closed,2025-10-10 07:00:00,2025-10-12 19:00:00,2.5,2025-11-08 12:00:00,14599.0,18784.02,18827.7,0.9977,13,4,297,0.2866648400575382,4185.02,14.925,3.25,22.846153846153847,,Car,False,Friday,7.0,10.0,October,4.0,3.25,9.92,45.95,Mid,,0.0,18784.02
AUC-796,Vehicles 4790,Vehicles,Car,Ras Al Khaimah,Auction,Closed,2025-09-26 22:00:00,2025-09-28 12:00:00,1.583,2025-11-08 12:00:00,81974.0,100516.12,93820.83,1.0714,24,12,249,0.2261951350428184,18542.12,21.225,2.0,10.375,,Car,False,Friday,22.0,9.0,September,3.0,2.0,8.43,45.06,Mid,,0.0,100516.12
AUC-797,Vehicles 8708,Vehicles,Car,Umm Al Quwain,Auction,Closed,2025-10-06 22:00:00,2025-10-09 18:00:00,2.833,2025-11-08 12:00:00,166903.0,230004.21,212908.33,1.0803,3,1,34,0.3780711551020652,63101.21,2.6,3.0,11.333333333333334,,Car,False,Monday,22.0,10.0,October,4.0,3.0,12.71,47.63,High,,0.0,230004.21
AUC-798,Vehicles 7963,Vehicles,Car,Ras Al Khaimah,Auction,Closed,2025-09-12 21:00:00,2025-09-15 05:00:00,2.458,2025-11-08 12:00:00,25205.0,31805.67,30477.43,1.0436,84,25,2473,0.261879389010117,6600.67,110.075,3.36,29.44047619047619,,Car,False,Friday,21.0,9.0,September,3.0,3.36,11.22,46.73,Mid,,0.0,31805.67
AUC-799,Vehicles 7556,Vehicles,Car,Fujairah,Auction,Closed,2025-11-05 01:00:00,2025-11-05 09:00:00,0.333,2025-11-08 12:00:00,128781.0,180111.02,164554.11,1.0945,2,1,23,0.3985837972992909,51330.02,1.825,2.0,11.5,,Car,False,Wednesday,1.0,11.0,November,4.0,2.0,13.36,48.02,High,,0.0,180111.02
AUC-800,Vehicles 1046,Vehicles,Car,Dubai,Auction,Closed,2025-10-17 03:00:00,2025-10-18 02:00:00,0.958,2025-11-08 12:00:00,23414.0,30726.79,26352.36,1.166,4,2,41,0.3123255317331511,7312.79,3.525,2.0,10.25,,Car,False,Friday,3.0,10.0,October,4.0,2.0,10.56,6.34,Mid,,0.0,0.0
AUC-801,Vehicles 5244,Vehicles,Car,Sharjah,BuyNow,Closed,2025-10-15 00:00:00,2025-10-17 10:00:00,2.417,2025-11-08 12:00:00,97647.0,213971.5,109730.03,1.95,18,6,280,1.1912757176359745,116324.5,17.5,3.0,15.555555555555555,,Car,False,Wednesday,0.0,10.0,October,4.0,3.0,40.33,64.2,Mid,,0.0,213971.5
AUC-802,Vehicles 7565,Vehicles,Car,Sharjah,Auction,Closed,2025-10-17 19:00:00,2025-10-18 06:00:00,0.458,2025-11-08 12:00:00,18808.0,38131.86,21042.03,1.8122,20,12,234,1.0274276903445343,19323.86,18.85,1.6666666666666667,11.7,,Car,False,Friday,19.0,10.0,October,4.0,1.6666666666666667,35.04,61.02,Mid,,0.0,38131.86
AUC-803,Vehicles 3200,Vehicles,Car,Dubai,Auction,Closed,2025-10-07 07:00:00,2025-10-09 11:00:00,2.167,2025-11-08 12:00:00,39381.0,62640.0,46250.32,1.3544,3,1,64,0.590614763464615,23259.0,3.35,3.0,21.33333333333333,,Car,False,Tuesday,7.0,10.0,October,4.0,3.0,19.78,51.87,Mid,,0.0,62640.0
AUC-804,Vehicles 4823,Vehicles,Car,Abu Dhabi,Auction,Closed,2025-09-19 23:00:00,2025-09-21 02:00:00,1.125,2025-11-08 12:00:00,111178.0,131885.91,124777.3,1.057,33,22,371,0.1862590620446491,20707.91,31.275,1.5,11.242424242424242,,Car,False,Friday,23.0,9.0,September,3.0,1.5,7.51,44.51,High,,0.0,131885.91
AUC-805,Vehicles 7542,Vehicles,Car,Fujairah,Auction,Closed,2025-10-17 21:00:00,2025-10-18 15:00:00,0.75,2025-11-08 12:00:00,32791.0,53296.54,42079.35,1.2666,8,5,85,0.6253404897685341,20505.54,7.375,1.6,10.625,,Car,False,Friday,21.0,10.0,October,4.0,1.6,21.09,52.65,Mid,,0.0,53296.54
AUC-806,Vehicles 8150,Vehicles,Car,Sharjah,Auction,Closed,2025-09-22 17:00:00,2025-09-24 09:00:00,1.749,2025-11-08 12:00:00,187821.0,247884.77,228362.32,1.0855,66,28,1796,0.319792621698319,60063.77,84.9,2.357142857142857,27.21212121212121,,Car,False,Monday,17.0,9.0,September,3.0,2.357142857142857,12.81,47.69,High,,0.0,247884.77
AUC-807,Vehicles 8689,Vehicles,Car,Abu Dhabi,Auction,Closed,2025-10-27 17:00:00,2025-10-30 12:00:00,2.792,2025-11-08 12:00:00,75875.0,163342.18,95896.32,1.7033,58,20,1406,1.1527799670510708,87467.18,69.15,2.9,24.24137931034483,,Car,False,Monday,17.0,10.0,October,4.0,2.9,40.33,64.2,Mid,,0.0,163342.18
AUC-808,Vehicles 4867,Vehicles,Car,Sharjah,BuyNow,Closed,2025-10-02 11:00:00,2025-10-05 04:00:00,2.708,2025-11-08 12:00:00,207307.19,256770.62,262443.69,0.9784,9,3,241,0.2385996838797534,49463.43,11.275,3.0,26.77777777777778,,Car,False,Thursday,11.0,10.0,October,4.0,3.0,8.21,44.93,High,,0.0,256770.62
AUC-809,Vehicles 4599,Vehicles,Car,Abu Dhabi,Auction,Closed,2025-10-14 17:00:00,2025-10-16 00:00:00,1.292,2025-11-08 12:00:00,96968.0,122275.29,116875.73,1.0462,36,14,760,0.260985995379919,25307.29,40.5,2.571428571428572,21.11111111111111,,Car,False,Tuesday,17.0,10.0,October,4.0,2.571428571428572,9.96,5.98,Mid,,0.0,0.0
AUC-810,Vehicles 4443,Vehicles,Car,Abu Dhabi,Auction,Closed,2025-10-06 08:00:00,2025-10-06 12:00:00,0.167,2025-11-08 12:00:00,35540.28,44875.94,41289.76,1.0869,9,5,99,0.2626782906606252,9335.66,8.225,1.8,11.0,,Car,False,Monday,8.0,10.0,October,4.0,1.8,9.06,5.44,Mid,,0.0,0.0
AUC-811,Vehicles 7016,Vehicles,Car,Dubai,Auction,Closed,2025-10-29 02:00:00,2025-10-31 18:00:00,2.793,2025-11-08 12:00:00,122437.0,141890.79,142080.01,0.9987,73,34,1822,0.1588881628919363,19453.79,90.55,2.147058823529412,24.95890410958904,,Car,False,Wednesday,2.0,10.0,October,4.0,2.147058823529412,7.68,44.61,High,,0.0,141890.79
AUC-812,Vehicles 4775,Vehicles,Car,Fujairah,Auction,Closed,2025-09-07 23:00:00,2025-09-10 16:00:00,2.708,2025-11-08 12:00:00,185676.03,255209.41,222368.62,1.1477,37,21,444,0.3744876492673826,69533.38,34.85,1.761904761904762,12.0,,Car,False,Sunday,23.0,9.0,September,3.0,1.761904761904762,13.77,48.26,High,,0.0,255209.41
AUC-813,Vehicles 4601,Vehicles,Car,Fujairah,Auction,Closed,2025-09-12 04:00:00,2025-09-14 01:00:00,1.875,2025-11-08 12:00:00,22643.0,49252.65,28869.61,1.706,51,28,882,1.1751821755067793,26609.65,54.55,1.8214285714285716,17.294117647058822,,Car,False,Friday,4.0,9.0,September,3.0,1.821428571428572,40.7,64.42,Mid,,0.0,49252.65
AUC-814,Vehicles 2514,Vehicles,Car,Ajman,BuyNow,Closed,2025-09-16 17:00:00,2025-09-18 15:00:00,1.917,2025-11-08 12:00:00,148061.0,215815.73,164752.76,1.3099,25,13,507,0.4576136187112069,67754.73,28.425,1.9230769230769231,20.28,,Car,False,Tuesday,17.0,9.0,September,3.0,1.9230769230769231,16.01,9.61,High,,0.0,0.0
AUC-815,Vehicles 5305,Vehicles,Car,Umm Al Quwain,Auction,Closed,2025-09-13 18:00:00,2025-09-15 09:00:00,1.625,2025-11-08 12:00:00,43159.0,63924.73,51619.28,1.2384,13,5,292,0.4811448365346741,20765.73,15.05,2.6,22.46153846153846,,Car,False,Saturday,18.0,9.0,September,3.0,2.6,16.42,49.85,Mid,,0.0,63924.73
AUC-816,Vehicles 3135,Vehicles,Car,Ras Al Khaimah,BuyNow,Closed,2025-10-29 23:00:00,2025-10-30 03:00:00,0.167,2025-11-08 12:00:00,163088.0,334531.2,195521.79,1.711,13,8,150,1.0512312371235162,171443.2,12.25,1.625,11.538461538461538,,Car,False,Wednesday,23.0,10.0,October,4.0,1.625,35.55,21.33,High,,0.0,0.0
AUC-817,Vehicles 5723,Vehicles,Car,Fujairah,Auction,Closed,2025-10-07 00:00:00,2025-10-07 14:00:00,0.583,2025-11-08 12:00:00,104029.0,209096.81,115370.7,1.8124,19,15,543,1.0099857731978583,105067.81,26.825,1.2666666666666666,28.57894736842105,,Car,False,Tuesday,0.0,10.0,October,4.0,1.2666666666666666,34.4,60.64,High,,0.0,209096.81
AUC-818,Vehicles 8997,Vehicles,Car,Dubai,Auction,Closed,2025-10-18 04:00:00,2025-10-18 17:00:00,0.689,2025-11-08 12:00:00,94046.0,143010.42,118524.92,1.2066,75,27,884,0.5206433022138104,48964.42,66.35,2.7777777777777777,11.786666666666669,,Car,False,Saturday,4.0,10.0,October,4.0,2.7777777777777777,19.8,51.88,Mid,,0.0,143010.42
AUC-819,Vehicles 7980,Vehicles,Car,Ras Al Khaimah,Auction,Closed,2025-09-11 19:00:00,2025-09-14 13:00:00,2.75,2025-11-08 12:00:00,9911.0,19843.08,11461.7,1.7313,19,15,349,1.0021269296740996,9932.08,21.975,1.2666666666666666,18.36842105263158,,Car,False,Thursday,19.0,9.0,September,3.0,1.2666666666666666,34.12,60.47,Low,,0.0,19843.08
AUC-820,Vehicles 5302,Vehicles,Car,Dubai,Auction,Closed,2025-10-27 00:00:00,2025-10-27 07:00:00,0.435,2025-11-08 12:00:00,36149.0,60140.57,44347.15,1.3561,110,32,2520,0.6636855791308196,23991.57,126.0,3.4375,22.90909090909091,,Car,False,Monday,0.0,10.0,October,4.0,3.4375,25.8,55.48,Mid,,0.0,60140.57
AUC-821,Vehicles 9796,Vehicles,Car,Dubai,BuyNow,Closed,2025-10-23 02:00:00,2025-10-24 19:00:00,1.708,2025-11-08 12:00:00,8037.0,10837.07,10243.2,1.058,26,13,539,0.3483974119696403,2800.07,29.725,2.0,20.73076923076923,,Car,False,Thursday,2.0,10.0,October,4.0,2.0,12.42,47.45,Low,,0.0,10837.07
AUC-822,Vehicles 9821,Vehicles,Car,Sharjah,Auction,Closed,2025-09-25 23:00:00,2025-09-27 03:00:00,1.167,2025-11-08 12:00:00,163940.0,251377.47,191435.02,1.3131,10,8,120,0.5333504330852751,87437.47,10.0,1.25,12.0,,Car,False,Thursday,23.0,9.0,September,3.0,1.25,18.09,50.85,High,,0.0,251377.47
AUC-823,Vehicles 4998,Vehicles,Car,Fujairah,Auction,Closed,2025-11-01 20:00:00,2025-11-02 00:00:00,0.167,2025-11-08 12:00:00,87251.0,130921.66,96021.87,1.3635,55,17,1454,0.5005175871909778,43670.66,68.1,3.235294117647059,26.43636363636364,,Car,False,Saturday,20.0,11.0,November,4.0,3.235294117647059,18.47,51.08,Mid,,0.0,130921.66
AUC-824,Vehicles 7870,Vehicles,Car,Dubai,Auction,Closed,2025-09-22 07:00:00,2025-09-25 01:00:00,2.75,2025-11-08 12:00:00,115631.0,192749.15,140985.48,1.3672,10,4,218,0.6669331753595489,77118.15,11.45,2.5,21.8,,Car,False,Monday,7.0,9.0,September,3.0,2.5,22.53,53.52,High,,0.0,192749.15
AUC-825,Vehicles 4080,Vehicles,Car,Sharjah,BuyNow,Closed,2025-10-21 17:00:00,2025-10-21 22:00:00,0.27,2025-11-08 12:00:00,179254.0,374516.95,201380.39,1.8597,71,23,771,1.0893087462483404,195262.95,60.525,3.0869565217391304,10.859154929577464,,Car,False,Tuesday,17.0,10.0,October,4.0,3.0869565217391304,38.87,23.32,High,,0.0,0.0
AUC-826,Vehicles 8906,Vehicles,Car,Abu Dhabi,Auction,Closed,2025-09-26 08:00:00,2025-09-28 22:00:00,2.583,2025-11-08 12:00:00,19810.0,28799.54,22737.95,1.2666,9,4,201,0.4537879858657244,8989.54,10.525,2.25,22.33333333333333,,Car,False,Friday,8.0,9.0,September,3.0,2.25,15.4,49.24,Mid,,0.0,28799.54
AUC-827,Vehicles 4361,Vehicles,Car,Sharjah,Auction,Closed,2025-09-13 21:00:00,2025-09-16 05:00:00,2.333,2025-11-08 12:00:00,147534.0,238650.74,187125.4,1.2754,44,22,965,0.6175982485393197,91116.74,51.625,2.0,21.931818181818183,,Car,False,Saturday,21.0,9.0,September,3.0,2.0,22.09,53.25,High,,0.0,238650.74
AUC-828,Vehicles 3324,Vehicles,Car,Ras Al Khaimah,Auction,Closed,2025-09-29 07:00:00,2025-10-01 16:00:00,2.375,2025-11-08 12:00:00,134354.0,269092.31,159169.08,1.6906,38,14,926,1.0028604284204414,134738.31,45.65,2.7142857142857144,24.36842105263158,,Car,False,Monday,7.0,9.0,September,3.0,2.7142857142857144,34.63,60.78,High,,0.0,269092.31
AUC-829,Vehicles 2204,Vehicles,Car,Sharjah,BuyNow,Closed,2025-10-25 15:00:00,2025-10-26 06:00:00,0.625,2025-11-08 12:00:00,82852.0,104868.88,97261.94,1.0782,28,13,778,0.2657374595664559,22016.88,36.7,2.1538461538461537,27.785714285714285,,Car,False,Saturday,15.0,10.0,October,4.0,2.1538461538461537,9.86,45.92,Mid,,0.0,104868.88
AUC-830,Vehicles 8582,Vehicles,Car,Abu Dhabi,Auction,Closed,2025-11-02 13:00:00,2025-11-05 04:00:00,2.625,2025-11-08 12:00:00,178128.0,305932.73,198578.31,1.5406,52,21,601,0.7174881545854666,127804.73,46.275,2.4761904761904763,11.557692307692308,,Car,False,Sunday,13.0,11.0,November,4.0,2.4761904761904763,25.87,55.52,High,,0.0,305932.73
AUC-831,Vehicles 3672,Vehicles,Car,Dubai,Auction,Closed,2025-11-02 23:00:00,2025-11-04 19:00:00,1.833,2025-11-08 12:00:00,187791.0,329295.58,221257.3,1.4883,44,24,977,0.753521627767039,141504.58,52.425,1.8333333333333333,22.204545454545453,,Car,False,Sunday,23.0,11.0,November,4.0,1.8333333333333333,26.56,55.94,High,,0.0,329295.58
AUC-832,Vehicles 8319,Vehicles,Car,Abu Dhabi,BuyNow,Closed,2025-10-31 13:00:00,2025-11-01 20:00:00,1.405,2025-11-08 12:00:00,124970.0,210908.24,143305.78,1.4717,63,32,805,0.6876709610306473,85938.24,59.625,1.96875,12.77777777777778,,Car,False,Friday,13.0,10.0,October,4.0,1.96875,24.72,14.83,High,,0.0,0.0
AUC-833,Vehicles 1777,Vehicles,Car,Dubai,Auction,Closed,2025-10-01 11:00:00,2025-10-03 13:00:00,2.083,2025-11-08 12:00:00,107225.0,194916.47,128827.39,1.513,14,10,387,0.8178267195150385,87691.47,19.175,1.4,27.642857142857142,,Car,False,Wednesday,11.0,10.0,October,4.0,1.4,27.78,56.67,High,,0.0,194916.47
AUC-834,Vehicles 5507,Vehicles,Car,Umm Al Quwain,Auction,Closed,2025-10-17 01:00:00,2025-10-18 04:00:00,1.252,2025-11-08 12:00:00,98931.75,170143.43,120026.73,1.4175,84,28,949,0.7198061289727513,71211.68,72.725,3.0,11.297619047619047,,Car,False,Friday,1.0,10.0,October,4.0,3.0,26.35,55.81,Mid,,0.0,170143.43
AUC-835,Vehicles 4850,Vehicles,Car,Sharjah,Auction,Closed,2025-10-23 02:00:00,2025-10-24 00:00:00,0.917,2025-11-08 12:00:00,133766.0,195006.8,168544.17,1.157,58,29,677,0.4578203728899719,61240.8,53.175,2.0,11.672413793103448,,Car,False,Thursday,2.0,10.0,October,4.0,2.0,16.95,50.17,High,,0.0,195006.8
AUC-836,Vehicles 4948,Vehicles,Car,Ajman,Auction,Closed,2025-10-24 11:00:00,2025-10-25 10:00:00,1.041,2025-11-08 12:00:00,196974.0,330918.24,226360.48,1.4619,117,34,1513,0.6800097474793627,133944.24,104.825,3.4411764705882355,12.931623931623932,,Car,False,Friday,11.0,10.0,October,4.0,3.4411764705882355,26.59,55.95,High,,0.0,330918.24
AUC-837,Vehicles 2506,Vehicles,Car,Fujairah,Auction,Closed,2025-09-10 02:00:00,2025-09-11 20:00:00,1.75,2025-11-08 12:00:00,130309.0,163750.45,158977.67,1.03,59,33,1476,0.2566319287232655,33441.45,74.65,1.7878787878787878,25.016949152542374,,Car,False,Wednesday,2.0,9.0,September,3.0,1.7878787878787878,10.3,46.18,High,,0.0,163750.45
AUC-838,Vehicles 1664,Vehicles,Car,Umm Al Quwain,Auction,Closed,2025-10-29 02:00:00,2025-10-30 22:00:00,1.982,2025-11-08 12:00:00,25687.0,40471.55,31440.42,1.2872,62,27,1209,0.5755654611281973,14784.55,67.975,2.2962962962962963,19.5,,Car,False,Wednesday,2.0,10.0,October,4.0,2.2962962962962963,20.98,52.59,Mid,,0.0,40471.55
AUC-839,Vehicles 4117,Vehicles,Car,Abu Dhabi,Auction,Closed,2025-10-19 12:00:00,2025-10-20 08:00:00,0.833,2025-11-08 12:00:00,149068.0,251054.03,165886.01,1.5134,21,11,493,0.6841577669251616,101986.03,25.575,1.9090909090909087,23.476190476190474,,Car,False,Sunday,12.0,10.0,October,4.0,1.9090909090909087,23.5,54.1,High,,0.0,251054.03
AUC-840,Vehicles 5231,Vehicles,Car,Sharjah,Auction,Closed,2025-10-08 22:00:00,2025-10-09 18:00:00,0.93,2025-11-08 12:00:00,150044.0,270199.62,192837.03,1.4012,67,24,1557,0.8008025645810561,120155.62,78.425,2.7916666666666665,23.23880597014925,,Car,False,Wednesday,22.0,10.0,October,4.0,2.7916666666666665,28.82,17.29,High,,0.0,0.0
AUC-841,Vehicles 8141,Vehicles,Car,Sharjah,Auction,Closed,2025-11-04 08:00:00,2025-11-07 04:00:00,2.915,2025-11-08 12:00:00,137147.0,262124.69,161962.2,1.6184,83,27,932,0.9112681283586224,124977.69,71.55,3.074074074074074,11.228915662650602,,Car,False,Tuesday,8.0,11.0,November,4.0,3.074074074074074,33.41,60.05,High,,0.0,262124.69
AUC-842,Vehicles 5161,Vehicles,Car,Fujairah,Auction,Closed,2025-09-11 12:00:00,2025-09-13 03:00:00,1.625,2025-11-08 12:00:00,183421.0,215877.33,201958.39,1.0689,23,10,273,0.1769499130415818,32456.33,20.825,2.3,11.869565217391305,,Car,False,Thursday,12.0,9.0,September,3.0,2.3,6.6,43.96,High,,0.0,215877.33
AUC-843,Vehicles 3213,Vehicles,Car,Sharjah,BuyNow,Closed,2025-10-30 12:00:00,2025-11-02 02:00:00,2.583,2025-11-08 12:00:00,47696.0,86785.57,53986.32,1.6075,57,28,1472,0.8195565665883933,39089.57,72.3,2.0357142857142856,25.82456140350877,,Car,False,Thursday,12.0,10.0,October,4.0,2.0357142857142856,29.16,57.5,Mid,,0.0,86785.57
AUC-844,Vehicles 3362,Vehicles,Car,Dubai,Auction,Closed,2025-09-26 11:00:00,2025-09-27 13:00:00,1.154,2025-11-08 12:00:00,61262.0,72399.16,74155.81,0.9763,70,24,1758,0.1817955665828736,11137.16,84.95,2.9166666666666665,25.114285714285717,,Car,False,Friday,11.0,9.0,September,3.0,2.9166666666666665,8.47,45.08,Mid,,0.0,72399.16
AUC-845,Vehicles 6506,Vehicles,Car,Fujairah,Auction,Closed,2025-09-30 12:00:00,2025-10-01 11:00:00,0.958,2025-11-08 12:00:00,53309.0,64020.01,62935.0,1.0172,28,17,292,0.2009231086683299,10711.01,25.55,1.6470588235294117,10.428571428571429,,Car,False,Tuesday,12.0,9.0,September,3.0,1.6470588235294117,7.76,44.66,Mid,,0.0,64020.01
AUC-846,Vehicles 4920,Vehicles,Car,Sharjah,Auction,Closed,2025-09-18 19:00:00,2025-09-19 18:00:00,1.086,2025-11-08 12:00:00,71966.0,157645.49,83892.18,1.8791,77,30,2025,1.190555123252647,85679.49,96.625,2.566666666666667,26.2987012987013,,Car,False,Thursday,19.0,9.0,September,3.0,2.566666666666667,42.07,65.24,Mid,,0.0,157645.49
AUC-847,Vehicles 9109,Vehicles,Car,Dubai,Auction,Closed,2025-09-27 00:00:00,2025-09-28 15:00:00,1.625,2025-11-08 12:00:00,68057.0,83767.92,87656.23,0.9556,9,3,245,0.2308494350323993,15710.92,11.375,3.0,27.22222222222222,,Car,False,Saturday,0.0,9.0,September,3.0,3.0,8.0,4.8,Mid,,0.0,0.0
AUC-848,Vehicles 4957,Vehicles,Car,Umm Al Quwain,Auction,Closed,2025-09-19 23:00:00,2025-09-22 07:00:00,2.333,2025-11-08 12:00:00,148579.0,313329.97,178980.57,1.7506,44,24,613,1.1088442512064287,164750.97,43.325,1.8333333333333333,13.931818181818182,,Car,False,Friday,23.0,9.0,September,3.0,1.8333333333333333,38.51,23.11,High,,0.0,0.0
AUC-849,Vehicles 6101,Vehicles,Car,Abu Dhabi,Auction,Closed,2025-10-11 10:00:00,2025-10-13 00:00:00,1.676,2025-11-08 12:00:00,65319.0,140945.62,79580.11,1.7711,73,27,2058,1.1578043142117913,75626.62,94.7,2.703703703703704,28.19178082191781,,Car,False,Saturday,10.0,10.0,October,4.0,2.703703703703704,40.8,64.48,Mid,,0.0,140945.62
AUC-850,Vehicles 1575,Vehicles,Car,Ras Al Khaimah,BuyNow,Closed,2025-10-07 21:00:00,2025-10-08 21:00:00,1.0,2025-11-08 12:00:00,18077.0,37284.18,22976.15,1.6227,6,2,149,1.0625203297007246,19207.18,7.225,3.0,24.83333333333333,,Car,False,Tuesday,21.0,10.0,October,4.0,3.0,35.59,61.35,Mid,,0.0,37284.18
AUC-851,Vehicles 2743,Vehicles,Car,Fujairah,Auction,Closed,2025-09-23 13:00:00,2025-09-26 10:00:00,2.875,2025-11-08 12:00:00,60738.19,116967.6,77382.92,1.5115,21,14,212,0.9257669680311514,56229.41,19.3,1.5,10.095238095238097,,Car,False,Tuesday,13.0,9.0,September,3.0,1.5,31.63,58.98,Mid,,0.0,116967.6
AUC-852,Vehicles 8650,Vehicles,Car,Sharjah,Auction,Closed,2025-10-02 18:00:00,2025-10-04 12:00:00,1.75,2025-11-08 12:00:00,115822.0,175772.92,128280.38,1.3702,35,18,904,0.51761254338554,59950.92,44.6,1.9444444444444444,25.82857142857143,,Car,False,Thursday,18.0,10.0,October,4.0,1.9444444444444444,18.34,51.0,High,,0.0,175772.92
AUC-853,Vehicles 4102,Vehicles,Car,Ajman,Auction,Closed,2025-10-06 20:00:00,2025-10-08 02:00:00,1.25,2025-11-08 12:00:00,10497.0,14007.57,12588.65,1.1127,17,8,332,0.3344355530151471,3510.57,18.8,2.125,19.529411764705884,,Car,False,Monday,20.0,10.0,October,4.0,2.125,11.68,47.01,Mid,,0.0,14007.57
AUC-854,Vehicles 4788,Vehicles,Car,Ajman,Auction,Closed,2025-10-25 09:00:00,2025-10-25 13:00:00,0.31,2025-11-08 12:00:00,207848.34,329364.16,229710.74,1.4338,90,30,2245,0.5846369521161439,121515.82,108.625,3.0,24.944444444444443,,Car,False,Saturday,9.0,10.0,October,4.0,3.0,22.45,53.47,High,,0.0,329364.16
AUC-855,Vehicles 6312,Vehicles,Car,Umm Al Quwain,Auction,Closed,2025-10-21 17:00:00,2025-10-23 11:00:00,1.75,2025-11-08 12:00:00,143169.0,265039.95,176567.38,1.5011,55,22,1610,0.8512383965802653,121870.95,73.25,2.5,29.272727272727277,,Car,False,Tuesday,17.0,10.0,October,4.0,2.5,29.97,57.98,High,,0.0,265039.95
AUC-856,Vehicles 1520,Vehicles,Car,Dubai,Auction,Closed,2025-10-14 20:00:00,2025-10-16 18:00:00,1.917,2025-11-08 12:00:00,41285.0,85955.79,49288.92,1.7439,22,10,430,1.0820101731863871,44670.79,24.25,2.2,19.545454545454547,,Car,False,Tuesday,20.0,10.0,October,4.0,2.2,36.73,62.04,Mid,,0.0,85955.79
AUC-857,Vehicles 5558,Vehicles,Car,Sharjah,BuyNow,Closed,2025-11-04 06:00:00,2025-11-07 01:00:00,2.792,2025-11-08 12:00:00,16967.0,24863.05,20531.62,1.211,29,15,850,0.465376908115754,7896.05,39.5,1.9333333333333331,29.310344827586206,,Car,False,Tuesday,6.0,11.0,November,4.0,1.933333333333333,16.47,49.88,Mid,,0.0,24863.05
AUC-858,Vehicles 4115,Vehicles,Car,Abu Dhabi,Auction,Closed,2025-10-11 21:00:00,2025-10-12 16:00:00,0.792,2025-11-08 12:00:00,128317.0,168003.42,158393.62,1.0607,5,4,55,0.3092841946117818,39686.42,4.875,1.25,11.0,,Car,False,Saturday,21.0,10.0,October,4.0,1.25,10.51,46.31,High,,0.0,168003.42
AUC-859,Vehicles 2337,Vehicles,Car,Umm Al Quwain,Auction,Closed,2025-11-06 21:00:00,2025-11-07 12:00:00,0.625,2025-11-08 12:00:00,39731.0,57202.38,44120.96,1.2965,4,3,40,0.4397417633585864,17471.38,3.75,1.3333333333333333,10.0,,Car,False,Thursday,21.0,11.0,November,4.0,1.3333333333333333,14.81,48.89,Mid,,0.0,57202.38
AUC-860,Vehicles 4764,Vehicles,Car,Dubai,Auction,Closed,2025-10-02 09:00:00,2025-10-05 08:00:00,2.958,2025-11-08 12:00:00,136143.0,222888.63,160579.41,1.388,46,26,705,0.6371655538661555,86745.63,47.125,1.7692307692307692,15.326086956521738,,Car,False,Thursday,9.0,10.0,October,4.0,1.7692307692307692,22.71,53.63,High,,0.0,222888.63
AUC-861,Vehicles 5020,Vehicles,Car,Ajman,Auction,Closed,2025-09-24 13:00:00,2025-09-26 06:00:00,1.708,2025-11-08 12:00:00,46088.0,81938.54,56805.48,1.4424,50,34,1457,0.7778714632876236,35850.54,69.925,1.4705882352941178,29.14,,Car,False,Wednesday,13.0,9.0,September,3.0,1.4705882352941178,27.57,56.54,Mid,,0.0,81938.54
AUC-862,Vehicles 2676,Vehicles,Car,Fujairah,BuyNow,Closed,2025-10-05 07:00:00,2025-10-05 12:00:00,0.208,2025-11-08 12:00:00,153074.0,235900.35,194683.81,1.2117,15,10,178,0.5410869906058507,82826.35,14.45,1.5,11.866666666666667,,Car,False,Sunday,7.0,10.0,October,4.0,1.5,18.64,51.18,High,,0.0,235900.35
AUC-863,Vehicles 5887,Vehicles,Car,Ras Al Khaimah,Auction,Closed,2025-09-26 13:00:00,2025-09-27 00:00:00,0.458,2025-11-08 12:00:00,91218.0,177779.73,109288.42,1.6267,23,9,471,0.9489544826678946,86561.73,25.525,2.555555555555556,20.47826086956522,,Car,False,Friday,13.0,9.0,September,3.0,2.555555555555556,32.42,59.45,Mid,,0.0,177779.73
AUC-864,Vehicles 7714,Vehicles,Car,Sharjah,Auction,Closed,2025-11-05 18:00:00,2025-11-07 06:00:00,1.598,2025-11-08 12:00:00,143078.0,252702.1,175016.97,1.4439,62,24,1711,0.7661841792588658,109624.1,79.775,2.583333333333333,27.596774193548388,,Car,False,Wednesday,18.0,11.0,November,4.0,2.583333333333333,27.68,16.61,High,,0.0,0.0
AUC-865,Vehicles 3405,Vehicles,Car,Dubai,Auction,Closed,2025-11-02 14:00:00,2025-11-04 11:00:00,1.875,2025-11-08 12:00:00,65795.0,136646.99,76089.42,1.7959,23,18,571,1.0768597917774905,70851.99,30.275,1.2777777777777777,24.82608695652174,,Car,False,Sunday,14.0,11.0,November,4.0,1.2777777777777777,36.61,61.97,Mid,,0.0,136646.99
AUC-866,Vehicles 9697,Vehicles,Car,Fujairah,Auction,Closed,2025-09-26 06:00:00,2025-09-27 02:00:00,0.833,2025-11-08 12:00:00,138862.0,244797.85,157051.05,1.5587,13,5,299,0.7628858146937247,105935.85,15.225,2.6,23.0,,Car,False,Friday,6.0,9.0,September,3.0,2.6,25.8,55.48,High,,0.0,244797.85
AUC-867,Vehicles 6511,Vehicles,Car,Dubai,Auction,Closed,2025-09-19 02:00:00,2025-09-20 06:00:00,1.167,2025-11-08 12:00:00,50530.0,108142.67,58033.71,1.8634,35,23,494,1.140167623194142,57612.67,35.6,1.5217391304347827,14.114285714285714,,Car,False,Friday,2.0,9.0,September,3.0,1.5217391304347827,39.14,63.48,Mid,,0.0,108142.67
AUC-868,Vehicles 7956,Vehicles,Car,Dubai,Auction,Closed,2025-09-22 16:00:00,2025-09-24 22:00:00,2.25,2025-11-08 12:00:00,125054.0,271796.41,151193.97,1.7977,17,8,180,1.17343235722168,146742.41,15.0,2.125,10.588235294117649,,Car,False,Monday,16.0,9.0,September,3.0,2.125,39.74,63.84,High,,0.0,271796.41
AUC-869,Vehicles 1631,Vehicles,Car,Ras Al Khaimah,Auction,Closed,2025-09-25 20:00:00,2025-09-28 17:00:00,2.875,2025-11-08 12:00:00,109720.0,154326.99,142333.23,1.0843,14,4,157,0.4065529529711993,44606.99,11.925,3.5,11.214285714285714,,Car,False,Thursday,20.0,9.0,September,3.0,3.5,14.06,48.44,High,,0.0,154326.99
AUC-870,Vehicles 7906,Vehicles,Car,Ras Al Khaimah,Auction,Closed,2025-09-24 06:00:00,2025-09-25 19:00:00,1.542,2025-11-08 12:00:00,90522.84,95436.18,105826.15,0.9018,38,16,927,0.0542773514397029,4913.34,46.175,2.375,24.394736842105264,,Car,False,Wednesday,6.0,9.0,September,3.0,2.375,2.93,41.76,Mid,,0.0,95436.18
AUC-871,Vehicles 4029,Vehicles,Car,Umm Al Quwain,Auction,Closed,2025-09-22 18:00:00,2025-09-24 02:00:00,1.333,2025-11-08 12:00:00,116344.0,255596.64,145308.89,1.759,33,26,805,1.196904352609503,139252.64,43.125,1.2692307692307692,24.393939393939394,,Car,False,Monday,18.0,9.0,September,3.0,1.2692307692307692,41.16,64.7,High,,0.0,255596.64
AUC-872,Vehicles 7390,Vehicles,Car,Fujairah,Auction,Closed,2025-09-23 12:00:00,2025-09-24 16:00:00,1.167,2025-11-08 12:00:00,64762.0,140473.14,82009.86,1.7129,36,18,391,1.1690673543127144,75711.14,32.275,2.0,10.86111111111111,,Car,False,Tuesday,12.0,9.0,September,3.0,2.0,40.32,64.19,Mid,,0.0,140473.14
AUC-873,Vehicles 8237,Vehicles,Car,Dubai,Auction,Closed,2025-09-23 09:00:00,2025-09-23 22:00:00,0.642,2025-11-08 12:00:00,54091.0,97417.23,59728.26,1.631,63,23,687,0.8009877798524707,43326.23,54.425,2.739130434782609,10.904761904761903,,Car,False,Tuesday,9.0,9.0,September,3.0,2.739130434782609,29.0,57.4,Mid,,0.0,97417.23
AUC-874,Vehicles 3253,Vehicles,Car,Dubai,Auction,Closed,2025-11-02 19:00:00,2025-11-03 02:00:00,0.292,2025-11-08 12:00:00,44359.0,95916.72,54358.69,1.7645,15,9,433,1.1622831894316823,51557.72,20.575,1.6666666666666667,28.866666666666667,,Car,False,Sunday,19.0,11.0,November,4.0,1.6666666666666667,39.25,63.55,Mid,,0.0,95916.72
AUC-875,Vehicles 3333,Vehicles,Car,Sharjah,Auction,Closed,2025-11-01 22:00:00,2025-11-04 10:00:00,2.5,2025-11-08 12:00:00,181555.0,309188.82,232815.62,1.328,58,17,1074,0.7030036077221778,127633.82,60.1,3.411764705882353,18.517241379310345,,Car,False,Saturday,22.0,11.0,November,4.0,3.411764705882353,25.12,55.07,High,,0.0,309188.82
AUC-876,Vehicles 1535,Vehicles,Car,Dubai,Auction,Closed,2025-10-16 19:00:00,2025-10-17 01:00:00,0.25,2025-11-08 12:00:00,174690.0,337576.09,205094.64,1.646,54,25,627,0.9324293892037324,162886.09,48.925,2.16,11.61111111111111,,Car,False,Thursday,19.0,10.0,October,4.0,2.16,33.14,59.88,High,,0.0,337576.09
AUC-877,Vehicles 6445,Vehicles,Car,Ras Al Khaimah,BuyNow,Closed,2025-10-04 04:00:00,2025-10-06 15:00:00,2.458,2025-11-08 12:00:00,199940.0,330378.2,256924.48,1.2859,22,18,260,0.6523867160148045,130438.2,22.0,1.2222222222222223,11.818181818181818,,Car,False,Saturday,4.0,10.0,October,4.0,1.2222222222222223,22.49,13.49,High,,0.0,0.0
AUC-878,Vehicles 7965,Vehicles,Car,Dubai,Auction,Closed,2025-09-22 06:00:00,2025-09-23 02:00:00,0.833,2025-11-08 12:00:00,72260.0,92016.76,89073.26,1.033,22,9,358,0.2734121228895654,19756.76,22.2,2.4444444444444446,16.272727272727273,,Car,False,Monday,6.0,9.0,September,3.0,2.4444444444444446,9.77,5.86,Mid,,0.0,0.0
AUC-879,Vehicles 4689,Vehicles,Car,Ajman,Auction,Closed,2025-10-15 16:00:00,2025-10-17 19:00:00,2.259,2025-11-08 12:00:00,133749.0,142133.39,166218.43,0.8551,91,33,2574,0.0626874967289476,8384.39,118.1,2.757575757575758,28.285714285714285,,Car,False,Wednesday,16.0,10.0,October,4.0,2.757575757575758,4.74,42.84,High,,0.0,142133.39
AUC-880,Vehicles 2448,Vehicles,Car,Fujairah,Auction,Closed,2025-10-18 19:00:00,2025-10-21 15:00:00,2.833,2025-11-08 12:00:00,246763.7,323818.26,286527.64,1.1301,7,3,94,0.3122605148164012,77054.56,6.6,2.333333333333333,13.428571428571429,,Car,False,Saturday,19.0,10.0,October,4.0,2.333333333333333,10.64,46.38,High,,0.0,323818.26
AUC-881,Vehicles 3847,Vehicles,Car,Fujairah,Auction,Closed,2025-09-19 14:00:00,2025-09-21 20:00:00,2.335,2025-11-08 12:00:00,77761.2,140486.16,100203.66,1.402,103,31,2699,0.8066357000663571,62724.96,126.725,3.3225806451612905,26.203883495145632,,Car,False,Friday,14.0,9.0,September,3.0,3.3225806451612905,29.72,57.83,Mid,,0.0,140486.16
AUC-882,Vehicles 4625,Vehicles,Car,Abu Dhabi,BuyNow,Closed,2025-10-21 17:00:00,2025-10-23 22:00:00,2.266,2025-11-08 12:00:00,162103.0,336822.33,206935.17,1.6277,82,25,1876,1.077829096315306,174719.33,94.15,3.28,22.87804878048781,,Car,False,Tuesday,17.0,10.0,October,4.0,3.28,38.6,23.16,High,,0.0,0.0
AUC-883,Vehicles 9244,Vehicles,Car,Ajman,Auction,Closed,2025-09-18 13:00:00,2025-09-19 11:00:00,0.917,2025-11-08 12:00:00,133912.0,289419.58,161468.36,1.7924,6,4,69,1.1612669514307905,155507.58,5.725,1.5,11.5,,Car,False,Thursday,13.0,9.0,September,3.0,1.5,38.95,63.37,High,,0.0,289419.58
AUC-884,Vehicles 2116,Vehicles,Car,Ajman,Auction,Closed,2025-10-26 04:00:00,2025-10-28 00:00:00,1.833,2025-11-08 12:00:00,25472.0,44912.26,28097.68,1.5984,12,9,321,0.7632011620603016,19440.26,16.275,1.3333333333333333,26.75,,Car,False,Sunday,4.0,10.0,October,4.0,1.3333333333333333,25.87,55.52,Mid,,0.0,44912.26
AUC-885,Vehicles 4089,Vehicles,Car,Fujairah,BuyNow,Closed,2025-10-14 20:00:00,2025-10-16 19:00:00,1.958,2025-11-08 12:00:00,215331.53,459726.1,245295.95,1.8742,25,13,292,1.134968808330113,244394.57,23.05,1.9230769230769231,11.68,,Car,False,Tuesday,20.0,10.0,October,4.0,1.9230769230769231,38.8,63.28,High,,0.0,459726.1
AUC-886,Vehicles 6741,Vehicles,Car,Sharjah,BuyNow,Closed,2025-10-12 05:00:00,2025-10-13 13:00:00,1.458,2025-11-08 12:00:00,179116.0,219263.33,204397.76,1.0727,86,33,959,0.2241415060631098,40147.33,75.225,2.606060606060606,11.151162790697674,,Car,False,Sunday,5.0,10.0,October,4.0,2.606060606060606,10.65,46.39,High,,0.0,219263.33
AUC-887,Vehicles 3129,Vehicles,Car,Abu Dhabi,BuyNow,Closed,2025-10-20 22:00:00,2025-10-21 04:00:00,0.25,2025-11-08 12:00:00,41573.0,58834.31,46816.14,1.2567,47,18,476,0.4152048204363408,17261.31,39.9,2.611111111111111,10.127659574468083,,Car,False,Monday,22.0,10.0,October,4.0,2.611111111111111,15.52,9.31,Mid,,0.0,0.0
AUC-888,Vehicles 8961,Vehicles,Car,Fujairah,Auction,Closed,2025-11-04 13:00:00,2025-11-07 07:00:00,2.75,2025-11-08 12:00:00,152320.0,279308.2,187050.53,1.4932,16,9,342,0.8336935399159665,126988.2,18.8,1.7777777777777777,21.375,,Car,False,Tuesday,13.0,11.0,November,4.0,1.7777777777777777,28.35,57.01,High,,0.0,279308.2
AUC-889,Vehicles 9182,Vehicles,Car,Ras Al Khaimah,Auction,Closed,2025-10-23 01:00:00,2025-10-23 18:00:00,0.84,2025-11-08 12:00:00,118132.0,125844.43,140977.75,0.8927,108,32,1180,0.0652865438661835,7712.43,91.5,3.375,10.925925925925926,,Car,False,Thursday,1.0,10.0,October,4.0,3.375,6.06,43.64,High,,0.0,125844.43
AUC-890,Vehicles 4420,Vehicles,Car,Ajman,Auction,Closed,2025-10-15 10:00:00,2025-10-18 08:00:00,2.917,2025-11-08 12:00:00,122422.0,153183.28,150760.44,1.0161,10,5,221,0.2512724837039094,30761.28,11.775,2.0,22.1,,Car,False,Wednesday,10.0,10.0,October,4.0,2.0,8.72,45.23,High,,0.0,153183.28
AUC-891,Vehicles 7712,Vehicles,Car,Dubai,Auction,Closed,2025-10-17 04:00:00,2025-10-19 23:00:00,2.932,2025-11-08 12:00:00,157380.0,218908.9,174643.71,1.2535,85,28,1430,0.390957554962511,61528.9,85.25,3.0357142857142856,16.823529411764707,,Car,False,Friday,4.0,10.0,October,4.0,3.0357142857142856,15.49,49.29,High,,0.0,218908.9
AUC-892,Vehicles 7802,Vehicles,Car,Ajman,Auction,Closed,2025-09-20 08:00:00,2025-09-20 13:00:00,0.263,2025-11-08 12:00:00,155464.0,222673.09,197242.19,1.1289,90,29,1019,0.4323128827252611,67209.09,77.725,3.103448275862069,11.322222222222225,,Car,False,Saturday,8.0,9.0,September,3.0,3.103448275862069,17.71,50.63,High,,0.0,222673.09
AUC-893,Vehicles 7135,Vehicles,Car,Ras Al Khaimah,Auction,Closed,2025-11-02 10:00:00,2025-11-04 16:00:00,2.25,2025-11-08 12:00:00,69840.0,134401.68,87636.72,1.5336,20,14,420,0.9244226804123712,64561.68,24.0,1.4285714285714286,21.0,,Car,False,Sunday,10.0,11.0,November,4.0,1.4285714285714286,31.52,58.91,Mid,,0.0,134401.68
AUC-894,Vehicles 2678,Vehicles,Car,Ras Al Khaimah,Auction,Closed,2025-10-12 18:00:00,2025-10-14 17:00:00,1.958,2025-11-08 12:00:00,125876.0,160617.21,148697.32,1.0802,3,2,34,0.2759955035113921,34741.21,2.85,1.5,11.333333333333334,,Car,False,Sunday,18.0,10.0,October,4.0,1.5,9.32,45.59,High,,0.0,160617.21
AUC-895,Vehicles 1445,Vehicles,Car,Sharjah,Auction,Closed,2025-11-04 02:00:00,2025-11-04 21:00:00,0.792,2025-11-08 12:00:00,15861.0,17061.16,20129.19,0.8476,53,31,533,0.075667360191665,1200.16,47.575,1.7096774193548387,10.056603773584904,,Car,False,Tuesday,2.0,11.0,November,4.0,1.7096774193548387,4.27,42.56,Mid,,0.0,17061.16
AUC-896,Vehicles 4124,Vehicles,Car,Abu Dhabi,Auction,Closed,2025-09-11 01:00:00,2025-09-13 12:00:00,2.586,2025-11-08 12:00:00,21747.0,47436.31,25474.36,1.8621,109,33,2745,1.1812806364096196,25689.31,131.375,3.303030303030303,25.18348623853211,,Car,False,Thursday,1.0,9.0,September,3.0,3.303030303030303,42.65,25.59,Mid,,0.0,0.0
AUC-897,Vehicles 2180,Vehicles,Car,Umm Al Quwain,Auction,Closed,2025-09-20 23:00:00,2025-09-21 10:00:00,0.458,2025-11-08 12:00:00,157433.0,284714.31,197044.16,1.4449,26,13,774,0.8084792260834768,127281.31,35.6,2.0,29.76923076923077,,Car,False,Saturday,23.0,9.0,September,3.0,2.0,27.9,56.74,High,,0.0,284714.31
AUC-898,Vehicles 3630,Vehicles,Car,Fujairah,Auction,Closed,2025-09-08 23:00:00,2025-09-09 19:00:00,0.833,2025-11-08 12:00:00,33828.0,70845.17,43320.41,1.6354,22,7,618,1.0942760435142485,37017.17,28.2,3.142857142857143,28.09090909090909,,Car,False,Monday,23.0,9.0,September,3.0,3.142857142857143,37.21,62.33,Mid,,0.0,70845.17
AUC-899,Vehicles 6744,Vehicles,Car,Ras Al Khaimah,Auction,Closed,2025-09-10 19:00:00,2025-09-13 15:00:00,2.833,2025-11-08 12:00:00,121306.0,162937.87,142059.16,1.147,23,10,339,0.3431971213295302,41631.87,22.475,2.3,14.73913043478261,,Car,False,Wednesday,19.0,9.0,September,3.0,2.3,12.18,47.31,High,,0.0,162937.87
AUC-900,Vehicles 6298,Vehicles,Car,Dubai,Auction,Closed,2025-10-17 21:00:00,2025-10-20 03:00:00,2.25,2025-11-08 12:00:00,197025.0,322424.59,242405.83,1.3301,11,5,120,0.6364653724146683,125399.59,9.75,2.2,10.909090909090908,,Car,False,Friday,21.0,10.0,October,4.0,2.2,21.63,52.98,High,,0.0,322424.59
AUC-901,Vehicles 2884,Vehicles,Car,Sharjah,Auction,Closed,2025-09-26 21:00:00,2025-09-27 08:00:00,0.514,2025-11-08 12:00:00,20760.0,28013.56,25077.94,1.1171,69,21,718,0.3494007707129095,7253.56,57.7,3.2857142857142856,10.405797101449275,,Car,False,Friday,21.0,9.0,September,3.0,3.2857142857142856,13.86,48.32,Mid,,0.0,28013.56
AUC-902,Vehicles 1159,Vehicles,Car,Ajman,Auction,Closed,2025-10-19 21:00:00,2025-10-20 10:00:00,0.542,2025-11-08 12:00:00,177218.0,279073.13,213418.19,1.3076,40,18,1188,0.574744834046203,101855.13,54.2,2.2222222222222223,29.7,,Car,False,Sunday,21.0,10.0,October,4.0,2.2222222222222223,20.27,12.16,High,,0.0,0.0
AUC-903,Vehicles 3030,Vehicles,Car,Dubai,Auction,Closed,2025-09-14 10:00:00,2025-09-15 07:00:00,0.875,2025-11-08 12:00:00,94607.0,134025.63,116716.61,1.1483,38,13,806,0.4166565898929255,39418.63,42.4,2.923076923076923,21.210526315789476,,Car,False,Sunday,10.0,9.0,September,3.0,2.923076923076923,15.19,49.11,Mid,,0.0,134025.63
AUC-904,Vehicles 5092,Vehicles,Car,Ras Al Khaimah,Auction,Closed,2025-10-13 18:00:00,2025-10-14 02:00:00,0.333,2025-11-08 12:00:00,34899.0,51900.91,40561.01,1.2796,50,23,936,0.4871747041462507,17001.91,54.15,2.1739130434782608,18.72,,Car,False,Monday,18.0,10.0,October,4.0,2.1739130434782608,17.66,10.6,Mid,,0.0,0.0
AUC-905,Vehicles 8011,Vehicles,Car,Dubai,Auction,Closed,2025-10-15 02:00:00,2025-10-15 18:00:00,0.667,2025-11-08 12:00:00,101374.0,119623.17,129712.98,0.9222,32,22,882,0.180018249255233,18249.17,43.55,1.4545454545454546,27.5625,,Car,False,Wednesday,2.0,10.0,October,4.0,1.4545454545454546,7.11,44.27,High,,0.0,119623.17
AUC-906,Vehicles 4285,Vehicles,Car,Umm Al Quwain,Auction,Closed,2025-09-12 05:00:00,2025-09-13 23:00:00,1.75,2025-11-08 12:00:00,182775.0,339315.35,219005.26,1.5493,1,1,16,0.8564647790999862,156540.35,1.15,1.0,16.0,,Car,False,Friday,5.0,9.0,September,3.0,1.0,28.58,57.15,High,,0.0,339315.35
AUC-907,Vehicles 3573,Vehicles,Car,Ras Al Khaimah,Auction,Closed,2025-09-18 06:00:00,2025-09-18 10:00:00,0.167,2025-11-08 12:00:00,174411.0,191416.98,226148.36,0.8464,24,14,408,0.0975052032268607,17005.98,25.7,1.7142857142857142,17.0,,Car,False,Thursday,6.0,9.0,September,3.0,1.7142857142857142,4.0,42.4,High,,0.0,191416.98
AUC-908,Vehicles 5961,Vehicles,Car,Umm Al Quwain,Auction,Closed,2025-09-10 11:00:00,2025-09-11 10:00:00,1.049,2025-11-08 12:00:00,173313.0,201214.94,192323.57,1.0462,86,30,1016,0.1609916163242226,27901.94,75.9,2.8666666666666667,11.813953488372093,,Car,False,Wednesday,11.0,9.0,September,3.0,2.8666666666666667,8.59,5.15,High,,0.0,0.0
AUC-909,Vehicles 1644,Vehicles,Car,Fujairah,BuyNow,Closed,2025-11-03 11:00:00,2025-11-04 12:00:00,1.042,2025-11-08 12:00:00,30230.0,33887.98,37427.65,0.9054,58,28,1439,0.1210049619583196,3657.98,71.975,2.071428571428572,24.810344827586206,,Car,False,Monday,11.0,11.0,November,4.0,2.071428571428572,5.72,43.43,Mid,,0.0,33887.98
AUC-910,Vehicles 3028,Vehicles,Car,Abu Dhabi,Auction,Closed,2025-10-20 18:00:00,2025-10-23 16:00:00,3.046,2025-11-08 12:00:00,169732.0,208885.64,215994.79,0.9671,67,30,1834,0.2306791883675442,39153.64,86.85,2.2333333333333334,27.37313432835821,,Car,False,Monday,18.0,10.0,October,4.0,2.2333333333333334,10.09,46.05,High,,0.0,208885.64
AUC-911,Vehicles 1327,Vehicles,Car,Fujairah,Auction,Closed,2025-10-16 20:00:00,2025-10-19 18:00:00,2.917,2025-11-08 12:00:00,19338.0,39160.41,22885.9,1.7111,47,33,1302,1.025049643189575,19822.41,64.3,1.4242424242424243,27.70212765957447,,Car,False,Thursday,20.0,10.0,October,4.0,1.4242424242424243,35.89,61.53,Mid,,0.0,39160.41
AUC-912,Vehicles 5730,Vehicles,Car,Sharjah,BuyNow,Closed,2025-10-10 21:00:00,2025-10-13 10:00:00,2.542,2025-11-08 12:00:00,128853.0,251343.04,166484.42,1.5097,8,3,227,0.950618456690958,122490.04,10.425,2.6666666666666665,28.375,,Car,False,Friday,21.0,10.0,October,4.0,2.6666666666666665,31.92,59.15,High,,0.0,251343.04
AUC-913,Vehicles 4988,Vehicles,Car,Dubai,BuyNow,Closed,2025-10-09 04:00:00,2025-10-10 07:00:00,1.125,2025-11-08 12:00:00,167020.0,293439.52,207746.87,1.4125,30,10,343,0.7569124655729854,126419.52,26.075,3.0,11.433333333333334,,Car,False,Thursday,4.0,10.0,October,4.0,3.0,26.34,15.8,High,,0.0,0.0
AUC-914,Vehicles 6242,Vehicles,Car,Sharjah,Auction,Closed,2025-10-19 09:00:00,2025-10-21 00:00:00,1.625,2025-11-08 12:00:00,184524.0,350457.83,229952.17,1.524,42,16,1021,0.8992533762545795,165933.83,50.525,2.625,24.30952380952381,,Car,False,Sunday,9.0,10.0,October,4.0,2.625,31.2,58.72,High,,0.0,350457.83
AUC-915,Vehicles 6553,Vehicles,Car,Sharjah,Auction,Closed,2025-09-19 08:00:00,2025-09-20 22:00:00,1.691,2025-11-08 12:00:00,146910.0,304501.8,179697.53,1.6945,62,18,1804,1.0727098223402085,157591.8,80.6,3.4444444444444446,29.096774193548388,,Car,False,Friday,8.0,9.0,September,3.0,3.4444444444444446,37.74,22.64,High,,0.0,0.0
AUC-916,Vehicles 4555,Vehicles,Car,Ajman,BuyNow,Closed,2025-10-22 05:00:00,2025-10-24 19:00:00,2.583,2025-11-08 12:00:00,149921.0,284389.37,187857.02,1.5139,33,27,334,0.8969281821759459,134468.37,31.6,1.2222222222222223,10.12121212121212,,Car,False,Wednesday,5.0,10.0,October,4.0,1.2222222222222223,31.19,58.71,High,,0.0,284389.37
AUC-917,Vehicles 8819,Vehicles,Car,Abu Dhabi,Auction,Closed,2025-09-25 01:00:00,2025-09-27 07:00:00,2.25,2025-11-08 12:00:00,148609.0,293457.2,174520.13,1.6815,31,25,771,0.9746933227462672,144848.2,41.025,1.24,24.870967741935484,,Car,False,Thursday,1.0,9.0,September,3.0,1.24,33.69,60.21,High,,0.0,293457.2
AUC-918,Vehicles 9263,Vehicles,Car,Ajman,Auction,Closed,2025-09-13 23:00:00,2025-09-16 16:00:00,2.708,2025-11-08 12:00:00,42554.0,55106.71,47454.36,1.1613,59,25,1170,0.2949830803214738,12552.71,65.0,2.36,19.83050847457627,,Car,False,Saturday,23.0,9.0,September,3.0,2.36,11.65,46.99,Mid,,0.0,55106.71
AUC-919,Vehicles 1997,Vehicles,Car,Sharjah,Auction,Closed,2025-09-30 12:00:00,2025-10-02 05:00:00,1.708,2025-11-08 12:00:00,114820.0,131724.24,127688.63,1.0316,11,6,116,0.1472238286012888,16904.24,9.9,1.8333333333333333,10.545454545454543,,Car,False,Tuesday,12.0,9.0,September,3.0,1.8333333333333333,5.32,43.19,High,,0.0,131724.24
AUC-920,Vehicles 9280,Vehicles,Car,Sharjah,Auction,Closed,2025-10-14 08:00:00,2025-10-17 02:00:00,2.885,2025-11-08 12:00:00,92414.0,106778.7,119801.8,0.8913,67,24,781,0.1554385699136494,14364.7,59.025,2.7916666666666665,11.656716417910449,,Car,False,Tuesday,8.0,10.0,October,4.0,2.7916666666666665,7.68,44.61,Mid,,0.0,106778.7
AUC-921,Vehicles 2769,Vehicles,Car,Umm Al Quwain,Auction,Closed,2025-10-24 23:00:00,2025-10-27 05:00:00,2.301,2025-11-08 12:00:00,88456.0,110101.15,98957.18,1.1126,85,28,2137,0.2446996246721533,21645.15,102.925,3.0357142857142856,25.141176470588235,,Car,False,Friday,23.0,10.0,October,4.0,3.0357142857142856,10.86,6.52,Mid,,0.0,0.0
AUC-922,Vehicles 3235,Vehicles,Car,Sharjah,Auction,Closed,2025-10-28 03:00:00,2025-10-30 09:00:00,2.25,2025-11-08 12:00:00,172335.0,240448.21,209459.9,1.1479,37,26,858,0.3952372414193286,68113.21,46.45,1.4230769230769231,23.18918918918919,,Car,False,Tuesday,3.0,10.0,October,4.0,1.4230769230769231,14.53,8.72,High,,0.0,0.0
AUC-923,Vehicles 5767,Vehicles,Car,Fujairah,Auction,Closed,2025-09-22 09:00:00,2025-09-24 09:00:00,2.117,2025-11-08 12:00:00,12577.0,27235.46,15506.04,1.7564,66,20,1500,1.1654973364077283,14658.46,75.5,3.3,22.727272727272727,,Car,False,Monday,9.0,9.0,September,3.0,3.3,40.86,24.52,Mid,,0.0,0.0
AUC-924,Vehicles 1264,Vehicles,Car,Abu Dhabi,Auction,Closed,2025-10-09 00:00:00,2025-10-10 02:00:00,1.083,2025-11-08 12:00:00,108858.0,144457.45,120997.02,1.1939,5,4,79,0.3270264932297122,35599.45,5.475,1.25,15.8,,Car,False,Thursday,0.0,10.0,October,4.0,1.25,11.07,46.64,High,,0.0,144457.45
AUC-925,Vehicles 4276,Vehicles,Car,Ras Al Khaimah,Auction,Closed,2025-11-02 20:00:00,2025-11-04 17:00:00,1.875,2025-11-08 12:00:00,80754.0,122258.88,90752.95,1.3472,17,6,356,0.5139668623226095,41504.88,18.9,2.833333333333333,20.94117647058824,,Car,False,Sunday,20.0,11.0,November,4.0,2.833333333333333,17.68,50.61,Mid,,0.0,122258.88
AUC-926,Vehicles 2751,Vehicles,Car,Sharjah,BuyNow,Closed,2025-09-07 17:00:00,2025-09-08 21:00:00,1.167,2025-11-08 12:00:00,68041.0,124171.99,79405.2,1.5638,54,26,1475,0.8249583339457093,56130.99,70.375,2.076923076923077,27.314814814814813,,Car,False,Sunday,17.0,9.0,September,3.0,2.076923076923077,29.12,17.47,Mid,,0.0,0.0
AUC-927,Vehicles 5342,Vehicles,Car,Dubai,Auction,Closed,2025-09-26 07:00:00,2025-09-28 07:00:00,2.133,2025-11-08 12:00:00,65856.0,117199.76,77370.55,1.5148,82,30,1792,0.7796367832847424,51343.76,93.3,2.7333333333333334,21.853658536585368,,Car,False,Friday,7.0,9.0,September,3.0,2.7333333333333334,28.81,57.29,Mid,,0.0,117199.76
AUC-928,Vehicles 8331,Vehicles,Car,Abu Dhabi,BuyNow,Closed,2025-09-16 21:00:00,2025-09-17 18:00:00,0.875,2025-11-08 12:00:00,133150.0,218102.58,170637.97,1.2782,41,29,1069,0.6380216297408936,84952.58,54.475,1.4137931034482758,26.07317073170732,,Car,False,Tuesday,21.0,9.0,September,3.0,1.4137931034482758,22.56,53.54,High,,0.0,218102.58
AUC-929,Vehicles 9316,Vehicles,Car,Fujairah,BuyNow,Closed,2025-10-09 10:00:00,2025-10-11 20:00:00,2.417,2025-11-08 12:00:00,13249.0,14463.0,15938.33,0.9074,50,15,1357,0.0916295569476941,1214.0,62.675,3.333333333333333,27.14,,Car,False,Thursday,10.0,10.0,October,4.0,3.333333333333333,4.37,42.62,Mid,,0.0,14463.0
AUC-930,Vehicles 2909,Vehicles,Car,Ras Al Khaimah,Auction,Closed,2025-09-09 04:00:00,2025-09-10 22:00:00,1.807,2025-11-08 12:00:00,154120.0,327686.8,180481.35,1.8156,67,20,802,1.1261796003114457,173566.8,58.55,3.35,11.970149253731345,,Car,False,Tuesday,4.0,9.0,September,3.0,3.35,39.63,23.78,High,,0.0,0.0
AUC-931,Vehicles 5903,Vehicles,Car,Abu Dhabi,Auction,Closed,2025-10-25 01:00:00,2025-10-27 05:00:00,2.167,2025-11-08 12:00:00,138053.0,289029.29,164464.03,1.7574,17,7,239,1.0936110769052465,150976.29,16.225,2.4285714285714284,14.058823529411764,,Car,False,Saturday,1.0,10.0,October,4.0,2.4285714285714284,36.93,62.16,High,,0.0,289029.29
AUC-932,Vehicles 5269,Vehicles,Car,Umm Al Quwain,Auction,Closed,2025-10-26 10:00:00,2025-10-27 05:00:00,0.792,2025-11-08 12:00:00,165750.0,315594.95,206061.75,1.5316,50,21,900,0.9040419306184012,149844.95,52.75,2.380952380952381,18.0,,Car,False,Sunday,10.0,10.0,October,4.0,2.380952380952381,31.81,59.09,High,,0.0,315594.95
AUC-933,Vehicles 4735,Vehicles,Car,Umm Al Quwain,BuyNow,Closed,2025-09-12 23:00:00,2025-09-15 08:00:00,2.375,2025-11-08 12:00:00,47496.0,93188.38,54173.59,1.7202,19,7,261,0.962025854808826,45692.38,17.775,2.7142857142857144,13.736842105263158,,Car,False,Friday,23.0,9.0,September,3.0,2.7142857142857144,32.69,59.61,Mid,,0.0,93188.38
AUC-934,Vehicles 6693,Vehicles,Car,Dubai,Auction,Closed,2025-09-12 20:00:00,2025-09-15 06:00:00,2.523,2025-11-08 12:00:00,90368.0,121864.72,112658.99,1.0817,71,28,797,0.3485384206798867,31496.72,62.425,2.5357142857142856,11.225352112676056,,Car,False,Friday,20.0,9.0,September,3.0,2.5357142857142856,13.65,48.19,Mid,,0.0,121864.72
AUC-935,Vehicles 9903,Vehicles,Car,Ajman,Auction,Closed,2025-10-08 11:00:00,2025-10-09 00:00:00,0.692,2025-11-08 12:00:00,173958.0,272846.18,193786.46,1.408,66,27,1289,0.5684600880672346,98888.18,71.975,2.4444444444444446,19.53030303030303,,Car,False,Wednesday,11.0,10.0,October,4.0,2.4444444444444446,20.92,52.55,High,,0.0,272846.18
AUC-936,Vehicles 4646,Vehicles,Car,Umm Al Quwain,BuyNow,Closed,2025-10-30 05:00:00,2025-10-31 08:00:00,1.125,2025-11-08 12:00:00,129211.0,139283.76,154568.39,0.9011,5,2,88,0.0779559015873262,10072.76,5.2,2.5,17.6,,Car,False,Thursday,5.0,10.0,October,4.0,2.5,2.74,1.64,High,,0.0,0.0
AUC-937,Vehicles 1586,Vehicles,Car,Ras Al Khaimah,Auction,Closed,2025-10-18 09:00:00,2025-10-20 11:00:00,2.221,2025-11-08 12:00:00,50528.0,91347.78,63834.71,1.431,102,32,1808,0.8078645503483217,40819.78,104.2,3.1875,17.725490196078432,,Car,False,Saturday,9.0,10.0,October,4.0,3.1875,30.29,58.17,Mid,,0.0,91347.78
AUC-938,Vehicles 9242,Vehicles,Car,Fujairah,BuyNow,Closed,2025-09-20 08:00:00,2025-09-22 23:00:00,2.771,2025-11-08 12:00:00,72048.08,145837.53,81212.81,1.7957,73,28,1332,1.0241695545530152,73789.45,76.8,2.607142857142857,18.246575342465757,,Car,False,Saturday,8.0,9.0,September,3.0,2.607142857142857,36.35,61.81,Mid,,0.0,145837.53
AUC-939,Vehicles 9388,Vehicles,Car,Dubai,Auction,Closed,2025-09-15 10:00:00,2025-09-17 16:00:00,2.25,2025-11-08 12:00:00,90841.0,147165.39,101876.62,1.4445,21,13,602,0.6200326944881718,56324.39,28.8,1.6153846153846154,28.666666666666668,,Car,False,Monday,10.0,9.0,September,3.0,1.6153846153846154,21.44,52.86,Mid,,0.0,147165.39
AUC-940,Vehicles 3900,Vehicles,Car,Abu Dhabi,Auction,Closed,2025-10-16 05:00:00,2025-10-17 17:00:00,1.5,2025-11-08 12:00:00,73933.0,145083.27,84194.1,1.7232,53,16,1038,0.9623614624051504,71150.27,56.45,3.3125,19.58490566037736,,Car,False,Thursday,5.0,10.0,October,4.0,3.3125,33.84,60.3,Mid,,0.0,145083.27
AUC-941,Vehicles 5514,Vehicles,Car,Ajman,Auction,Closed,2025-11-03 02:00:00,2025-11-04 02:00:00,1.0,2025-11-08 12:00:00,198974.0,407815.69,225102.49,1.8117,5,3,138,1.0495928613788736,208841.69,6.7,1.6666666666666667,27.6,,Car,False,Monday,2.0,11.0,November,4.0,1.6666666666666667,35.15,21.09,High,,0.0,0.0
AUC-942,Vehicles 8762,Vehicles,Car,Abu Dhabi,Auction,Closed,2025-09-26 08:00:00,2025-09-29 01:00:00,2.708,2025-11-08 12:00:00,109402.0,128198.76,131782.85,0.9728,51,32,600,0.1718136779949177,18796.76,48.5,1.59375,11.764705882352942,,Car,False,Friday,8.0,9.0,September,3.0,1.59375,7.22,44.33,High,,0.0,128198.76
AUC-943,Vehicles 5533,Vehicles,Car,Ajman,Auction,Closed,2025-09-21 01:00:00,2025-09-23 16:00:00,2.625,2025-11-08 12:00:00,177214.74,372565.73,199035.74,1.8719,14,4,356,1.1023405276558824,195350.99,16.9,3.5,25.428571428571427,,Car,False,Sunday,1.0,9.0,September,3.0,3.5,37.16,62.3,High,,0.0,372565.73
AUC-944,Vehicles 5330,Vehicles,Car,Dubai,BuyNow,Closed,2025-10-10 14:00:00,2025-10-13 06:00:00,2.667,2025-11-08 12:00:00,17854.84,31270.93,20320.41,1.5389,54,32,988,0.7513979402783783,13416.09,59.7,1.6875,18.296296296296298,,Car,False,Friday,14.0,10.0,October,4.0,1.6875,26.79,56.07,Mid,,0.0,31270.93
AUC-945,Vehicles 9296,Vehicles,Car,Dubai,Auction,Closed,2025-10-02 16:00:00,2025-10-03 16:00:00,1.0,2025-11-08 12:00:00,34533.0,44674.76,44337.41,1.0076,33,23,349,0.2936831436596879,10141.76,30.975,1.434782608695652,10.575757575757576,,Car,False,Thursday,16.0,10.0,October,4.0,1.434782608695652,10.89,6.53,Mid,,0.0,0.0
AUC-946,Vehicles 8458,Vehicles,Car,Dubai,Auction,Closed,2025-09-07 08:00:00,2025-09-08 17:00:00,1.504,2025-11-08 12:00:00,11388.85,16685.0,13337.32,1.251,80,32,926,0.4650293927832923,5296.15,71.15,2.5,11.575,,Car,False,Sunday,8.0,9.0,September,3.0,2.5,18.51,51.11,Mid,,0.0,16685.0
AUC-947,Vehicles 5565,Vehicles,Car,Sharjah,BuyNow,Closed,2025-10-23 12:00:00,2025-10-24 08:00:00,0.833,2025-11-08 12:00:00,51254.0,93695.49,58726.67,1.5955,40,13,990,0.8280620049166896,42441.49,48.0,3.076923076923077,24.75,,Car,False,Thursday,12.0,10.0,October,4.0,3.076923076923077,28.74,57.24,Mid,,0.0,93695.49
AUC-948,Vehicles 2453,Vehicles,Car,Fujairah,Auction,Closed,2025-10-01 07:00:00,2025-10-04 03:00:00,2.833,2025-11-08 12:00:00,98085.0,158120.13,117621.5,1.3443,42,31,1251,0.6120724881480349,60035.13,60.025,1.3548387096774193,29.785714285714285,,Car,False,Wednesday,7.0,10.0,October,4.0,1.3548387096774193,21.78,53.07,Mid,,0.0,158120.13
AUC-949,Vehicles 4945,Vehicles,Car,Abu Dhabi,Auction,Closed,2025-09-29 00:00:00,2025-10-01 14:00:00,2.583,2025-11-08 12:00:00,22414.0,28026.44,25914.67,1.0815,35,15,367,0.2503988578566966,5612.44,30.425,2.333333333333333,10.485714285714286,,Car,False,Monday,0.0,9.0,September,3.0,2.333333333333333,9.62,45.77,Mid,,0.0,28026.44
AUC-950,Vehicles 7087,Vehicles,Car,Ras Al Khaimah,BuyNow,Closed,2025-10-05 13:00:00,2025-10-06 04:00:00,0.625,2025-11-08 12:00:00,70115.0,82991.29,83329.4,0.9959,16,12,181,0.1836452970120515,12876.29,15.525,1.3333333333333333,11.3125,,Car,False,Sunday,13.0,10.0,October,4.0,1.3333333333333333,6.76,4.06,Mid,,0.0,0.0
AUC-951,Vehicles 3452,Vehicles,Car,Abu Dhabi,Auction,Closed,2025-09-15 06:00:00,2025-09-16 02:00:00,0.833,2025-11-08 12:00:00,124491.0,159009.45,160253.23,0.9922,26,12,286,0.2772766706026943,34518.45,23.15,2.1666666666666665,11.0,,Car,False,Monday,6.0,9.0,September,3.0,2.1666666666666665,10.1,6.06,High,,0.0,0.0
AUC-952,Vehicles 5834,Vehicles,Car,Dubai,Auction,Closed,2025-09-30 16:00:00,2025-10-02 09:00:00,1.834,2025-11-08 12:00:00,226388.95,429601.37,262223.08,1.6383,66,33,851,0.8976251711932052,203212.42,62.525,2.0,12.893939393939394,,Car,False,Tuesday,16.0,9.0,September,3.0,2.0,32.16,59.3,High,,0.0,429601.37
AUC-953,Vehicles 6928,Vehicles,Car,Sharjah,Auction,Closed,2025-10-06 18:00:00,2025-10-08 02:00:00,1.333,2025-11-08 12:00:00,162346.0,221443.53,184452.19,1.2005,24,16,367,0.3640220886255282,59097.53,25.175,1.5,15.291666666666666,,Car,False,Monday,18.0,10.0,October,4.0,1.5,12.85,7.71,High,,0.0,0.0
AUC-954,Vehicles 1765,Vehicles,Car,Fujairah,Auction,Closed,2025-10-29 20:00:00,2025-10-31 07:00:00,1.458,2025-11-08 12:00:00,130836.0,182389.05,147497.62,1.2366,57,17,586,0.3940280198110611,51553.05,47.4,3.3529411764705883,10.280701754385966,,Car,False,Wednesday,20.0,10.0,October,4.0,3.3529411764705883,15.14,49.08,High,,0.0,182389.05
AUC-955,Vehicles 6126,Vehicles,Car,Dubai,Auction,Closed,2025-09-25 03:00:00,2025-09-26 08:00:00,1.208,2025-11-08 12:00:00,81837.26,123307.51,90688.6,1.3597,59,22,1334,0.5067404504989537,41470.25,68.35,2.6818181818181817,22.610169491525426,,Car,False,Thursday,3.0,9.0,September,3.0,2.6818181818181817,18.87,51.32,Mid,,0.0,123307.51
AUC-956,Vehicles 7637,Vehicles,Car,Dubai,Auction,Closed,2025-10-29 10:00:00,2025-10-31 11:00:00,2.042,2025-11-08 12:00:00,182201.0,303753.74,224548.9,1.3527,60,19,861,0.6671354163808102,121552.74,56.275,3.1578947368421053,14.35,,Car,False,Wednesday,10.0,10.0,October,4.0,3.1578947368421053,24.14,54.48,High,,0.0,303753.74
AUC-957,Bikes 2928,Vehicles,Motorcycle,Fujairah,Auction,Closed,2025-11-03 09:00:00,2025-11-06 02:00:00,2.817,2025-11-08 12:00:00,54802.0,81846.11,67025.63,1.2211,62,19,1098,0.4934876464362615,27044.11,63.2,3.263157894736842,17.70967741935484,,Motorcycle,False,Monday,9.0,11.0,November,4.0,3.263157894736842,18.29,50.97,Mid,,0.0,81846.11
AUC-958,Bikes 5935,Vehicles,Motorcycle,Umm Al Quwain,Auction,Closed,2025-10-06 04:00:00,2025-10-08 22:00:00,2.75,2025-11-08 12:00:00,161524.0,353578.05,185983.83,1.9011,43,13,920,1.1890124687352963,192054.05,47.75,3.3076923076923075,21.3953488372093,,Motorcycle,False,Monday,4.0,10.0,October,4.0,3.3076923076923075,40.98,64.59,High,,0.0,353578.05
AUC-959,Bikes 7384,Vehicles,Motorcycle,Abu Dhabi,Auction,Closed,2025-10-02 14:00:00,2025-10-04 00:00:00,1.417,2025-11-08 12:00:00,159717.0,264421.17,179392.27,1.474,18,6,537,0.6555605852852231,104704.17,23.925,3.0,29.83333333333333,,Motorcycle,False,Thursday,14.0,10.0,October,4.0,3.0,22.48,53.49,High,,0.0,264421.17
AUC-960,Bikes 1398,Vehicles,Motorcycle,Fujairah,Auction,Closed,2025-09-06 19:00:00,2025-09-09 07:00:00,2.598,2025-11-08 12:00:00,113448.62,246108.59,143425.68,1.7159,65,34,1236,1.1693396534924798,132659.97,71.9,1.911764705882353,19.015384615384612,,Motorcycle,False,Saturday,19.0,9.0,September,3.0,1.911764705882353,40.87,64.52,High,,0.0,246108.59
AUC-961,Bikes 6796,Vehicles,Motorcycle,Dubai,Auction,Closed,2025-09-24 08:00:00,2025-09-26 11:00:00,2.125,2025-11-08 12:00:00,94735.0,152123.17,117180.61,1.2982,53,17,1003,0.6057757956404709,57388.17,55.825,3.117647058823529,18.92452830188679,,Motorcycle,False,Wednesday,8.0,9.0,September,3.0,3.117647058823529,21.89,53.13,Mid,,0.0,152123.17
AUC-962,Bikes 3337,Vehicles,Motorcycle,Fujairah,Auction,Closed,2025-09-17 11:00:00,2025-09-18 04:00:00,0.81,2025-11-08 12:00:00,49476.0,107095.67,60226.07,1.7782,81,34,1839,1.1645983911391382,57619.67,94.975,2.3823529411764706,22.703703703703702,,Motorcycle,False,Wednesday,11.0,9.0,September,3.0,2.3823529411764706,41.06,24.64,Mid,,0.0,0.0
AUC-963,Bikes 4575,Vehicles,Motorcycle,Ras Al Khaimah,Auction,Closed,2025-10-16 00:00:00,2025-10-18 09:00:00,2.375,2025-11-08 12:00:00,42175.0,90887.73,46699.9,1.9462,29,16,307,1.1550143449911083,48712.73,26.175,1.8125,10.586206896551724,,Motorcycle,False,Thursday,0.0,10.0,October,4.0,1.8125,39.57,63.74,Mid,,0.0,90887.73
AUC-964,Bikes 6831,Vehicles,Motorcycle,Fujairah,BuyNow,Closed,2025-10-07 00:00:00,2025-10-08 03:00:00,1.125,2025-11-08 12:00:00,166792.0,241917.44,190744.17,1.2683,44,21,1149,0.4504139287255984,75125.44,55.975,2.095238095238096,26.113636363636363,,Motorcycle,False,Tuesday,0.0,10.0,October,4.0,2.095238095238096,16.34,9.8,High,,0.0,0.0
AUC-965,Bikes 1039,Vehicles,Motorcycle,Ras Al Khaimah,Auction,Closed,2025-09-08 10:00:00,2025-09-10 08:00:00,1.917,2025-11-08 12:00:00,91659.0,167965.4,101781.36,1.6503,36,19,401,0.8325030820759554,76306.4,32.775,1.894736842105263,11.13888888888889,,Motorcycle,False,Monday,10.0,9.0,September,3.0,1.894736842105263,29.12,57.47,Mid,,0.0,167965.4
AUC-966,Bikes 1151,Vehicles,Motorcycle,Umm Al Quwain,Auction,Closed,2025-10-10 10:00:00,2025-10-12 15:00:00,2.294,2025-11-08 12:00:00,121168.0,196693.46,155279.67,1.2667,75,33,1206,0.6233119305427175,75525.46,75.9,2.272727272727273,16.08,,Motorcycle,False,Friday,10.0,10.0,October,4.0,2.272727272727273,23.23,53.94,High,,0.0,196693.46
AUC-967,Bikes 5018,Vehicles,Motorcycle,Ajman,Auction,Closed,2025-09-16 22:00:00,2025-09-19 18:00:00,2.833,2025-11-08 12:00:00,167153.0,239101.49,184543.6,1.2956,12,4,228,0.4304349308717163,71948.49,12.7,3.0,19.0,,Motorcycle,False,Tuesday,22.0,9.0,September,3.0,3.0,14.73,8.84,High,,0.0,0.0
AUC-968,Bikes 9546,Vehicles,Motorcycle,Sharjah,Auction,Closed,2025-10-03 20:00:00,2025-10-06 16:00:00,2.833,2025-11-08 12:00:00,174447.0,248689.64,203748.64,1.2206,42,18,1064,0.4255885168561226,74242.64,52.1,2.333333333333333,25.33333333333333,,Motorcycle,False,Friday,20.0,10.0,October,4.0,2.333333333333333,15.5,49.3,High,,0.0,248689.64
AUC-969,Bikes 1054,Vehicles,Motorcycle,Ras Al Khaimah,BuyNow,Closed,2025-10-22 07:00:00,2025-10-24 17:00:00,2.417,2025-11-08 12:00:00,65867.0,78101.0,81410.84,0.9593,11,6,311,0.1857379264274978,12234.0,14.775,1.8333333333333333,28.272727272727277,,Motorcycle,False,Wednesday,7.0,10.0,October,4.0,1.8333333333333333,6.57,3.94,Mid,,0.0,0.0
AUC-970,Bikes 8098,Vehicles,Motorcycle,Umm Al Quwain,Auction,Closed,2025-10-02 14:00:00,2025-10-04 04:00:00,1.583,2025-11-08 12:00:00,35431.0,41479.21,43372.87,0.9563,42,30,1028,0.1707039033614631,6048.21,54.2,1.4,24.476190476190474,,Motorcycle,False,Thursday,14.0,10.0,October,4.0,1.4,7.09,44.25,Mid,,0.0,41479.21
AUC-971,Bikes 1674,Vehicles,Motorcycle,Abu Dhabi,Auction,Closed,2025-10-23 17:00:00,2025-10-25 00:00:00,1.292,2025-11-08 12:00:00,157495.0,237512.17,199941.43,1.1879,60,19,1746,0.5080616527508811,80017.17,78.4,3.1578947368421053,29.1,,Motorcycle,False,Thursday,17.0,10.0,October,4.0,3.1578947368421053,18.76,51.26,High,,0.0,237512.17
AUC-972,Bikes 5399,Vehicles,Motorcycle,Ras Al Khaimah,Auction,Closed,2025-11-05 09:00:00,2025-11-06 19:00:00,1.478,2025-11-08 12:00:00,14358.0,21748.38,16705.51,1.3019,69,32,920,0.5147221061429169,7390.38,65.5,2.15625,13.333333333333334,,Motorcycle,False,Wednesday,9.0,11.0,November,4.0,2.15625,19.21,51.53,Mid,,0.0,21748.38
AUC-973,Bikes 4875,Vehicles,Motorcycle,Dubai,Auction,Closed,2025-10-21 07:00:00,2025-10-24 03:00:00,2.833,2025-11-08 12:00:00,168309.0,233777.17,216101.73,1.0818,22,10,440,0.3889760500032678,65468.17,24.5,2.2,20.0,,Motorcycle,False,Tuesday,7.0,10.0,October,4.0,2.2,13.66,48.2,High,,0.0,233777.17
AUC-974,Bikes 5212,Vehicles,Motorcycle,Umm Al Quwain,Auction,Closed,2025-10-26 08:00:00,2025-10-27 01:00:00,0.708,2025-11-08 12:00:00,16687.0,19949.73,19379.56,1.0294,18,6,185,0.1955252591837957,3262.73,15.125,3.0,10.27777777777778,,Motorcycle,False,Sunday,8.0,10.0,October,4.0,3.0,7.16,44.3,Mid,,0.0,19949.73
AUC-975,Bikes 1737,Vehicles,Motorcycle,Abu Dhabi,BuyNow,Closed,2025-10-14 17:00:00,2025-10-16 08:00:00,1.733,2025-11-08 12:00:00,190064.0,392972.9,240358.29,1.6349,69,22,1124,1.0675819723882485,202908.9,68.1,3.136363636363636,16.28985507246377,,Motorcycle,False,Tuesday,17.0,10.0,October,4.0,3.136363636363636,37.6,22.56,High,,0.0,0.0
AUC-976,Bikes 7781,Vehicles,Motorcycle,Umm Al Quwain,Auction,Closed,2025-09-12 16:00:00,2025-09-14 18:00:00,2.083,2025-11-08 12:00:00,87670.0,133745.74,98751.02,1.3544,12,5,125,0.5255588000456255,46075.74,10.375,2.4,10.416666666666666,,Motorcycle,False,Friday,16.0,9.0,September,3.0,2.4,17.96,50.78,Mid,,0.0,133745.74
AUC-977,Bikes 3480,Vehicles,Motorcycle,Sharjah,Auction,Closed,2025-10-15 06:00:00,2025-10-15 11:00:00,0.208,2025-11-08 12:00:00,19918.0,35383.91,24986.36,1.4161,35,13,376,0.7764790641630688,15465.91,30.15,2.6923076923076925,10.742857142857142,,Motorcycle,False,Wednesday,6.0,10.0,October,4.0,2.6923076923076925,27.16,56.3,Mid,,0.0,35383.91
AUC-978,Bikes 7938,Vehicles,Motorcycle,Ajman,Auction,Closed,2025-09-15 21:00:00,2025-09-17 20:00:00,1.958,2025-11-08 12:00:00,37415.0,62288.39,43698.23,1.4254,19,11,278,0.6647972738206601,24873.39,19.2,1.7272727272727273,14.63157894736842,,Motorcycle,False,Monday,21.0,9.0,September,3.0,1.7272727272727273,22.84,13.7,Mid,,0.0,0.0
AUC-979,Bikes 6898,Vehicles,Motorcycle,Umm Al Quwain,Auction,Closed,2025-10-04 01:00:00,2025-10-04 22:00:00,0.875,2025-11-08 12:00:00,79047.0,101543.93,90451.22,1.1226,27,8,548,0.2846019456778877,22496.93,29.2,3.375,20.296296296296298,,Motorcycle,False,Saturday,1.0,10.0,October,4.0,3.375,10.21,46.13,Mid,,0.0,101543.93
AUC-980,Bikes 5961,Vehicles,Motorcycle,Fujairah,Auction,Closed,2025-11-06 02:00:00,2025-11-07 01:00:00,0.958,2025-11-08 12:00:00,164519.0,198203.04,210621.73,0.941,13,5,387,0.2047425525319264,33684.04,17.425,2.6,29.76923076923077,,Motorcycle,False,Thursday,2.0,11.0,November,4.0,2.6,7.26,44.36,High,,0.0,198203.04
AUC-981,Bikes 3777,Vehicles,Motorcycle,Sharjah,Auction,Closed,2025-10-24 23:00:00,2025-10-26 21:00:00,2.005,2025-11-08 12:00:00,117254.0,230464.0,144248.0,1.5977,66,23,693,0.9655107714875398,113210.0,56.075,2.869565217391304,10.5,,Motorcycle,False,Friday,23.0,10.0,October,4.0,2.869565217391304,34.55,60.73,High,,0.0,230464.0
AUC-982,Bikes 6869,Vehicles,Motorcycle,Ras Al Khaimah,Auction,Closed,2025-09-12 20:00:00,2025-09-13 00:00:00,0.167,2025-11-08 12:00:00,260112.55,289470.63,326930.36,0.8854,38,26,591,0.1128668339916702,29358.08,40.275,1.4615384615384617,15.552631578947368,,Motorcycle,False,Friday,20.0,9.0,September,3.0,1.4615384615384617,5.03,3.02,High,,0.0,0.0
AUC-983,Bikes 9977,Vehicles,Motorcycle,Ajman,Auction,Closed,2025-10-01 06:00:00,2025-10-01 20:00:00,0.583,2025-11-08 12:00:00,120087.0,195110.21,153453.89,1.2715,37,14,945,0.624740479818798,75023.21,45.625,2.642857142857143,25.54054054054054,,Motorcycle,False,Wednesday,6.0,10.0,October,4.0,2.642857142857143,21.94,13.16,High,,0.0,0.0
AUC-984,Bikes 9307,Vehicles,Motorcycle,Abu Dhabi,BuyNow,Closed,2025-09-12 02:00:00,2025-09-13 12:00:00,1.417,2025-11-08 12:00:00,89960.0,121942.37,106127.78,1.149,20,10,373,0.3555176745220097,31982.37,21.825,2.0,18.65,,Motorcycle,False,Friday,2.0,9.0,September,3.0,2.0,12.48,47.49,Mid,,0.0,121942.37
AUC-985,Bikes 9245,Vehicles,Motorcycle,Dubai,Auction,Closed,2025-10-18 11:00:00,2025-10-20 06:00:00,1.792,2025-11-08 12:00:00,167195.19,190314.93,195749.48,0.9722,13,6,313,0.1382799349670286,23119.74,15.825,2.1666666666666665,24.07692307692308,,Motorcycle,False,Saturday,11.0,10.0,October,4.0,2.1666666666666665,5.03,3.02,High,,0.0,0.0
AUC-986,Bikes 2977,Vehicles,Motorcycle,Abu Dhabi,BuyNow,Closed,2025-09-25 15:00:00,2025-09-26 02:00:00,0.533,2025-11-08 12:00:00,171885.0,326268.81,211290.74,1.5442,66,24,741,0.8981808185705559,154383.81,57.525,2.75,11.227272727272728,,Motorcycle,False,Thursday,15.0,9.0,September,3.0,2.75,31.76,59.06,High,,0.0,326268.81
AUC-987,Bikes 6267,Vehicles,Motorcycle,Umm Al Quwain,Auction,Closed,2025-09-20 21:00:00,2025-09-22 01:00:00,1.254,2025-11-08 12:00:00,48068.0,58609.58,58166.76,1.0076,85,28,1256,0.2193055671132562,10541.58,80.9,3.0357142857142856,14.776470588235297,,Motorcycle,False,Saturday,21.0,9.0,September,3.0,3.0357142857142856,9.79,45.87,Mid,,0.0,58609.58
AUC-988,Bikes 4579,Vehicles,Motorcycle,Ajman,Auction,Closed,2025-09-08 18:00:00,2025-09-09 18:00:00,1.0,2025-11-08 12:00:00,171303.0,308085.64,197328.22,1.5613,38,19,383,0.7984836225868783,136782.64,33.325,2.0,10.078947368421051,,Motorcycle,False,Monday,18.0,9.0,September,3.0,2.0,27.95,16.77,High,,0.0,0.0
AUC-989,Bikes 9701,Vehicles,Motorcycle,Sharjah,BuyNow,Closed,2025-11-03 21:00:00,2025-11-05 13:00:00,1.667,2025-11-08 12:00:00,55145.0,104123.02,69586.82,1.4963,48,15,1323,0.8881679209357151,48978.02,60.825,3.2,27.5625,,Motorcycle,False,Monday,21.0,11.0,November,4.0,3.2,31.12,58.67,Mid,,0.0,104123.02
AUC-990,Bikes 9549,Vehicles,Motorcycle,Ajman,Auction,Closed,2025-09-10 11:00:00,2025-09-11 11:00:00,1.0,2025-11-08 12:00:00,166336.02,259989.14,208031.74,1.2498,39,23,446,0.5630357152948593,93653.12,36.4,1.6956521739130437,11.435897435897436,,Motorcycle,False,Wednesday,11.0,9.0,September,3.0,1.6956521739130437,19.99,51.99,High,,0.0,259989.14
AUC-991,Bikes 8811,Vehicles,Motorcycle,Fujairah,Auction,Closed,2025-10-14 09:00:00,2025-10-14 13:00:00,0.275,2025-11-08 12:00:00,17885.0,30971.71,23127.93,1.3391,80,32,910,0.7317142857142857,13086.71,70.75,2.5,11.375,,Motorcycle,False,Tuesday,9.0,10.0,October,4.0,2.5,27.38,56.43,Mid,,0.0,30971.71
AUC-992,Bikes 2464,Vehicles,Motorcycle,Umm Al Quwain,Auction,Closed,2025-09-16 09:00:00,2025-09-18 01:00:00,1.667,2025-11-08 12:00:00,18158.0,32577.82,21266.0,1.5319,53,34,1563,0.794130410838198,14419.82,74.075,1.5588235294117647,29.49056603773585,,Motorcycle,False,Tuesday,9.0,9.0,September,3.0,1.5588235294117647,28.19,16.91,Mid,,0.0,0.0
AUC-993,Bikes 3869,Vehicles,Motorcycle,Dubai,Auction,Closed,2025-10-03 23:00:00,2025-10-06 12:00:00,2.542,2025-11-08 12:00:00,140594.41,301149.78,160688.65,1.8741,13,7,182,1.1419754882146451,160555.37,12.8,1.8571428571428568,14.0,,Motorcycle,False,Friday,23.0,10.0,October,4.0,1.8571428571428568,38.45,63.07,High,,0.0,301149.78
AUC-994,Bikes 7400,Vehicles,Motorcycle,Dubai,BuyNow,Closed,2025-10-03 02:00:00,2025-10-04 21:00:00,1.792,2025-11-08 12:00:00,83289.0,103076.01,92685.12,1.1121,55,17,1232,0.2375705075099952,19787.01,62.55,3.235294117647059,22.4,,Motorcycle,False,Friday,2.0,10.0,October,4.0,3.235294117647059,9.49,5.69,Mid,,0.0,0.0
AUC-995,Buses 7745,Vehicles,Bus,Abu Dhabi,Auction,Closed,2025-10-16 01:00:00,2025-10-17 05:00:00,1.167,2025-11-08 12:00:00,75177.0,101766.85,97189.49,1.0471,37,30,997,0.3536966093353021,26589.85,50.925,1.2333333333333334,26.945945945945947,,Bus,False,Thursday,1.0,10.0,October,4.0,1.2333333333333334,13.04,47.82,Mid,,0.0,101766.85
AUC-996,Buses 4152,Vehicles,Bus,Sharjah,BuyNow,Closed,2025-09-17 14:00:00,2025-09-19 02:00:00,1.623,2025-11-08 12:00:00,186066.0,279728.37,233087.72,1.2001,73,22,2149,0.5033825094321369,93662.37,95.725,3.3181818181818183,29.438356164383563,,Bus,False,Wednesday,14.0,9.0,September,3.0,3.3181818181818183,19.12,51.47,High,,0.0,279728.37
AUC-997,Buses 2231,Vehicles,Bus,Dubai,Auction,Closed,2025-10-22 15:00:00,2025-10-23 04:00:00,0.542,2025-11-08 12:00:00,36447.0,74842.18,40494.54,1.8482,55,28,1108,1.0534524103492742,38395.18,62.2,1.9642857142857144,20.145454545454545,,Bus,False,Wednesday,15.0,10.0,October,4.0,1.9642857142857144,36.7,62.02,Mid,,0.0,74842.18
AUC-998,Buses 2232,Vehicles,Bus,Fujairah,Auction,Closed,2025-10-08 10:00:00,2025-10-09 06:00:00,0.949,2025-11-08 12:00:00,32795.0,40047.49,37458.75,1.0691,95,34,1016,0.2211462113127,7252.49,81.4,2.794117647058824,10.694736842105264,,Bus,False,Wednesday,10.0,10.0,October,4.0,2.794117647058824,10.81,46.49,Mid,,0.0,40047.49
AUC-999,Buses 7160,Vehicles,Bus,Fujairah,Auction,Closed,2025-10-03 07:00:00,2025-10-04 16:00:00,1.375,2025-11-08 12:00:00,74635.0,123224.46,88878.63,1.3864,6,4,65,0.6510278019695854,48589.46,5.625,1.5,10.833333333333334,,Bus,False,Friday,7.0,10.0,October,4.0,1.5,21.94,53.16,Mid,,0.0,123224.46
AUC-1000,Buses 5087,Vehicles,Bus,Sharjah,BuyNow,Closed,2025-09-22 11:00:00,2025-09-24 07:00:00,1.833,2025-11-08 12:00:00,12746.0,16141.64,15624.24,1.0331,56,21,1174,0.2664082849521418,3395.64,62.6,2.6666666666666665,20.964285714285715,,Bus,False,Monday,11.0,9.0,September,3.0,2.6666666666666665,10.58,6.35,Mid,,0.0,0.0
AUC-1001,Buses 5419,Vehicles,Bus,Fujairah,Auction,Closed,2025-10-08 10:00:00,2025-10-09 23:00:00,1.65,2025-11-08 12:00:00,198453.0,385903.01,219352.3,1.7593,63,19,666,0.9445561921462512,187450.01,52.9,3.3157894736842106,10.571428571428571,,Bus,False,Wednesday,10.0,10.0,October,4.0,3.3157894736842106,33.68,20.21,High,,0.0,0.0
AUC-1002,Buses 8337,Vehicles,Bus,Fujairah,BuyNow,Closed,2025-09-24 21:00:00,2025-09-27 18:00:00,2.875,2025-11-08 12:00:00,107981.0,163217.5,126080.69,1.2945,25,10,512,0.5115390670580936,55236.5,27.8,2.5,20.48,,Bus,False,Wednesday,21.0,9.0,September,3.0,2.5,17.9,10.74,High,,0.0,0.0
AUC-1003,Buses 1151,Vehicles,Bus,Fujairah,Auction,Closed,2025-10-07 06:00:00,2025-10-09 05:00:00,1.958,2025-11-08 12:00:00,166084.0,292720.42,185862.51,1.5749,47,23,499,0.7624841646395799,126636.42,41.725,2.0434782608695654,10.617021276595745,,Bus,False,Tuesday,6.0,10.0,October,4.0,2.0434782608695654,27.16,56.3,High,,0.0,292720.42
AUC-1004,Buses 7790,Vehicles,Bus,Fujairah,Auction,Closed,2025-09-29 04:00:00,2025-09-29 09:00:00,0.208,2025-11-08 12:00:00,129924.0,175615.15,146341.33,1.2,12,4,354,0.3516759798035774,45691.15,15.85,3.0,29.5,,Bus,False,Monday,4.0,9.0,September,3.0,3.0,12.08,47.25,High,,0.0,175615.15
AUC-1005,Buses 3467,Vehicles,Bus,Umm Al Quwain,Auction,Closed,2025-09-26 00:00:00,2025-09-27 15:00:00,1.625,2025-11-08 12:00:00,119508.1,138579.64,139237.8,0.9953,48,17,701,0.1595836600196974,19071.54,45.775,2.823529411764706,14.604166666666666,,Bus,False,Friday,0.0,9.0,September,3.0,2.823529411764706,6.93,44.16,High,,0.0,138579.64
AUC-1006,Buses 9379,Vehicles,Bus,Dubai,Auction,Closed,2025-09-24 07:00:00,2025-09-26 02:00:00,1.792,2025-11-08 12:00:00,177112.0,354856.64,204866.39,1.7321,22,15,390,1.0035719770540676,177744.64,24.5,1.4666666666666666,17.727272727272727,,Bus,False,Wednesday,7.0,9.0,September,3.0,1.4666666666666666,34.12,60.47,High,,0.0,354856.64
AUC-1007,Buses 9597,Vehicles,Bus,Ras Al Khaimah,BuyNow,Closed,2025-09-18 18:00:00,2025-09-19 00:00:00,0.25,2025-11-08 12:00:00,143735.0,201733.5,182241.25,1.107,38,14,579,0.40350993147111,57998.5,36.975,2.7142857142857144,15.236842105263158,,Bus,False,Thursday,18.0,9.0,September,3.0,2.7142857142857144,14.48,8.69,High,,0.0,0.0
AUC-1008,Buses 5518,Vehicles,Bus,Umm Al Quwain,Auction,Closed,2025-10-04 10:00:00,2025-10-05 16:00:00,1.25,2025-11-08 12:00:00,133560.0,175894.62,149062.99,1.18,57,21,620,0.3169707996406109,42334.62,49.25,2.7142857142857144,10.87719298245614,,Bus,False,Saturday,10.0,10.0,October,4.0,2.7142857142857144,12.65,47.59,High,,0.0,175894.62
AUC-1009,Buses 3842,Vehicles,Bus,Ras Al Khaimah,Auction,Closed,2025-10-24 03:00:00,2025-10-26 18:00:00,2.744,2025-11-08 12:00:00,116763.0,139716.21,131895.95,1.0593,97,33,2024,0.1965794815138356,22953.21,107.35,2.9393939393939394,20.8659793814433,,Bus,False,Friday,3.0,10.0,October,4.0,2.9393939393939394,9.45,45.67,High,,0.0,139716.21
AUC-1010,Buses 3098,Vehicles,Bus,Ras Al Khaimah,Auction,Closed,2025-09-26 20:00:00,2025-09-28 00:00:00,1.232,2025-11-08 12:00:00,41633.0,50135.45,51525.68,0.973,64,33,1364,0.2042238128407753,8502.45,74.35,1.9393939393939397,21.3125,,Bus,False,Friday,20.0,9.0,September,3.0,1.93939393939394,8.92,45.35,Mid,,0.0,50135.45
AUC-1011,Buses 2632,Vehicles,Bus,Abu Dhabi,Auction,Closed,2025-11-01 07:00:00,2025-11-02 18:00:00,1.458,2025-11-08 12:00:00,135414.0,263959.25,175491.23,1.5041,51,24,585,0.949275924202815,128545.25,46.125,2.125,11.470588235294118,,Bus,False,Saturday,7.0,11.0,November,4.0,2.125,33.19,59.91,High,,0.0,263959.25
AUC-1012,Buses 9991,Vehicles,Bus,Sharjah,Auction,Closed,2025-10-23 20:00:00,2025-10-24 15:00:00,0.792,2025-11-08 12:00:00,135070.93,199064.87,158003.42,1.2599,41,12,447,0.4737802575283964,63993.94,34.675,3.4166666666666665,10.902439024390244,,Bus,False,Thursday,20.0,10.0,October,4.0,3.4166666666666665,17.26,50.36,High,,0.0,199064.87
AUC-1013,Machinery 2687,Vehicles,Car,Abu Dhabi,BuyNow,Closed,2025-09-20 19:00:00,2025-09-21 04:00:00,0.43,2025-11-08 12:00:00,60176.0,88709.59,73916.33,1.2001,83,33,1739,0.4741689377825046,28533.59,93.225,2.515151515151515,20.951807228915666,,Car,False,Saturday,19.0,9.0,September,3.0,2.515151515151515,18.41,11.05,Mid,,0.0,0.0
AUC-1014,Machinery 5018,Vehicles,Car,Ajman,Auction,Closed,2025-10-11 11:00:00,2025-10-12 12:00:00,1.172,2025-11-08 12:00:00,76496.0,125209.08,94495.63,1.325,81,34,2052,0.636805584605731,48713.08,100.3,2.3823529411764706,25.33333333333333,,Car,False,Saturday,11.0,10.0,October,4.0,2.3823529411764706,23.6,54.16,Mid,,0.0,125209.08
AUC-1015,Machinery 5312,Vehicles,Car,Dubai,Auction,Closed,2025-10-07 03:00:00,2025-10-09 11:00:00,2.397,2025-11-08 12:00:00,152109.0,194870.5,194524.57,1.0018,101,29,1702,0.2811240623500253,42761.5,100.3,3.4827586206896552,16.85148514851485,,Car,False,Tuesday,3.0,10.0,October,4.0,3.4827586206896552,12.69,47.61,High,,0.0,194870.5
AUC-1016,Machinery 7111,Vehicles,Car,Sharjah,Auction,Closed,2025-09-05 23:00:00,2025-09-08 21:00:00,2.917,2025-11-08 12:00:00,32642.0,47042.87,38430.85,1.2241,52,30,671,0.4411760921512163,14400.87,50.275,1.7333333333333334,12.903846153846152,,Car,False,Friday,23.0,9.0,September,3.0,1.7333333333333334,16.31,49.79,Mid,,0.0,47042.87
AUC-1017,Machinery 8583,Vehicles,Car,Fujairah,Auction,Closed,2025-10-21 17:00:00,2025-10-23 17:00:00,2.0,2025-11-08 12:00:00,171278.0,200085.81,211201.47,0.9474,59,28,1627,0.1681932881047186,28807.81,77.175,2.107142857142857,27.57627118644068,,Car,False,Tuesday,17.0,10.0,October,4.0,2.107142857142857,7.41,44.45,High,,0.0,200085.81
AUC-1018,Machinery 6021,Vehicles,Car,Fujairah,Auction,Closed,2025-11-03 11:00:00,2025-11-05 23:00:00,2.604,2025-11-08 12:00:00,16752.0,28646.86,18960.61,1.5109,77,26,2304,0.7100561127029609,11894.86,102.6,2.9615384615384617,29.92207792207792,,Car,False,Monday,11.0,11.0,November,4.0,2.9615384615384617,26.29,55.77,Mid,,0.0,28646.86
AUC-1019,Machinery 7821,Vehicles,Car,Umm Al Quwain,Auction,Closed,2025-10-30 11:00:00,2025-11-01 11:00:00,2.074,2025-11-08 12:00:00,87872.0,153896.22,105854.64,1.4538,71,25,826,0.7513681263656228,66024.22,62.4,2.84,11.633802816901408,,Car,False,Thursday,11.0,10.0,October,4.0,2.84,27.69,56.61,Mid,,0.0,153896.22
AUC-1020,Machinery 6099,Vehicles,Car,Ras Al Khaimah,Auction,Closed,2025-10-22 05:00:00,2025-10-24 05:00:00,2.088,2025-11-08 12:00:00,173299.0,289863.0,193511.39,1.4979,75,22,1715,0.6726178454578503,116564.0,85.875,3.409090909090909,22.866666666666667,,Car,False,Wednesday,5.0,10.0,October,4.0,3.409090909090909,25.01,55.01,High,,0.0,289863.0
AUC-1021,Machinery 4931,Vehicles,Car,Fujairah,Auction,Closed,2025-09-23 06:00:00,2025-09-24 15:00:00,1.375,2025-11-08 12:00:00,168436.0,220190.83,199299.52,1.1048,60,22,794,0.3072670331758055,51754.83,55.35,2.727272727272727,13.233333333333333,,Car,False,Tuesday,6.0,9.0,September,3.0,2.727272727272727,11.94,47.16,High,,0.0,220190.83
AUC-1022,Machinery 2419,Vehicles,Car,Umm Al Quwain,BuyNow,Closed,2025-09-21 11:00:00,2025-09-21 19:00:00,0.333,2025-11-08 12:00:00,195208.0,227606.02,251018.73,0.9067,27,14,474,0.1659666612024097,32398.02,28.85,1.9285714285714288,17.555555555555557,,Car,False,Sunday,11.0,9.0,September,3.0,1.9285714285714288,6.38,43.83,High,,0.0,227606.02
AUC-1023,Machinery 2878,Vehicles,Car,Ras Al Khaimah,BuyNow,Closed,2025-10-03 21:00:00,2025-10-05 04:00:00,1.345,2025-11-08 12:00:00,58239.0,110439.37,70439.18,1.5679,66,31,671,0.896312951802057,52200.37,57.525,2.129032258064516,10.166666666666666,,Car,False,Friday,21.0,10.0,October,4.0,2.129032258064516,32.28,19.37,Mid,,0.0,0.0
AUC-1024,Machinery 4891,Vehicles,Car,Dubai,BuyNow,Closed,2025-10-20 00:00:00,2025-10-22 14:00:00,2.583,2025-11-08 12:00:00,104791.0,183036.82,121695.78,1.5041,31,22,779,0.7466845435199588,78245.82,40.475,1.4090909090909092,25.12903225806452,,Car,False,Monday,0.0,10.0,October,4.0,1.4090909090909092,25.9,15.54,High,,0.0,0.0
AUC-1025,Machinery 1414,Vehicles,Car,Fujairah,Auction,Closed,2025-10-05 07:00:00,2025-10-06 23:00:00,1.788,2025-11-08 12:00:00,28340.0,49212.11,32323.8,1.5225,70,21,1315,0.7364894142554693,20872.11,73.125,3.333333333333333,18.785714285714285,,Car,False,Sunday,7.0,10.0,October,4.0,3.333333333333333,26.96,56.18,Mid,,0.0,49212.11
AUC-1026,Machinery 3846,Vehicles,Car,Sharjah,Auction,Closed,2025-11-04 19:00:00,2025-11-07 02:00:00,2.292,2025-11-08 12:00:00,27360.0,31076.15,30482.19,1.0195,39,26,896,0.1358241959064328,3716.15,48.4,1.5,22.97435897435897,,Car,False,Tuesday,19.0,11.0,November,4.0,1.5,5.87,43.52,Mid,,0.0,31076.15
AUC-1027,Machinery 5163,Vehicles,Car,Fujairah,Auction,Closed,2025-09-27 18:00:00,2025-09-28 01:00:00,0.292,2025-11-08 12:00:00,158816.0,203816.2,189406.86,1.0761,7,3,77,0.2833480253878703,45000.2,6.175,2.333333333333333,11.0,,Car,False,Saturday,18.0,9.0,September,3.0,2.333333333333333,9.71,5.83,High,,0.0,0.0
AUC-1028,Machinery 5253,Vehicles,Car,Ras Al Khaimah,Auction,Closed,2025-10-01 00:00:00,2025-10-01 17:00:00,0.815,2025-11-08 12:00:00,197389.0,337154.69,217658.72,1.549,68,32,768,0.7080723343246078,139765.69,61.2,2.125,11.294117647058824,,Car,False,Wednesday,0.0,10.0,October,4.0,2.125,25.76,55.46,High,,0.0,337154.69
AUC-1029,Machinery 8332,Vehicles,Car,Ajman,Auction,Closed,2025-11-04 15:00:00,2025-11-05 15:00:00,1.0,2025-11-08 12:00:00,242693.63,463503.01,303774.7,1.5258,30,20,342,0.9098276703842618,220809.38,28.55,1.5,11.4,,Car,False,Tuesday,15.0,11.0,November,4.0,1.5,31.51,58.91,High,,0.0,463503.01
AUC-1030,Machinery 9707,Vehicles,Car,Dubai,Auction,Closed,2025-09-17 22:00:00,2025-09-19 02:00:00,1.248,2025-11-08 12:00:00,21836.0,29532.34,28000.8,1.0547,62,33,913,0.352461073456677,7696.34,62.075,1.878787878787879,14.725806451612904,,Car,False,Wednesday,22.0,9.0,September,3.0,1.878787878787879,13.78,48.27,Mid,,0.0,29532.34
AUC-1031,Machinery 7566,Vehicles,Car,Sharjah,BuyNow,Closed,2025-09-20 12:00:00,2025-09-23 11:00:00,2.958,2025-11-08 12:00:00,181285.0,378286.86,229364.56,1.6493,11,4,318,1.0866969688611854,197001.86,14.45,2.75,28.90909090909091,,Car,False,Saturday,12.0,9.0,September,3.0,2.75,36.61,21.97,High,,0.0,0.0
AUC-1032,Machinery 1715,Vehicles,Car,Sharjah,BuyNow,Closed,2025-10-18 23:00:00,2025-10-20 10:00:00,1.458,2025-11-08 12:00:00,41991.49,52051.8,47004.94,1.1074,10,8,219,0.2395797338937009,10060.31,12.475,1.25,21.9,,Car,False,Saturday,23.0,10.0,October,4.0,1.25,8.31,44.99,Mid,,0.0,52051.8
AUC-1033,Machinery 4676,Vehicles,Car,Ras Al Khaimah,Auction,Closed,2025-09-27 15:00:00,2025-09-29 16:00:00,2.161,2025-11-08 12:00:00,28869.0,39151.32,33649.16,1.1635,113,33,1971,0.3561716720357477,10282.32,114.025,3.4242424242424243,17.442477876106196,,Car,False,Saturday,15.0,9.0,September,3.0,3.4242424242424243,15.5,49.3,Mid,,0.0,39151.32
AUC-1034,Machinery 7568,Vehicles,Car,Ras Al Khaimah,Auction,Closed,2025-09-29 20:00:00,2025-10-01 19:00:00,2.077,2025-11-08 12:00:00,139593.0,275588.41,179473.98,1.5355,79,24,1346,0.9742280057022916,135995.41,79.15,3.2916666666666665,17.037974683544302,,Car,False,Monday,20.0,9.0,September,3.0,3.2916666666666665,34.83,60.9,High,,0.0,275588.41
AUC-1035,Machinery 6351,Vehicles,Car,Ajman,Auction,Closed,2025-10-28 06:00:00,2025-10-29 14:00:00,1.333,2025-11-08 12:00:00,26546.0,57919.84,32120.4,1.8032,31,22,773,1.1818669479394257,31373.84,40.325,1.4090909090909092,24.93548387096774,,Car,False,Tuesday,6.0,10.0,October,4.0,1.4090909090909092,40.32,64.19,Mid,,0.0,57919.84
AUC-1036,Machinery 5119,Vehicles,Car,Ras Al Khaimah,Auction,Closed,2025-10-24 03:00:00,2025-10-27 00:00:00,2.875,2025-11-08 12:00:00,197584.0,281449.27,231968.87,1.2133,45,14,1320,0.4244537513158961,83865.27,59.0,3.2142857142857144,29.33333333333333,,Car,False,Friday,3.0,10.0,October,4.0,3.2142857142857144,15.55,49.33,High,,0.0,281449.27
AUC-1037,Machinery 4925,Vehicles,Car,Ajman,BuyNow,Closed,2025-09-26 21:00:00,2025-09-27 16:00:00,0.792,2025-11-08 12:00:00,65019.0,89129.79,81468.13,1.094,37,19,465,0.370826835232778,24110.79,34.875,1.947368421052632,12.567567567567568,,Car,False,Friday,21.0,9.0,September,3.0,1.947368421052632,13.47,48.08,Mid,,0.0,89129.79
AUC-1038,Machinery 4653,Vehicles,Car,Sharjah,BuyNow,Closed,2025-09-11 16:00:00,2025-09-11 22:00:00,0.25,2025-11-08 12:00:00,185583.0,362918.85,223687.64,1.6224,26,19,302,0.9555608541730652,177335.85,25.3,1.368421052631579,11.615384615384617,,Car,False,Thursday,16.0,9.0,September,3.0,1.368421052631579,32.9,59.74,High,,0.0,362918.85
AUC-1039,Machinery 6210,Vehicles,Car,Fujairah,Auction,Closed,2025-10-01 20:00:00,2025-10-04 02:00:00,2.25,2025-11-08 12:00:00,42643.96,92236.33,53644.41,1.7194,13,7,134,1.1629400740456564,49592.37,11.6,1.8571428571428568,10.307692307692308,,Car,False,Wednesday,20.0,10.0,October,4.0,1.8571428571428568,39.25,63.55,Mid,,0.0,92236.33
AUC-1040,Machinery 2608,Vehicles,Car,Umm Al Quwain,Auction,Closed,2025-10-01 20:00:00,2025-10-03 20:00:00,2.14,2025-11-08 12:00:00,196109.81,325336.84,251449.8,1.2938,61,20,707,0.6589524001884456,129227.03,53.175,3.05,11.59016393442623,,Car,False,Wednesday,20.0,10.0,October,4.0,3.05,24.08,54.45,High,,0.0,325336.84
AUC-1041,Machinery 5657,Vehicles,Car,Ajman,Auction,Closed,2025-09-29 01:00:00,2025-09-29 22:00:00,0.875,2025-11-08 12:00:00,186044.0,407767.34,232342.12,1.755,49,18,1108,1.1917790415170606,221723.34,56.7,2.7222222222222223,22.612244897959183,,Car,False,Monday,1.0,9.0,September,3.0,2.7222222222222223,41.29,24.77,High,,0.0,0.0
AUC-1042,Machinery 2852,Vehicles,Car,Ajman,Auction,Closed,2025-10-09 17:00:00,2025-10-12 08:00:00,2.625,2025-11-08 12:00:00,123789.0,231782.99,146432.89,1.5829,19,11,350,0.872403767701492,107993.99,21.0,1.7272727272727273,18.42105263157895,,Car,False,Thursday,17.0,10.0,October,4.0,1.7272727272727273,29.68,57.81,High,,0.0,231782.99
AUC-1043,Machinery 7128,Vehicles,Car,Umm Al Quwain,Auction,Closed,2025-11-03 11:00:00,2025-11-04 02:00:00,0.625,2025-11-08 12:00:00,190800.49,215343.94,231601.81,0.9298,34,12,592,0.128634103612627,24543.45,34.8,2.833333333333333,17.41176470588235,,Car,False,Monday,11.0,11.0,November,4.0,2.833333333333333,5.32,3.19,High,,0.0,0.0
AUC-1044,Machinery 8781,Vehicles,Car,Fujairah,Auction,Closed,2025-10-14 01:00:00,2025-10-14 22:00:00,0.957,2025-11-08 12:00:00,61025.0,90494.68,78751.96,1.1491,76,27,941,0.4829115936091764,29469.68,68.275,2.814814814814815,12.38157894736842,,Car,False,Tuesday,1.0,10.0,October,4.0,2.814814814814815,18.3,50.98,Mid,,0.0,90494.68
AUC-1045,Machinery 5568,Vehicles,Car,Ajman,Auction,Closed,2025-09-13 06:00:00,2025-09-13 20:00:00,0.704,2025-11-08 12:00:00,160451.0,291811.7,181837.73,1.6048,67,23,1084,0.8186966737508649,131360.7,66.35,2.9130434782608696,16.17910447761194,,Car,False,Saturday,6.0,9.0,September,3.0,2.9130434782608696,29.48,57.69,High,,0.0,291811.7
AUC-1046,Machinery 4487,Vehicles,Car,Dubai,Auction,Closed,2025-09-19 07:00:00,2025-09-19 23:00:00,0.667,2025-11-08 12:00:00,191251.0,293668.17,226149.22,1.2986,39,16,402,0.5355118143173107,102417.17,33.55,2.4375,10.307692307692308,,Car,False,Friday,7.0,9.0,September,3.0,2.4375,19.26,51.56,High,,0.0,293668.17
AUC-1047,Machinery 9464,Vehicles,Car,Dubai,Auction,Closed,2025-09-10 09:00:00,2025-09-12 14:00:00,2.278,2025-11-08 12:00:00,149922.0,182138.59,172658.6,1.0549,65,21,977,0.2148890089513213,32216.59,62.175,3.095238095238096,15.03076923076923,,Car,False,Wednesday,9.0,9.0,September,3.0,3.095238095238096,9.02,45.41,High,,0.0,182138.59
AUC-1048,Machinery 6936,Vehicles,Car,Abu Dhabi,Auction,Closed,2025-10-26 18:00:00,2025-10-28 21:00:00,2.125,2025-11-08 12:00:00,59491.0,122058.02,72324.19,1.6877,24,9,717,1.051705636146644,62567.02,32.175,2.6666666666666665,29.875,,Car,False,Sunday,18.0,10.0,October,4.0,2.6666666666666665,35.71,61.43,Mid,,0.0,122058.02
AUC-1049,Machinery 4851,Vehicles,Car,Ajman,Auction,Closed,2025-10-05 14:00:00,2025-10-07 13:00:00,1.958,2025-11-08 12:00:00,82245.0,117671.92,104762.86,1.1232,25,17,459,0.4307486169371998,35426.92,28.225,1.4705882352941178,18.36,,Car,False,Sunday,14.0,10.0,October,4.0,1.4705882352941178,15.13,49.08,Mid,,0.0,117671.92
AUC-1050,Machinery 1259,Vehicles,Car,Umm Al Quwain,BuyNow,Closed,2025-09-30 22:00:00,2025-10-03 12:00:00,2.666,2025-11-08 12:00:00,18813.0,40504.41,24294.05,1.6673,61,20,1232,1.1530011162494025,21691.41,66.3,3.05,20.19672131147541,,Car,False,Tuesday,22.0,9.0,September,3.0,3.05,40.36,64.22,Mid,,0.0,40504.41
AUC-1051,Machinery 1143,Vehicles,Car,Fujairah,Auction,Closed,2025-10-26 01:00:00,2025-10-26 09:00:00,0.333,2025-11-08 12:00:00,20028.0,36706.89,22681.26,1.6184,18,9,506,0.8327786099460754,16678.89,23.9,2.0,28.11111111111111,,Car,False,Sunday,1.0,10.0,October,4.0,2.0,28.27,56.96,Mid,,0.0,36706.89
AUC-1052,Machinery 2993,Vehicles,Car,Abu Dhabi,Auction,Closed,2025-10-24 12:00:00,2025-10-26 10:00:00,1.917,2025-11-08 12:00:00,83385.0,167059.63,100158.41,1.668,17,6,262,1.0034734064879776,83674.63,16.55,2.833333333333333,15.411764705882351,,Car,False,Friday,12.0,10.0,October,4.0,2.833333333333333,33.98,60.39,Mid,,0.0,167059.63
AUC-1053,Machinery 3127,Vehicles,Car,Fujairah,Auction,Closed,2025-09-21 14:00:00,2025-09-22 01:00:00,0.458,2025-11-08 12:00:00,146021.33,318747.5,185989.75,1.7138,50,18,1500,1.1828831445378565,172726.17,67.0,2.7777777777777777,30.0,,Car,False,Sunday,14.0,9.0,September,3.0,2.7777777777777777,40.83,64.5,High,,0.0,318747.5
AUC-1054,Machinery 7491,Vehicles,Car,Umm Al Quwain,Auction,Closed,2025-09-24 17:00:00,2025-09-27 13:00:00,2.958,2025-11-08 12:00:00,198846.0,272941.28,219902.95,1.2412,63,32,766,0.3726264546432919,74095.28,58.65,1.96875,12.158730158730158,,Car,False,Wednesday,17.0,9.0,September,3.0,1.96875,14.26,8.56,High,,0.0,0.0
AUC-1055,Machinery 5504,Vehicles,Car,Dubai,Auction,Closed,2025-09-28 02:00:00,2025-09-30 01:00:00,1.958,2025-11-08 12:00:00,221950.86,303430.0,286334.18,1.0597,25,16,450,0.3671044122108831,81479.14,27.75,1.5625,18.0,,Car,False,Sunday,2.0,9.0,September,3.0,1.5625,13.16,47.9,High,,0.0,303430.0
AUC-1056,Machinery 9998,Vehicles,Car,Sharjah,Auction,Closed,2025-10-19 11:00:00,2025-10-21 18:00:00,2.374,2025-11-08 12:00:00,190450.0,339997.38,228926.27,1.4852,87,31,1044,0.7852317143607246,149547.38,77.35,2.806451612903226,12.0,,Car,False,Sunday,11.0,10.0,October,4.0,2.806451612903226,29.46,57.68,High,,0.0,339997.38
AUC-1057,Machinery 5864,Vehicles,Car,Sharjah,Auction,Closed,2025-10-06 00:00:00,2025-10-07 18:00:00,1.875,2025-11-08 12:00:00,183215.12,395875.91,231890.26,1.7072,91,29,1316,1.1607163753733862,212660.79,85.65,3.1379310344827585,14.461538461538462,,Car,False,Monday,0.0,10.0,October,4.0,3.1379310344827585,41.3,64.78,High,,0.0,395875.91
AUC-1058,Machinery 9127,Vehicles,Car,Ras Al Khaimah,BuyNow,Closed,2025-11-05 03:00:00,2025-11-06 09:00:00,1.354,2025-11-08 12:00:00,90973.0,177513.86,110630.91,1.6046,81,26,1266,0.951280709661108,86540.86,78.65,3.1153846153846154,15.62962962962963,,Car,False,Wednesday,3.0,11.0,November,4.0,3.1153846153846154,34.06,60.44,Mid,,0.0,177513.86
AUC-1059,Machinery 5970,Vehicles,Car,Ras Al Khaimah,Auction,Closed,2025-10-28 18:00:00,2025-10-30 20:00:00,2.219,2025-11-08 12:00:00,98676.0,178288.72,122074.62,1.4605,82,31,2372,0.8068093558717419,79612.72,108.05,2.6451612903225805,28.92682926829268,,Car,False,Tuesday,18.0,10.0,October,4.0,2.6451612903225805,29.37,17.62,Mid,,0.0,0.0
AUC-1060,Machinery 4223,Vehicles,Car,Fujairah,Auction,Closed,2025-10-04 17:00:00,2025-10-07 05:00:00,2.5,2025-11-08 12:00:00,46605.0,51191.37,57249.85,0.8942,24,14,242,0.0984093981332475,4586.37,21.55,1.7142857142857142,10.083333333333334,,Car,False,Saturday,17.0,10.0,October,4.0,1.7142857142857142,4.17,42.5,Mid,,0.0,51191.37
AUC-1061,Prestigious Number 7430,Plates,Prestigious Number,RAK,BuyNow,Closed,2025-10-19 06:00:00,2025-10-19 22:00:00,0.667,2025-11-08 12:00:00,1487594.76,2661283.75,1898452.42,1.4018,50,26,1012,0.7889843535076717,1173688.99,56.8,1.9230769230769231,20.24,,,False,Sunday,6.0,10.0,October,4.0,1.9230769230769231,27.98,16.79,High,,0.0,0.0
AUC-1062,Prestigious Number 5044,Plates,Prestigious Number,RAK,Auction,Closed,2025-09-07 22:00:00,2025-09-10 13:00:00,2.625,2025-11-08 12:00:00,2685524.7,4262043.71,3599968.68,1.1839,15,5,334,0.5870431986717529,1576519.01,17.1,3.0,22.266666666666666,,,False,Sunday,22.0,9.0,September,3.0,3.0,20.06,12.04,High,,0.0,0.0
AUC-1063,Prestigious Number 3471,Plates,Prestigious Number,RAK,Auction,Closed,2025-10-07 15:00:00,2025-10-09 20:00:00,2.208,2025-11-08 12:00:00,326244.61,651691.0,456004.2,1.4291,24,11,268,0.9975533082370313,325446.39,21.45,2.1818181818181817,11.166666666666666,,,False,Tuesday,15.0,10.0,October,4.0,2.1818181818181817,34.06,60.44,High,,0.0,651691.0
AUC-1064,Prestigious Number 5258,Plates,Prestigious Number,RAK,BuyNow,Closed,2025-11-01 05:00:00,2025-11-01 14:00:00,0.375,2025-11-08 12:00:00,1247531.77,2196406.96,1710418.23,1.2841,58,20,663,0.7606020245881192,948875.19,50.575,2.9,11.43103448275862,,,False,Saturday,5.0,11.0,November,4.0,2.9,27.5,16.5,High,,0.0,0.0
AUC-1065,Prestigious Number 6983,Plates,Prestigious Number,RAK,Auction,Closed,2025-11-03 09:00:00,2025-11-06 04:00:00,2.792,2025-11-08 12:00:00,780944.21,1199732.31,985548.06,1.2173,4,2,98,0.5362586656478318,418788.1,4.95,2.0,24.5,,,False,Monday,9.0,11.0,November,4.0,2.0,17.99,50.79,High,,0.0,1199732.31
AUC-1066,Prestigious Number 4379,Plates,Prestigious Number,RAK,Auction,Closed,2025-09-23 21:00:00,2025-09-24 13:00:00,0.667,2025-11-08 12:00:00,493129.77,889214.64,624700.98,1.4234,33,27,499,0.8032061621426749,396084.87,35.725,1.2222222222222223,15.12121212121212,,,False,Tuesday,21.0,9.0,September,3.0,1.2222222222222223,27.84,56.7,High,,0.0,889214.64
AUC-1067,Prestigious Number 7335,Plates,Prestigious Number,RAK,Auction,Closed,2025-10-26 01:00:00,2025-10-27 21:00:00,1.932,2025-11-08 12:00:00,501248.14,1084921.94,669207.09,1.6212,83,32,1786,1.1644408296457718,583673.8,94.15,2.59375,21.518072289156628,,,False,Sunday,1.0,10.0,October,4.0,2.59375,41.41,24.85,High,,0.0,0.0
AUC-1068,Prestigious Number 9825,Plates,Prestigious Number,RAK,Auction,Closed,2025-10-26 23:00:00,2025-10-27 11:00:00,0.5,2025-11-08 12:00:00,2307969.9,4865132.61,3109947.27,1.5644,10,4,196,1.1079705632209504,2557162.71,10.9,2.5,19.6,,,False,Sunday,23.0,10.0,October,4.0,2.5,37.26,62.36,High,,0.0,4865132.61
AUC-1069,Prestigious Number 4701,Plates,Prestigious Number,RAK,BuyNow,Closed,2025-10-12 06:00:00,2025-10-12 23:00:00,0.801,2025-11-08 12:00:00,1070407.79,1880143.5,1451698.32,1.2951,90,34,2050,0.7564740443452863,809735.71,104.75,2.647058823529412,22.77777777777778,,,False,Sunday,6.0,10.0,October,4.0,2.647058823529412,27.76,16.66,High,,0.0,0.0
AUC-1070,Prestigious Number 3656,Plates,Prestigious Number,RAK,Auction,Closed,2025-10-20 14:00:00,2025-10-22 13:00:00,1.958,2025-11-08 12:00:00,910372.44,1091721.63,1211079.24,0.9014,5,3,55,0.1992032953018656,181349.19,4.625,1.6666666666666667,11.0,,,False,Monday,14.0,10.0,October,4.0,1.6666666666666667,6.83,44.1,High,,0.0,1091721.63
AUC-1071,Prestigious Number 4619,Plates,Prestigious Number,RAK,Auction,Closed,2025-09-30 00:00:00,2025-10-02 02:00:00,2.083,2025-11-08 12:00:00,1591158.76,3489041.06,2213154.52,1.5765,15,5,303,1.192767401789624,1897882.3,16.325,3.0,20.2,,,False,Tuesday,0.0,9.0,September,3.0,3.0,40.27,64.16,High,,0.0,3489041.06
AUC-1072,Prestigious Number 8543,Plates,Prestigious Number,Sharjah,Auction,Closed,2025-10-06 23:00:00,2025-10-09 01:00:00,2.083,2025-11-08 12:00:00,1311258.48,2298275.74,1660715.12,1.3839,60,26,683,0.7527251682673581,987017.26,53.575,2.3076923076923075,11.383333333333333,,,False,Monday,23.0,10.0,October,4.0,2.3076923076923075,27.35,56.41,High,,0.0,2298275.74
AUC-1073,Prestigious Number 2610,Plates,Prestigious Number,Sharjah,Auction,Closed,2025-10-30 19:00:00,2025-10-31 22:00:00,1.259,2025-11-08 12:00:00,38092.55,74421.5,49903.27,1.4913,71,24,814,0.953702233113824,36328.95,61.85,2.958333333333333,11.464788732394366,,,False,Thursday,19.0,10.0,October,4.0,2.958333333333333,34.41,60.65,Mid,,0.0,74421.5
AUC-1074,Prestigious Number 9762,Plates,Prestigious Number,Sharjah,Auction,Closed,2025-09-18 15:00:00,2025-09-21 02:00:00,2.546,2025-11-08 12:00:00,590302.97,1036991.16,848829.18,1.2217,83,32,835,0.7567100500951234,446688.19,70.375,2.59375,10.060240963855422,,,False,Thursday,15.0,9.0,September,3.0,2.59375,27.93,56.76,High,,0.0,1036991.16
AUC-1075,Prestigious Number 4725,Plates,Prestigious Number,Sharjah,Auction,Closed,2025-10-12 08:00:00,2025-10-12 15:00:00,0.292,2025-11-08 12:00:00,2894932.46,4058203.76,3987888.42,1.0176,32,15,342,0.401830203665615,1163271.3,28.3,2.1333333333333333,10.6875,,,False,Sunday,8.0,10.0,October,4.0,2.1333333333333333,14.58,48.75,High,,0.0,4058203.76
AUC-1076,Prestigious Number 8573,Plates,Prestigious Number,Sharjah,BuyNow,Closed,2025-09-29 15:00:00,2025-10-02 05:00:00,2.583,2025-11-08 12:00:00,268843.84,333137.9,367289.81,0.907,55,20,1174,0.2391502070495645,64294.06,61.85,2.75,21.345454545454544,,,False,Monday,15.0,9.0,September,3.0,2.75,9.89,45.93,High,,0.0,333137.9
AUC-1077,Prestigious Number 8080,Plates,Prestigious Number,Sharjah,Auction,Closed,2025-11-05 17:00:00,2025-11-06 17:00:00,1.0,2025-11-08 12:00:00,2728798.78,5824251.14,3504679.59,1.6618,15,6,373,1.1343644620069788,3095452.36,18.325,2.5,24.866666666666667,,,False,Wednesday,17.0,11.0,November,4.0,2.5,38.28,22.97,High,,0.0,0.0
AUC-1078,Prestigious Number 8051,Plates,Prestigious Number,Sharjah,Auction,Closed,2025-09-28 23:00:00,2025-09-30 21:00:00,1.917,2025-11-08 12:00:00,2534236.45,3287579.67,3650335.4,0.9006,57,24,725,0.2972663501860687,753343.22,52.625,2.375,12.719298245614034,,,False,Sunday,23.0,9.0,September,3.0,2.375,11.88,47.13,High,,0.0,3287579.67
AUC-1079,Prestigious Number 9179,Plates,Prestigious Number,Sharjah,Auction,Closed,2025-10-19 15:00:00,2025-10-22 08:00:00,2.786,2025-11-08 12:00:00,229536.62,309806.94,293974.61,1.0539,92,34,1065,0.3497059423459316,80270.32,81.125,2.7058823529411766,11.576086956521738,,,False,Sunday,15.0,10.0,October,4.0,2.7058823529411766,15.09,49.05,High,,0.0,309806.94
AUC-1080,Prestigious Number 2663,Plates,Prestigious Number,Sharjah,Auction,Closed,2025-10-07 21:00:00,2025-10-08 18:00:00,0.875,2025-11-08 12:00:00,714874.64,858042.03,1009942.64,0.8496,29,21,369,0.2002692248252085,143167.39,28.975,1.380952380952381,12.724137931034482,,,False,Tuesday,21.0,10.0,October,4.0,1.380952380952381,7.78,44.67,High,,0.0,858042.03
AUC-1081,Prestigious Number 6341,Plates,Prestigious Number,Sharjah,Auction,Closed,2025-10-19 17:00:00,2025-10-21 00:00:00,1.434,2025-11-08 12:00:00,2514752.08,3815667.5,3439397.33,1.1094,105,32,3086,0.5173135874292626,1300915.42,137.65,3.28125,29.39047619047619,,,False,Sunday,17.0,10.0,October,4.0,3.28125,20.83,52.5,High,,0.0,3815667.5
AUC-1082,Prestigious Number 1890,Plates,Prestigious Number,Sharjah,Auction,Closed,2025-09-06 19:00:00,2025-09-09 07:00:00,2.5,2025-11-08 12:00:00,1094378.61,2149132.2,1394326.32,1.5413,28,14,815,0.963792219952106,1054753.59,37.875,2.0,29.107142857142858,,,False,Saturday,19.0,9.0,September,3.0,2.0,32.98,59.79,High,,0.0,2149132.2
AUC-1083,Prestigious Number 3694,Plates,Prestigious Number,Sharjah,Auction,Closed,2025-10-22 17:00:00,2025-10-25 07:00:00,2.583,2025-11-08 12:00:00,431235.96,830158.58,542843.1,1.5293,58,34,608,0.9250680764192298,398922.62,52.7,1.7058823529411764,10.482758620689657,,,False,Wednesday,17.0,10.0,October,4.0,1.7058823529411764,33.03,59.82,High,,0.0,830158.58
AUC-1084,Prestigious Number 1365,Plates,Prestigious Number,Sharjah,Auction,Closed,2025-09-13 05:00:00,2025-09-14 00:00:00,0.792,2025-11-08 12:00:00,2334416.29,4591031.6,3137790.61,1.4631,57,19,1070,0.9666721911026416,2256615.31,60.0,3.0,18.771929824561404,,,False,Saturday,5.0,9.0,September,3.0,3.0,33.98,60.39,High,,0.0,4591031.6
AUC-1085,Prestigious Number 7139,Plates,Prestigious Number,Sharjah,BuyNow,Closed,2025-09-11 00:00:00,2025-09-12 14:00:00,1.583,2025-11-08 12:00:00,252211.15,313893.75,340836.87,0.921,9,5,99,0.2445673000579078,61682.6,8.225,1.8,11.0,,,False,Thursday,0.0,9.0,September,3.0,1.8,8.47,45.08,High,,0.0,313893.75
AUC-1086,Prestigious Number 6468,Plates,Prestigious Number,Sharjah,Auction,Closed,2025-10-12 09:00:00,2025-10-13 11:00:00,1.083,2025-11-08 12:00:00,225356.82,284691.84,299153.37,0.9517,45,13,960,0.2632936513747399,59335.02,49.75,3.4615384615384617,21.33333333333333,,,False,Sunday,9.0,10.0,October,4.0,3.4615384615384617,10.29,46.17,High,,0.0,284691.84
AUC-1087,Prestigious Number 7660,Plates,Prestigious Number,Sharjah,Auction,Closed,2025-10-18 08:00:00,2025-10-19 23:00:00,1.625,2025-11-08 12:00:00,1213872.98,1948949.74,1628338.48,1.1969,37,17,791,0.6055631619710325,735076.76,42.525,2.176470588235294,21.37837837837838,,,False,Saturday,8.0,10.0,October,4.0,2.176470588235294,21.42,52.85,High,,0.0,1948949.74
AUC-1088,Prestigious Number 2585,Plates,Prestigious Number,Sharjah,Auction,Closed,2025-10-15 07:00:00,2025-10-16 12:00:00,1.208,2025-11-08 12:00:00,2235599.65,3915743.0,2879543.35,1.3598,6,3,65,0.7515403529428895,1680143.35,5.375,2.0,10.833333333333334,,,False,Wednesday,7.0,10.0,October,4.0,2.0,25.23,55.14,High,,0.0,3915743.0
AUC-1089,Prestigious Number 3989,Plates,Prestigious Number,Sharjah,Auction,Closed,2025-09-09 01:00:00,2025-09-09 05:00:00,0.167,2025-11-08 12:00:00,1680844.66,3566279.59,2320689.99,1.5367,42,31,1204,1.1217187256316714,1885434.93,58.85,1.3548387096774193,28.666666666666668,,,False,Tuesday,1.0,9.0,September,3.0,1.3548387096774193,38.97,63.38,High,,0.0,3566279.59
AUC-1090,Prestigious Number 7086,Plates,Prestigious Number,Sharjah,Auction,Closed,2025-09-27 20:00:00,2025-09-30 14:00:00,2.75,2025-11-08 12:00:00,595775.75,833971.74,861241.54,0.9683,12,9,276,0.3998081325062324,238195.99,15.15,1.3333333333333333,23.0,,,False,Saturday,20.0,9.0,September,3.0,1.3333333333333333,13.72,48.23,High,,0.0,833971.74
AUC-1091,Prestigious Number 8438,Plates,Prestigious Number,Sharjah,Auction,Closed,2025-10-03 21:00:00,2025-10-05 20:00:00,1.958,2025-11-08 12:00:00,1153968.88,2441816.56,1493429.19,1.635,33,23,494,1.1160159535671363,1287847.68,34.6,1.434782608695652,14.969696969696969,,,False,Friday,21.0,10.0,October,4.0,1.434782608695652,38.27,62.96,High,,0.0,2441816.56
AUC-1092,Prestigious Number 8970,Plates,Prestigious Number,Sharjah,BuyNow,Closed,2025-11-03 09:00:00,2025-11-04 20:00:00,1.458,2025-11-08 12:00:00,1107480.45,2278510.58,1415255.74,1.61,39,32,552,1.0573822138350164,1171030.13,41.3,1.21875,14.153846153846152,,,False,Monday,9.0,11.0,November,4.0,1.21875,36.49,61.89,High,,0.0,2278510.58
AUC-1093,Prestigious Number 1663,Plates,Prestigious Number,Sharjah,Auction,Closed,2025-09-17 03:00:00,2025-09-17 14:00:00,0.458,2025-11-08 12:00:00,1959470.74,2526769.08,2612248.59,0.9673,29,15,423,0.289516106782998,567298.34,28.825,1.9333333333333331,14.586206896551724,,,False,Wednesday,3.0,9.0,September,3.0,1.933333333333333,10.66,46.4,High,,0.0,2526769.08
AUC-1094,Prestigious Number 4622,Plates,Prestigious Number,Sharjah,Auction,Closed,2025-11-01 23:00:00,2025-11-02 07:00:00,0.333,2025-11-08 12:00:00,452623.85,993438.67,634515.57,1.5657,40,21,673,1.194843842188166,540814.82,42.075,1.9047619047619049,16.825,,,False,Saturday,23.0,11.0,November,4.0,1.9047619047619049,41.01,64.61,High,,0.0,993438.67
AUC-1095,Prestigious Number 1096,Plates,Prestigious Number,Sharjah,BuyNow,Closed,2025-11-03 02:00:00,2025-11-04 14:00:00,1.5,2025-11-08 12:00:00,537649.81,769129.94,675814.29,1.1381,39,18,661,0.4305407082725461,231480.13,40.525,2.1666666666666665,16.94871794871795,,,False,Monday,2.0,11.0,November,4.0,2.1666666666666665,15.58,9.35,High,,0.0,0.0
AUC-1096,Prestigious Number 8365,Plates,Prestigious Number,Sharjah,Auction,Closed,2025-10-20 00:00:00,2025-10-22 00:00:00,2.0,2025-11-08 12:00:00,563054.46,705950.81,784774.77,0.8996,45,26,495,0.253787795233875,142896.35,41.375,1.7307692307692308,11.0,,,False,Monday,0.0,10.0,October,4.0,1.7307692307692308,10.18,46.11,High,,0.0,705950.81
AUC-1097,Prestigious Number 2106,Plates,Prestigious Number,Sharjah,Auction,Closed,2025-10-08 23:00:00,2025-10-09 20:00:00,0.875,2025-11-08 12:00:00,1267417.56,1371476.19,1788868.89,0.7667,3,2,54,0.082102878549355,104058.63,3.35,1.5,18.0,,,False,Wednesday,23.0,10.0,October,4.0,1.5,2.84,41.7,High,,0.0,1371476.19
AUC-1098,Prestigious Number 8398,Plates,Prestigious Number,Sharjah,Auction,Closed,2025-09-12 23:00:00,2025-09-15 05:00:00,2.25,2025-11-08 12:00:00,887941.7,1104436.76,1141840.74,0.9672,18,13,199,0.2438167505817105,216495.06,17.225,1.3846153846153846,11.055555555555555,,,False,Friday,23.0,9.0,September,3.0,1.3846153846153846,8.84,45.3,High,,0.0,1104436.76
AUC-1099,Prestigious Number 2403,Plates,Prestigious Number,Sharjah,Auction,Closed,2025-09-20 00:00:00,2025-09-21 06:00:00,1.25,2025-11-08 12:00:00,1962582.3,2790715.63,2478233.96,1.1261,34,21,808,0.4219610713904838,828133.33,42.45,1.619047619047619,23.764705882352946,,,False,Saturday,0.0,9.0,September,3.0,1.619047619047619,15.23,49.14,High,,0.0,2790715.63
AUC-1100,Prestigious Number 1138,Plates,Prestigious Number,Sharjah,Auction,Closed,2025-10-27 06:00:00,2025-10-27 10:00:00,0.167,2025-11-08 12:00:00,824969.92,869997.63,1131507.29,0.7689,8,4,116,0.054581032481766,45027.71,7.9,2.0,14.5,,,False,Monday,6.0,10.0,October,4.0,2.0,2.06,41.24,High,,0.0,869997.63
AUC-1101,Prestigious Number 8909,Plates,Prestigious Number,Sharjah,BuyNow,Closed,2025-10-14 07:00:00,2025-10-15 23:00:00,1.667,2025-11-08 12:00:00,1143929.87,1346741.83,1579027.96,0.8529,46,30,521,0.1772940503774064,202811.96,43.525,1.5333333333333334,11.326086956521738,,,False,Tuesday,7.0,10.0,October,4.0,1.5333333333333334,7.63,4.58,High,,0.0,0.0
AUC-1102,Prestigious Number 4948,Plates,Prestigious Number,Sharjah,Auction,Closed,2025-09-21 00:00:00,2025-09-21 16:00:00,0.667,2025-11-08 12:00:00,1325999.7,1897601.55,1732786.99,1.0951,45,22,1265,0.4310723825955617,571601.85,59.625,2.0454545454545454,28.11111111111111,,,False,Sunday,0.0,9.0,September,3.0,2.0454545454545454,15.8,49.48,High,,0.0,1897601.55
AUC-1103,Prestigious Number 4824,Plates,Prestigious Number,Sharjah,Auction,Closed,2025-10-06 23:00:00,2025-10-07 03:00:00,0.167,2025-11-08 12:00:00,526433.83,762799.96,716489.43,1.0646,3,1,35,0.4489949477601012,236366.13,2.625,3.0,11.666666666666666,,,False,Monday,23.0,10.0,October,4.0,3.0,15.08,49.05,High,,0.0,762799.96
AUC-1104,Prestigious Number 6819,Plates,Prestigious Number,Sharjah,Auction,Closed,2025-10-27 03:00:00,2025-10-27 15:00:00,0.5,2025-11-08 12:00:00,1197126.85,2455483.66,1730934.77,1.4186,2,1,45,1.051147428528564,1258356.81,2.375,2.0,22.5,,,False,Monday,3.0,10.0,October,4.0,2.0,35.1,61.06,High,,0.0,2455483.66
AUC-1105,Prestigious Number 3474,Plates,Prestigious Number,Sharjah,BuyNow,Closed,2025-10-13 19:00:00,2025-10-14 18:00:00,0.958,2025-11-08 12:00:00,618998.8,717775.21,809737.53,0.8864,10,6,104,0.1595744773657071,98776.41,9.1,1.6666666666666667,10.4,,,False,Monday,19.0,10.0,October,4.0,1.6666666666666667,5.7,3.42,High,,0.0,0.0
AUC-1106,Prestigious Number 7216,Plates,Prestigious Number,Sharjah,Auction,Closed,2025-09-28 23:00:00,2025-09-30 14:00:00,1.746,2025-11-08 12:00:00,1400162.65,2714995.44,1980570.85,1.3708,63,23,1669,0.9390571802497376,1314832.79,78.975,2.739130434782609,26.49206349206349,,,False,Sunday,23.0,9.0,September,3.0,2.739130434782609,33.34,60.0,High,,0.0,2714995.44
AUC-1107,Prestigious Number 4861,Plates,Prestigious Number,Sharjah,BuyNow,Closed,2025-09-06 21:00:00,2025-09-09 20:00:00,2.958,2025-11-08 12:00:00,1184882.52,1877246.52,1690585.25,1.1104,42,18,444,0.5843313478875526,692364.0,36.6,2.333333333333333,10.571428571428571,,,False,Saturday,21.0,9.0,September,3.0,2.333333333333333,21.02,52.61,High,,0.0,1877246.52
AUC-1108,Prestigious Number 3453,Plates,Prestigious Number,Sharjah,Auction,Closed,2025-09-28 15:00:00,2025-09-29 09:00:00,0.75,2025-11-08 12:00:00,2243882.03,2875700.82,2975690.54,0.9664,22,17,539,0.2815739782897589,631818.79,28.725,1.2941176470588236,24.5,,,False,Sunday,15.0,9.0,September,3.0,1.2941176470588236,10.09,6.05,High,,0.0,0.0
AUC-1109,Prestigious Number 4553,Plates,Prestigious Number,Sharjah,Auction,Closed,2025-11-06 16:00:00,2025-11-06 23:00:00,0.292,2025-11-08 12:00:00,2643938.53,5755410.47,3709950.22,1.5513,60,20,1784,1.1768321784697469,3111471.94,79.6,3.0,29.73333333333333,,,False,Thursday,16.0,11.0,November,4.0,3.0,41.24,64.74,High,,0.0,5755410.47
AUC-1110,Prestigious Number 1055,Plates,Prestigious Number,Sharjah,BuyNow,Closed,2025-09-25 02:00:00,2025-09-25 19:00:00,0.708,2025-11-08 12:00:00,1472013.14,1803458.42,1841356.28,0.9794,48,17,1434,0.2251646204734287,331445.28,64.1,2.823529411764706,29.875,,,False,Thursday,2.0,9.0,September,3.0,2.823529411764706,8.85,5.31,High,,0.0,0.0
AUC-1111,Prestigious Number 3712,Plates,Prestigious Number,Sharjah,Auction,Closed,2025-10-21 23:00:00,2025-10-23 00:00:00,1.042,2025-11-08 12:00:00,1105037.81,1481371.01,1406159.3,1.0535,41,12,420,0.3405613786192528,376333.2,34.0,3.4166666666666665,10.24390243902439,,,False,Tuesday,23.0,10.0,October,4.0,3.4166666666666665,12.79,47.67,High,,0.0,1481371.01
AUC-1112,Prestigious Number 6322,Plates,Prestigious Number,Sharjah,Auction,Closed,2025-09-16 17:00:00,2025-09-17 10:00:00,0.708,2025-11-08 12:00:00,506394.9,837432.53,667028.79,1.2555,3,1,33,0.6537143837744022,331037.63,2.575,3.0,11.0,,,False,Tuesday,17.0,9.0,September,3.0,3.0,21.88,13.13,High,,0.0,0.0
AUC-1113,Prestigious Number 2240,Plates,Prestigious Number,Sharjah,BuyNow,Closed,2025-10-13 13:00:00,2025-10-14 14:00:00,1.042,2025-11-08 12:00:00,1499542.74,2750108.91,2051856.57,1.3403,3,1,82,0.8339650058923963,1250566.17,3.8,3.0,27.33333333333333,,,False,Monday,13.0,10.0,October,4.0,3.0,27.89,16.73,High,,0.0,0.0
AUC-1114,Prestigious Number 2066,Plates,Prestigious Number,Sharjah,Auction,Closed,2025-10-24 08:00:00,2025-10-27 05:00:00,2.955,2025-11-08 12:00:00,2034238.88,4457535.46,2777189.15,1.6051,67,24,1623,1.1912546770318342,2423296.58,80.075,2.7916666666666665,24.22388059701493,,,False,Friday,8.0,10.0,October,4.0,2.7916666666666665,41.99,65.19,High,,0.0,4457535.46
AUC-1115,Prestigious Number 6902,Plates,Prestigious Number,Sharjah,Auction,Closed,2025-10-08 15:00:00,2025-10-09 20:00:00,1.208,2025-11-08 12:00:00,1991673.23,3627202.59,2809845.8,1.2909,56,26,701,0.8211835834134297,1635529.36,52.025,2.1538461538461537,12.517857142857142,,,False,Wednesday,15.0,10.0,October,4.0,2.1538461538461537,29.22,57.53,High,,0.0,3627202.59
AUC-1116,Prestigious Number 4853,Plates,Prestigious Number,Sharjah,Auction,Closed,2025-10-20 18:00:00,2025-10-22 17:00:00,1.958,2025-11-08 12:00:00,2405753.12,4229565.67,3106387.63,1.3616,29,9,290,0.7581046179834112,1823812.55,24.0,3.2222222222222223,10.0,,,False,Monday,18.0,10.0,October,4.0,3.2222222222222223,26.28,55.77,High,,0.0,4229565.67
AUC-1117,Prestigious Number 2229,Plates,Prestigious Number,Sharjah,Auction,Closed,2025-10-22 02:00:00,2025-10-24 04:00:00,2.083,2025-11-08 12:00:00,61159.91,94764.81,86380.78,1.0971,22,9,424,0.5494596051563841,33604.9,23.85,2.4444444444444446,19.272727272727277,,,False,Wednesday,2.0,10.0,October,4.0,2.4444444444444446,19.08,51.45,Mid,,0.0,94764.81
AUC-1118,Prestigious Number 7729,Plates,Prestigious Number,Sharjah,Auction,Closed,2025-10-04 00:00:00,2025-10-04 12:00:00,0.5,2025-11-08 12:00:00,1911509.27,3783047.41,2705119.39,1.3985,27,14,608,0.9790892303650718,1871538.14,32.2,1.9285714285714288,22.51851851851852,,,False,Saturday,0.0,10.0,October,4.0,1.9285714285714288,33.44,60.06,High,,0.0,3783047.41
AUC-1119,Prestigious Number 7978,Plates,Prestigious Number,Sharjah,Auction,Closed,2025-09-21 00:00:00,2025-09-21 20:00:00,0.833,2025-11-08 12:00:00,2057890.78,3039131.44,2749261.96,1.1054,27,22,272,0.4768186288292714,981240.66,25.8,1.2272727272727273,10.074074074074074,,,False,Sunday,0.0,9.0,September,3.0,1.2272727272727273,16.95,50.17,High,,0.0,3039131.44
AUC-1120,Prestigious Number 1312,Plates,Prestigious Number,Sharjah,Auction,Closed,2025-09-16 22:00:00,2025-09-18 06:00:00,1.333,2025-11-08 12:00:00,1030648.15,1726543.25,1386035.19,1.2457,54,21,1237,0.6752014254331121,695895.1,63.175,2.571428571428572,22.90740740740741,,,False,Tuesday,22.0,9.0,September,3.0,2.571428571428572,24.22,54.53,High,,0.0,1726543.25
AUC-1121,Prestigious Number 2814,Plates,Prestigious Number,Sharjah,BuyNow,Closed,2025-10-13 04:00:00,2025-10-14 15:00:00,1.458,2025-11-08 12:00:00,2646682.23,4696131.3,3417910.8,1.374,48,20,1002,0.7743464805746627,2049449.07,54.05,2.4,20.875,,,False,Monday,4.0,10.0,October,4.0,2.4,27.44,56.46,High,,0.0,4696131.3
AUC-1122,Prestigious Number 4332,Plates,Prestigious Number,Sharjah,Auction,Closed,2025-11-02 21:00:00,2025-11-03 01:00:00,0.167,2025-11-08 12:00:00,2488969.82,5118961.33,3199474.1,1.5999,6,2,96,1.0566586580788675,2629991.51,5.9,3.0,16.0,,,False,Sunday,21.0,11.0,November,4.0,3.0,35.4,21.24,High,,0.0,0.0
AUC-1123,Prestigious Number 7581,Plates,Prestigious Number,Sharjah,Auction,Closed,2025-10-07 03:00:00,2025-10-09 02:00:00,1.958,2025-11-08 12:00:00,2186188.75,3407385.94,3051194.89,1.1167,24,15,359,0.5585964112202114,1221197.19,24.725,1.6,14.958333333333334,,,False,Tuesday,3.0,10.0,October,4.0,1.6,19.43,11.66,High,,0.0,0.0
AUC-1124,Prestigious Number 1666,Plates,Prestigious Number,Sharjah,Auction,Closed,2025-10-10 19:00:00,2025-10-11 19:00:00,1.11,2025-11-08 12:00:00,2152734.23,3797101.25,2787258.94,1.3623,80,26,828,0.7638504544985101,1644367.02,67.2,3.076923076923077,10.35,,,False,Friday,19.0,10.0,October,4.0,3.076923076923077,28.3,56.98,High,,0.0,3797101.25
AUC-1125,Prestigious Number 8249,Plates,Prestigious Number,Sharjah,BuyNow,Closed,2025-10-25 14:00:00,2025-10-26 15:00:00,1.042,2025-11-08 12:00:00,470308.59,975497.37,592227.4,1.6472,26,21,295,1.0741644757115747,505188.78,25.625,1.238095238095238,11.346153846153848,,,False,Saturday,14.0,10.0,October,4.0,1.238095238095238,36.86,62.12,High,,0.0,975497.37
AUC-1126,Prestigious Number 3874,Plates,Prestigious Number,Sharjah,Auction,Closed,2025-09-13 11:00:00,2025-09-15 08:00:00,1.95,2025-11-08 12:00:00,1955707.93,4000710.2,2701597.92,1.4809,71,28,813,1.0456583207698096,2045002.27,62.825,2.5357142857142856,11.450704225352112,,,False,Saturday,11.0,9.0,September,3.0,2.5357142857142856,37.51,62.51,High,,0.0,4000710.2
AUC-1127,Prestigious Number 2127,Plates,Prestigious Number,Sharjah,BuyNow,Closed,2025-09-07 10:00:00,2025-09-10 06:00:00,2.833,2025-11-08 12:00:00,306265.47,471591.8,383149.4,1.2308,51,24,561,0.5398138092420279,165326.33,45.525,2.125,11.0,,,False,Sunday,10.0,9.0,September,3.0,2.125,19.8,51.88,High,,0.0,471591.8
AUC-1128,Prestigious Number 8769,Plates,Prestigious Number,Sharjah,Auction,Closed,2025-11-01 13:00:00,2025-11-04 03:00:00,2.684,2025-11-08 12:00:00,2041644.14,3214755.33,2695653.59,1.1926,61,31,718,0.5745914123898204,1173111.19,56.2,1.967741935483871,11.770491803278688,,,False,Saturday,13.0,11.0,November,4.0,1.967741935483871,20.92,12.55,High,,0.0,0.0
AUC-1129,Prestigious Number 1780,Plates,Prestigious Number,Sharjah,Auction,Closed,2025-09-17 18:00:00,2025-09-20 16:00:00,2.917,2025-11-08 12:00:00,534886.27,730390.43,742395.7,0.9838,44,20,1091,0.3655060355166716,195504.16,54.275,2.2,24.795454545454547,,,False,Wednesday,18.0,9.0,September,3.0,2.2,13.61,8.17,High,,0.0,0.0
AUC-1130,Prestigious Number 2166,Plates,Prestigious Number,Ajman,BuyNow,Closed,2025-09-28 09:00:00,2025-09-29 17:00:00,1.333,2025-11-08 12:00:00,1150887.48,2031389.23,1582941.45,1.2833,34,20,1004,0.7650632796874287,880501.75,47.1,1.7,29.529411764705884,,,False,Sunday,9.0,9.0,September,3.0,1.7,26.55,55.93,High,,0.0,2031389.23
AUC-1131,Prestigious Number 9545,Plates,Prestigious Number,Ajman,BuyNow,Closed,2025-10-22 03:00:00,2025-10-22 15:00:00,0.5,2025-11-08 12:00:00,904607.57,1342327.03,1158453.39,1.1587,31,19,744,0.483877732749904,437719.46,38.85,1.631578947368421,24.0,,,False,Wednesday,3.0,10.0,October,4.0,1.631578947368421,17.26,50.36,High,,0.0,1342327.03
AUC-1132,Prestigious Number 5675,Plates,Prestigious Number,Ajman,Auction,Closed,2025-09-29 15:00:00,2025-09-30 09:00:00,0.75,2025-11-08 12:00:00,2228073.74,4776662.47,2948520.54,1.62,27,9,710,1.1438529543461158,2548588.73,33.5,3.0,26.296296296296298,,,False,Monday,15.0,9.0,September,3.0,3.0,38.9,63.34,High,,0.0,4776662.47
AUC-1133,Prestigious Number 5166,Plates,Prestigious Number,Ajman,Auction,Closed,2025-10-30 03:00:00,2025-10-31 06:00:00,1.125,2025-11-08 12:00:00,881798.11,1540547.37,1112950.66,1.3842,26,15,307,0.747052247594407,658749.26,24.425,1.7333333333333334,11.807692307692308,,,False,Thursday,3.0,10.0,October,4.0,1.7333333333333334,25.92,55.55,High,,0.0,1540547.37
AUC-1134,Prestigious Number 7185,Plates,Prestigious Number,Ajman,Auction,Closed,2025-11-02 06:00:00,2025-11-03 06:00:00,1.0,2025-11-08 12:00:00,2515138.95,3708532.95,3204531.23,1.1573,17,6,206,0.4744843222280025,1193394.0,15.15,2.833333333333333,12.117647058823527,,,False,Sunday,6.0,11.0,November,4.0,2.833333333333333,16.31,49.79,High,,0.0,3708532.95
AUC-1135,Prestigious Number 6671,Plates,Prestigious Number,Ajman,Auction,Closed,2025-09-08 13:00:00,2025-09-09 07:00:00,0.75,2025-11-08 12:00:00,1383527.74,2793637.79,1899214.44,1.4709,43,15,857,1.0192134275529596,1410110.05,46.675,2.8666666666666667,19.930232558139537,,,False,Monday,13.0,9.0,September,3.0,2.8666666666666667,35.15,61.09,High,,0.0,2793637.79
AUC-1136,Prestigious Number 6521,Plates,Prestigious Number,Ajman,BuyNow,Closed,2025-09-28 23:00:00,2025-09-29 13:00:00,0.583,2025-11-08 12:00:00,849837.18,1283164.44,1095408.59,1.1714,8,6,85,0.5098944482518403,433327.26,7.625,1.3333333333333333,10.625,,,False,Sunday,23.0,9.0,September,3.0,1.3333333333333333,17.31,50.39,High,,0.0,1283164.44
AUC-1137,Prestigious Number 1209,Plates,Prestigious Number,Ajman,BuyNow,Closed,2025-10-22 04:00:00,2025-10-22 20:00:00,0.667,2025-11-08 12:00:00,526141.44,988931.1,664297.43,1.4887,55,17,1383,0.879591731075203,462789.66,66.325,3.235294117647059,25.145454545454545,,,False,Wednesday,4.0,10.0,October,4.0,3.235294117647059,30.9,58.54,High,,0.0,988931.1
AUC-1138,Prestigious Number 5965,Plates,Prestigious Number,Ajman,Auction,Closed,2025-10-09 06:00:00,2025-10-11 06:00:00,2.148,2025-11-08 12:00:00,1588734.53,2952911.92,2256293.19,1.3087,100,33,2765,0.8586566001054939,1364177.39,127.375,3.0303030303030303,27.65,,,False,Thursday,6.0,10.0,October,4.0,3.0303030303030303,31.31,58.79,High,,0.0,2952911.92
AUC-1139,Prestigious Number 3508,Plates,Prestigious Number,Ajman,Auction,Closed,2025-09-09 08:00:00,2025-09-10 21:00:00,1.542,2025-11-08 12:00:00,42803.18,56566.44,56343.76,1.004,48,16,967,0.3215476046405898,13763.26,52.175,3.0,20.14583333333333,,,False,Tuesday,8.0,9.0,September,3.0,3.0,12.28,47.37,Mid,,0.0,56566.44
AUC-1140,Prestigious Number 8268,Plates,Prestigious Number,Ajman,Auction,Closed,2025-10-11 11:00:00,2025-10-11 17:00:00,0.303,2025-11-08 12:00:00,715722.27,1113614.69,1037184.97,1.0737,80,26,938,0.5559313111774487,397892.42,69.95,3.076923076923077,11.725,,,False,Saturday,11.0,10.0,October,4.0,3.076923076923077,21.5,52.9,High,,0.0,1113614.69
AUC-1141,Prestigious Number 5548,Plates,Prestigious Number,Ajman,Auction,Closed,2025-09-12 00:00:00,2025-09-13 18:00:00,1.75,2025-11-08 12:00:00,470173.03,635546.81,630488.46,1.008,38,15,567,0.3517296174984771,165373.78,36.925,2.533333333333333,14.921052631578949,,,False,Friday,0.0,9.0,September,3.0,2.533333333333333,12.87,47.72,High,,0.0,635546.81
AUC-1142,Prestigious Number 2113,Plates,Prestigious Number,Ajman,Auction,Closed,2025-09-13 16:00:00,2025-09-16 05:00:00,2.629,2025-11-08 12:00:00,697380.3,1242567.55,924829.5,1.3436,108,31,2914,0.7817646268470732,545187.25,134.6,3.4838709677419355,26.98148148148148,,,False,Saturday,16.0,9.0,September,3.0,3.4838709677419355,29.38,57.63,High,,0.0,1242567.55
AUC-1143,Prestigious Number 8975,Plates,Prestigious Number,Ajman,Auction,Closed,2025-10-16 23:00:00,2025-10-18 07:00:00,1.333,2025-11-08 12:00:00,1437438.68,2156824.33,2078909.55,1.0375,13,8,360,0.5004635397733976,719385.65,17.5,1.625,27.692307692307693,,,False,Thursday,23.0,10.0,October,4.0,1.625,17.09,50.25,High,,0.0,2156824.33
AUC-1144,Prestigious Number 3558,Plates,Prestigious Number,Ajman,Auction,Closed,2025-09-25 16:00:00,2025-09-26 17:00:00,1.042,2025-11-08 12:00:00,1781364.03,2519271.39,2333708.61,1.0795,40,29,1090,0.414237262891179,737907.36,54.5,1.3793103448275863,27.25,,,False,Thursday,16.0,9.0,September,3.0,1.3793103448275863,15.24,9.14,High,,0.0,0.0
AUC-1145,Prestigious Number 3442,Plates,Prestigious Number,Ajman,Auction,Closed,2025-09-28 00:00:00,2025-09-28 22:00:00,1.058,2025-11-08 12:00:00,525432.34,620947.28,684141.34,0.9076,70,25,1848,0.1817835194537132,95514.94,87.45,2.8,26.4,,,False,Sunday,0.0,9.0,September,3.0,2.8,8.18,44.91,High,,0.0,620947.28
AUC-1146,Prestigious Number 9425,Plates,Prestigious Number,Ajman,BuyNow,Closed,2025-09-21 03:00:00,2025-09-22 08:00:00,1.208,2025-11-08 12:00:00,86256.2,92761.62,116345.92,0.7973,58,31,998,0.0754197379434753,6505.42,61.7,1.870967741935484,17.20689655172414,,,False,Sunday,3.0,9.0,September,3.0,1.870967741935484,4.53,2.72,Mid,,0.0,0.0
AUC-1147,Prestigious Number 7975,Plates,Prestigious Number,Ajman,Auction,Closed,2025-10-15 22:00:00,2025-10-16 20:00:00,0.917,2025-11-08 12:00:00,1248645.97,1753693.55,1757830.99,0.9976,13,5,304,0.4044762023297925,505047.58,15.35,2.6,23.384615384615383,,,False,Wednesday,22.0,10.0,October,4.0,2.6,13.9,48.34,High,,0.0,1753693.55
AUC-1148,Prestigious Number 8734,Plates,Prestigious Number,Ajman,Auction,Closed,2025-10-31 21:00:00,2025-11-03 15:00:00,2.857,2025-11-08 12:00:00,239211.84,276146.4,338268.73,0.8164,65,31,738,0.1544010530582434,36934.56,58.7,2.096774193548387,11.353846153846154,,,False,Friday,21.0,10.0,October,4.0,2.096774193548387,7.61,44.57,High,,0.0,276146.4
AUC-1149,Prestigious Number 6959,Plates,Prestigious Number,Ajman,Auction,Closed,2025-10-24 19:00:00,2025-10-27 18:00:00,3.097,2025-11-08 12:00:00,1773919.55,3275761.6,2306921.36,1.42,61,31,1079,0.8466235405094893,1501842.05,65.225,1.967741935483871,17.688524590163933,,,False,Friday,19.0,10.0,October,4.0,1.967741935483871,30.38,58.23,High,,0.0,3275761.6
AUC-1150,Prestigious Number 9193,Plates,Prestigious Number,Ajman,Auction,Closed,2025-09-30 13:00:00,2025-10-01 16:00:00,1.125,2025-11-08 12:00:00,991297.36,2143036.03,1423501.22,1.5055,36,11,871,1.1618498308116143,1151738.67,42.525,3.272727272727273,24.194444444444443,,,False,Tuesday,13.0,9.0,September,3.0,3.272727272727273,39.95,63.97,High,,0.0,2143036.03
AUC-1151,Prestigious Number 2037,Plates,Prestigious Number,Ajman,Auction,Closed,2025-09-19 06:00:00,2025-09-22 00:00:00,2.75,2025-11-08 12:00:00,1813232.89,3651926.55,2608829.5,1.3998,34,22,814,1.0140416435971444,1838693.66,42.85,1.5454545454545454,23.94117647058824,,,False,Friday,6.0,9.0,September,3.0,1.5454545454545454,34.98,60.99,High,,0.0,3651926.55
AUC-1152,Prestigious Number 6399,Plates,Prestigious Number,Ajman,Auction,Closed,2025-09-20 14:00:00,2025-09-23 04:00:00,2.583,2025-11-08 12:00:00,2626070.6,5766923.5,3683536.72,1.5656,33,20,679,1.1960275934698783,3140852.9,38.475,1.65,20.57575757575757,,,False,Saturday,14.0,9.0,September,3.0,1.65,40.93,64.56,High,,0.0,5766923.5
AUC-1153,Prestigious Number 3640,Plates,Prestigious Number,Ajman,Auction,Closed,2025-10-02 06:00:00,2025-10-02 15:00:00,0.375,2025-11-08 12:00:00,827928.22,1158836.62,1200126.7,0.9656,5,2,149,0.3996824748889465,330908.4,6.725,2.5,29.8,,,False,Thursday,6.0,10.0,October,4.0,2.5,13.48,48.09,High,,0.0,1158836.62
AUC-1154,Prestigious Number 4585,Plates,Prestigious Number,Ajman,Auction,Closed,2025-10-31 15:00:00,2025-11-02 04:00:00,1.542,2025-11-08 12:00:00,90917.43,166321.05,127555.96,1.3039,54,18,1001,0.8293637424639038,75403.62,56.525,3.0,18.53703703703704,,,False,Friday,15.0,10.0,October,4.0,3.0,29.38,57.63,Mid,,0.0,166321.05
AUC-1155,Prestigious Number 3140,Plates,Prestigious Number,Ajman,BuyNow,Closed,2025-11-04 00:00:00,2025-11-06 00:00:00,2.061,2025-11-08 12:00:00,2153011.01,3891504.11,2957508.45,1.3158,72,23,1637,0.8074706036918967,1738493.1,82.675,3.130434782608696,22.73611111111111,,,False,Tuesday,0.0,11.0,November,4.0,3.130434782608696,28.98,57.39,High,,0.0,3891504.11
AUC-1156,Prestigious Number 2845,Plates,Prestigious Number,Ajman,Auction,Closed,2025-09-21 04:00:00,2025-09-22 12:00:00,1.333,2025-11-08 12:00:00,807287.85,1062365.01,1128786.97,0.9412,12,7,345,0.315968040396,255077.16,16.375,1.7142857142857142,28.75,,,False,Sunday,4.0,9.0,September,3.0,1.7142857142857142,10.89,46.53,High,,0.0,1062365.01
AUC-1157,Prestigious Number 4982,Plates,Prestigious Number,Ajman,Auction,Closed,2025-10-04 16:00:00,2025-10-06 03:00:00,1.458,2025-11-08 12:00:00,931010.73,1435023.09,1324548.06,1.0834,42,13,539,0.5413604201962313,504012.36,37.725,3.230769230769231,12.833333333333334,,,False,Saturday,16.0,10.0,October,4.0,3.230769230769231,19.33,51.6,High,,0.0,1435023.09
AUC-1158,Prestigious Number 9263,Plates,Prestigious Number,Ajman,Auction,Closed,2025-09-20 18:00:00,2025-09-22 07:00:00,1.542,2025-11-08 12:00:00,2371415.84,4641451.31,3252808.83,1.4269,52,20,1393,0.9572490120501176,2270035.47,65.825,2.6,26.78846153846154,,,False,Saturday,18.0,9.0,September,3.0,2.6,33.39,20.03,High,,0.0,0.0
AUC-1159,Prestigious Number 6717,Plates,Prestigious Number,Ajman,BuyNow,Closed,2025-10-27 08:00:00,2025-10-29 10:00:00,2.145,2025-11-08 12:00:00,2528665.47,3736686.74,3221585.21,1.1599,99,32,1253,0.4777307573231503,1208021.27,88.825,3.09375,12.656565656565656,,,False,Monday,8.0,10.0,October,4.0,3.09375,18.8,51.28,High,,0.0,3736686.74
AUC-1160,Prestigious Number 4143,Plates,Prestigious Number,Ajman,Auction,Closed,2025-10-13 02:00:00,2025-10-14 01:00:00,0.958,2025-11-08 12:00:00,306450.42,361669.65,385917.9,0.9372,4,3,53,0.1801897677281696,55219.23,4.075,1.3333333333333333,13.25,,,False,Monday,2.0,10.0,October,4.0,1.3333333333333333,6.15,43.69,High,,0.0,361669.65
AUC-1161,Prestigious Number 4900,Plates,Prestigious Number,Ajman,BuyNow,Closed,2025-09-11 05:00:00,2025-09-13 01:00:00,1.977,2025-11-08 12:00:00,1422842.68,2672392.72,1851005.16,1.4438,65,32,657,0.8782067459488918,1249550.04,56.925,2.03125,10.107692307692307,,,False,Thursday,5.0,9.0,September,3.0,2.03125,31.65,18.99,High,,0.0,0.0
AUC-1162,Prestigious Number 5767,Plates,Prestigious Number,Ajman,Auction,Closed,2025-10-27 00:00:00,2025-10-27 20:00:00,0.887,2025-11-08 12:00:00,14855.03,17628.84,20363.27,0.8657,67,28,1656,0.1867253044928215,2773.81,81.9,2.392857142857143,24.71641791044776,,,False,Monday,0.0,10.0,October,4.0,2.392857142857143,8.22,44.93,Mid,,0.0,17628.84
AUC-1163,Prestigious Number 3200,Plates,Prestigious Number,Ajman,Auction,Closed,2025-11-01 12:00:00,2025-11-04 04:00:00,2.718,2025-11-08 12:00:00,1815084.56,2340299.46,2541812.18,0.9207,73,29,739,0.289361119351927,525214.9,62.225,2.5172413793103448,10.123287671232877,,,False,Saturday,12.0,11.0,November,4.0,2.5172413793103448,12.26,47.36,High,,0.0,2340299.46
AUC-1164,Prestigious Number 5690,Plates,Prestigious Number,Ajman,Auction,Closed,2025-09-28 21:00:00,2025-09-29 06:00:00,0.375,2025-11-08 12:00:00,867027.65,1400935.69,1135449.75,1.2338,3,2,37,0.6157912495639556,533908.04,2.925,1.5,12.333333333333334,,,False,Sunday,21.0,9.0,September,3.0,1.5,20.62,52.37,High,,0.0,1400935.69
AUC-1165,Prestigious Number 7262,Plates,Prestigious Number,Ajman,Auction,Closed,2025-10-02 18:00:00,2025-10-03 02:00:00,0.333,2025-11-08 12:00:00,2357921.66,3204834.93,3038370.72,1.0548,49,20,587,0.35917786598559,846913.27,44.175,2.45,11.979591836734691,,,False,Thursday,18.0,10.0,October,4.0,2.45,13.84,48.3,High,,0.0,3204834.93
AUC-1166,Prestigious Number 3188,Plates,Prestigious Number,Ajman,Auction,Closed,2025-09-11 00:00:00,2025-09-11 06:00:00,0.25,2025-11-08 12:00:00,1749238.82,2983529.37,2432621.59,1.2265,35,13,816,0.7056158003628116,1234290.55,41.15,2.6923076923076925,23.314285714285717,,,False,Thursday,0.0,9.0,September,3.0,2.6923076923076925,24.66,54.8,High,,0.0,2983529.37
AUC-1167,Prestigious Number 6259,Plates,Prestigious Number,Ajman,Auction,Closed,2025-09-12 18:00:00,2025-09-13 21:00:00,1.208,2025-11-08 12:00:00,1135947.04,1606341.24,1440647.09,1.115,65,32,1397,0.4140987065735035,470394.2,75.425,2.03125,21.49230769230769,,,False,Friday,18.0,9.0,September,3.0,2.03125,15.96,49.58,High,,0.0,1606341.24
AUC-1168,Prestigious Number 7374,Plates,Prestigious Number,Ajman,Auction,Closed,2025-09-22 11:00:00,2025-09-24 08:00:00,2.015,2025-11-08 12:00:00,895221.94,1405833.17,1224673.96,1.1479,61,26,1703,0.5703739008005099,510611.23,79.575,2.3461538461538463,27.918032786885245,,,False,Monday,11.0,9.0,September,3.0,2.3461538461538463,21.12,52.67,High,,0.0,1405833.17
AUC-1169,Prestigious Number 5673,Plates,Prestigious Number,Ajman,Auction,Closed,2025-11-02 20:00:00,2025-11-05 19:00:00,2.958,2025-11-08 12:00:00,1547525.09,2419322.2,2179805.94,1.1099,43,23,1246,0.5633492572323981,871797.11,58.4,1.8695652173913044,28.976744186046517,,,False,Sunday,20.0,11.0,November,4.0,1.8695652173913044,20.22,52.13,High,,0.0,2419322.2
AUC-1170,Prestigious Number 3627,Plates,Prestigious Number,Ajman,Auction,Closed,2025-10-08 19:00:00,2025-10-10 05:00:00,1.417,2025-11-08 12:00:00,1966885.74,2347921.95,2844762.67,0.8253,3,1,56,0.1937256457001921,381036.21,3.15,3.0,18.666666666666668,,,False,Wednesday,19.0,10.0,October,4.0,3.0,6.55,43.93,High,,0.0,2347921.95
AUC-1171,Prestigious Number 5989,Plates,Prestigious Number,Ajman,Auction,Closed,2025-09-14 13:00:00,2025-09-15 05:00:00,0.748,2025-11-08 12:00:00,1245608.33,2493002.3,1581095.11,1.5768,77,30,1643,1.0014335485376848,1247393.97,87.075,2.566666666666667,21.337662337662337,,,False,Sunday,13.0,9.0,September,3.0,2.566666666666667,35.78,61.47,High,,0.0,2493002.3
AUC-1172,Prestigious Number 8138,Plates,Prestigious Number,Ajman,Auction,Closed,2025-10-10 14:00:00,2025-10-11 19:00:00,1.208,2025-11-08 12:00:00,2144087.88,3136182.58,3085827.09,1.0163,42,17,496,0.4627117709372995,992094.7,37.65,2.4705882352941178,11.80952380952381,,,False,Friday,14.0,10.0,October,4.0,2.4705882352941178,17.02,50.21,High,,0.0,3136182.58
AUC-1173,Prestigious Number 2996,Plates,Prestigious Number,Ajman,Auction,Closed,2025-09-10 03:00:00,2025-09-10 15:00:00,0.5,2025-11-08 12:00:00,366824.56,762489.39,517033.55,1.4747,20,6,215,1.0786214260026648,395664.83,16.875,3.333333333333333,10.75,,,False,Wednesday,3.0,9.0,September,3.0,3.333333333333333,36.67,62.0,High,,0.0,762489.39
AUC-1174,Prestigious Number 6171,Plates,Prestigious Number,Ajman,BuyNow,Closed,2025-09-27 22:00:00,2025-09-29 10:00:00,1.604,2025-11-08 12:00:00,1779530.4,2434895.3,2280284.3,1.0678,82,30,1222,0.3682796877198613,655364.9,79.05,2.7333333333333334,14.902439024390244,,,False,Saturday,22.0,9.0,September,3.0,2.7333333333333334,14.93,48.96,High,,0.0,2434895.3
AUC-1175,Prestigious Number 7123,Plates,Prestigious Number,Ajman,Auction,Closed,2025-10-29 15:00:00,2025-10-31 20:00:00,2.208,2025-11-08 12:00:00,2127189.71,2897906.82,2685524.42,1.0791,57,31,600,0.3623170544577332,770717.11,51.25,1.8387096774193548,10.526315789473683,,,False,Wednesday,15.0,10.0,October,4.0,1.8387096774193548,14.21,8.53,High,,0.0,0.0
AUC-1176,Prestigious Number 3893,Plates,Prestigious Number,Ajman,BuyNow,Closed,2025-10-08 03:00:00,2025-10-08 09:00:00,0.25,2025-11-08 12:00:00,418304.5,773338.64,562883.57,1.3739,45,17,1285,0.84874568645568,355034.14,58.875,2.647058823529412,28.55555555555556,,,False,Wednesday,3.0,10.0,October,4.0,2.647058823529412,29.58,57.75,High,,0.0,773338.64
AUC-1177,Prestigious Number 4487,Plates,Prestigious Number,Ajman,Auction,Closed,2025-09-24 06:00:00,2025-09-26 14:00:00,2.438,2025-11-08 12:00:00,1872385.97,2996340.28,2571992.6,1.165,78,23,1234,0.6002791774817666,1123954.31,75.6,3.391304347826087,15.82051282051282,,,False,Wednesday,6.0,9.0,September,3.0,3.391304347826087,22.51,53.51,High,,0.0,2996340.28
AUC-1178,Prestigious Number 8998,Plates,Prestigious Number,Ajman,Auction,Closed,2025-11-02 22:00:00,2025-11-03 17:00:00,0.792,2025-11-08 12:00:00,1872242.07,3192991.06,2433163.41,1.3123,26,21,604,0.7054370859212665,1320748.99,33.35,1.238095238095238,23.23076923076923,,,False,Sunday,22.0,11.0,November,4.0,1.238095238095238,24.44,54.66,High,,0.0,3192991.06
AUC-1179,Prestigious Number 4270,Plates,Prestigious Number,Ajman,BuyNow,Closed,2025-10-16 02:00:00,2025-10-18 03:00:00,2.042,2025-11-08 12:00:00,1133884.38,2364012.08,1642160.03,1.4396,29,11,501,1.0848793066538234,1230127.7,29.775,2.636363636363636,17.275862068965516,,,False,Thursday,2.0,10.0,October,4.0,2.636363636363636,37.05,22.23,High,,0.0,0.0
AUC-1180,Prestigious Number 6383,Plates,Prestigious Number,Ajman,Auction,Closed,2025-09-22 20:00:00,2025-09-25 07:00:00,2.458,2025-11-08 12:00:00,829394.47,1747436.98,1108974.58,1.5757,41,26,462,1.1068828442996492,918042.51,38.55,1.5769230769230769,11.268292682926829,,,False,Monday,20.0,9.0,September,3.0,1.5769230769230769,38.5,63.1,High,,0.0,1747436.98
AUC-1181,Prestigious Number 2347,Plates,Prestigious Number,Ajman,Auction,Closed,2025-10-26 05:00:00,2025-10-28 13:00:00,2.448,2025-11-08 12:00:00,2156729.32,4463801.97,3120133.21,1.4306,105,34,1102,1.0697089470643446,2307072.65,88.55,3.088235294117647,10.495238095238095,,,False,Sunday,5.0,10.0,October,4.0,3.088235294117647,39.4,63.64,High,,0.0,4463801.97
AUC-1182,Prestigious Number 9332,Plates,Prestigious Number,Ajman,Auction,Closed,2025-10-16 07:00:00,2025-10-18 08:00:00,2.192,2025-11-08 12:00:00,1495202.35,2867145.75,2016840.99,1.4216,86,32,960,0.9175636996557688,1371943.4,75.0,2.6875,11.16279069767442,,,False,Thursday,7.0,10.0,October,4.0,2.6875,33.76,60.26,High,,0.0,2867145.75
AUC-1183,Prestigious Number 6370,Plates,Prestigious Number,Ajman,Auction,Closed,2025-09-25 04:00:00,2025-09-27 07:00:00,2.258,2025-11-08 12:00:00,1246684.5,1803021.86,1671252.66,1.0788,81,24,2301,0.4462535308652671,556337.36,104.025,3.375,28.40740740740741,,,False,Thursday,4.0,9.0,September,3.0,3.375,17.57,50.54,High,,0.0,1803021.86
AUC-1184,Prestigious Number 7842,Plates,Prestigious Number,Ajman,Auction,Closed,2025-09-21 19:00:00,2025-09-22 11:00:00,0.667,2025-11-08 12:00:00,2229664.24,3196327.71,2937257.74,1.0882,36,13,677,0.4335466536432407,966663.47,38.175,2.769230769230769,18.80555555555556,,,False,Sunday,19.0,9.0,September,3.0,2.769230769230769,15.57,49.34,High,,0.0,3196327.71
AUC-1185,Prestigious Number 6423,Plates,Prestigious Number,Ajman,Auction,Closed,2025-10-06 14:00:00,2025-10-07 03:00:00,0.542,2025-11-08 12:00:00,1138131.65,2042812.44,1589103.98,1.2855,38,31,929,0.7948823758657446,904680.79,49.975,1.2258064516129032,24.44736842105263,,,False,Monday,14.0,10.0,October,4.0,1.2258064516129032,27.97,56.78,High,,0.0,2042812.44
AUC-1186,Prestigious Number 4199,Plates,Prestigious Number,Ajman,Auction,Closed,2025-09-09 19:00:00,2025-09-11 00:00:00,1.284,2025-11-08 12:00:00,1230436.1,2617167.22,1775372.63,1.4742,76,32,1731,1.127024085200361,1386731.12,89.275,2.375,22.776315789473685,,,False,Tuesday,19.0,9.0,September,3.0,2.375,39.74,63.84,High,,0.0,2617167.22
AUC-1187,Prestigious Number 4062,Plates,Prestigious Number,Ajman,Auction,Closed,2025-09-11 10:00:00,2025-09-13 07:00:00,1.875,2025-11-08 12:00:00,1335407.32,2092411.23,1784205.17,1.1727,3,1,32,0.5668711700636776,757003.91,2.55,3.0,10.666666666666666,,,False,Thursday,10.0,9.0,September,3.0,3.0,19.0,51.4,High,,0.0,2092411.23
AUC-1188,Prestigious Number 7310,Plates,Prestigious Number,Ajman,Auction,Closed,2025-10-07 19:00:00,2025-10-09 17:00:00,1.917,2025-11-08 12:00:00,2557667.61,4669728.39,3632133.28,1.2857,21,12,584,0.8257760984039673,2112060.78,28.1,1.75,27.80952380952381,,,False,Tuesday,19.0,10.0,October,4.0,1.75,28.13,56.88,High,,0.0,4669728.39
AUC-1189,Prestigious Number 8737,Plates,Prestigious Number,Ajman,Auction,Closed,2025-10-26 06:00:00,2025-10-28 14:00:00,2.333,2025-11-08 12:00:00,1015639.17,2086665.8,1357833.41,1.5368,26,19,269,1.054534584364248,1071026.63,24.475,1.368421052631579,10.346153846153848,,,False,Sunday,6.0,10.0,October,4.0,1.368421052631579,36.16,61.7,High,,0.0,2086665.8
AUC-1190,Prestigious Number 2148,Plates,Prestigious Number,Ajman,Auction,Closed,2025-09-20 20:00:00,2025-09-21 20:00:00,1.0,2025-11-08 12:00:00,1184036.45,2098461.9,1541673.43,1.3612,57,20,781,0.772295016762364,914425.45,53.025,2.85,13.701754385964913,,,False,Saturday,20.0,9.0,September,3.0,2.85,27.71,56.63,High,,0.0,2098461.9
AUC-1191,Prestigious Number 8608,Plates,Prestigious Number,Ajman,Auction,Closed,2025-10-21 03:00:00,2025-10-23 17:00:00,2.583,2025-11-08 12:00:00,242321.8,411172.27,339258.08,1.212,59,25,1687,0.6968026401256513,168850.47,77.925,2.36,28.59322033898305,,,False,Tuesday,3.0,10.0,October,4.0,2.36,24.9,54.94,High,,0.0,411172.27
AUC-1192,Prestigious Number 8469,Plates,Prestigious Number,Ajman,Auction,Closed,2025-09-16 19:00:00,2025-09-18 05:00:00,1.417,2025-11-08 12:00:00,1740547.65,3339748.31,2250570.25,1.484,24,18,451,0.918791657326934,1599200.66,27.775,1.3333333333333333,18.791666666666668,,,False,Tuesday,19.0,9.0,September,3.0,1.3333333333333333,31.39,58.83,High,,0.0,3339748.31
AUC-1193,Prestigious Number 1981,Plates,Prestigious Number,Ajman,Auction,Closed,2025-10-02 15:00:00,2025-10-03 11:00:00,0.833,2025-11-08 12:00:00,905905.17,1398938.63,1182091.45,1.1834,2,1,28,0.544244007350129,493033.46,1.95,2.0,14.0,,,False,Thursday,15.0,10.0,October,4.0,2.0,18.21,50.93,High,,0.0,1398938.63
AUC-1194,Prestigious Number 1973,Plates,Prestigious Number,Ajman,Auction,Closed,2025-10-13 03:00:00,2025-10-15 09:00:00,2.25,2025-11-08 12:00:00,1927795.37,3163549.22,2602035.77,1.2158,12,6,305,0.6410192021573328,1235753.85,15.125,2.0,25.416666666666668,,,False,Monday,3.0,10.0,October,4.0,2.0,21.74,13.04,High,,0.0,0.0
AUC-1195,Prestigious Number 7254,Plates,Prestigious Number,Ajman,Auction,Closed,2025-10-04 11:00:00,2025-10-04 23:00:00,0.633,2025-11-08 12:00:00,2587265.27,3682377.78,3712566.88,0.9919,71,26,767,0.4232702856943616,1095112.51,61.175,2.730769230769231,10.80281690140845,,,False,Saturday,11.0,10.0,October,4.0,2.730769230769231,16.69,50.01,High,,0.0,3682377.78
AUC-1196,Prestigious Number 8584,Plates,Prestigious Number,Ajman,Auction,Closed,2025-10-05 13:00:00,2025-10-06 20:00:00,1.292,2025-11-08 12:00:00,544213.37,1102256.6,685370.26,1.6083,55,24,1241,1.025412569338383,558043.23,64.525,2.2916666666666665,22.563636363636363,,,False,Sunday,13.0,10.0,October,4.0,2.2916666666666665,35.81,61.49,High,,0.0,1102256.6
AUC-1197,Prestigious Number 4544,Plates,Prestigious Number,Ajman,BuyNow,Closed,2025-09-10 23:00:00,2025-09-13 08:00:00,2.375,2025-11-08 12:00:00,1946470.05,3347307.75,2608957.18,1.283,53,23,766,0.7196810965573295,1400837.7,51.4,2.3043478260869565,14.452830188679243,,,False,Wednesday,23.0,9.0,September,3.0,2.3043478260869565,25.69,55.41,High,,0.0,3347307.75
AUC-1198,Prestigious Number 6765,Plates,Prestigious Number,Ajman,Auction,Closed,2025-10-23 23:00:00,2025-10-26 07:00:00,2.333,2025-11-08 12:00:00,2622599.46,4005341.43,3619739.1,1.1065,46,15,481,0.5272410030924052,1382741.97,38.775,3.066666666666667,10.456521739130435,,,False,Thursday,23.0,10.0,October,4.0,3.066666666666667,18.93,51.36,High,,0.0,4005341.43
AUC-1199,Prestigious Number 9996,Plates,Prestigious Number,Ajman,Auction,Closed,2025-09-12 13:00:00,2025-09-13 10:00:00,0.875,2025-11-08 12:00:00,1464837.93,2089007.53,2081620.23,1.0035,18,10,525,0.426101473218952,624169.6,24.625,1.8,29.166666666666668,,,False,Friday,13.0,9.0,September,3.0,1.8,14.74,48.84,High,,0.0,2089007.53
AUC-1200,Prestigious Number 3904,Plates,Prestigious Number,Ajman,Auction,Closed,2025-11-05 18:00:00,2025-11-06 09:00:00,0.625,2025-11-08 12:00:00,1851903.95,3582387.72,2555924.12,1.4016,30,11,312,0.9344349473416266,1730483.77,25.55,2.727272727272727,10.4,,,False,Wednesday,18.0,11.0,November,4.0,2.727272727272727,32.04,59.22,High,,0.0,3582387.72
AUC-1201,Prestigious Number 3024,Plates,Prestigious Number,Ajman,BuyNow,Closed,2025-09-21 17:00:00,2025-09-21 23:00:00,0.25,2025-11-08 12:00:00,1764980.68,3286905.62,2269627.5,1.4482,49,24,526,0.8622898580396927,1521924.94,43.65,2.0416666666666665,10.73469387755102,,,False,Sunday,17.0,9.0,September,3.0,2.0416666666666665,30.57,58.34,High,,0.0,3286905.62
AUC-1202,Prestigious Number 9923,Plates,Prestigious Number,Ajman,Auction,Closed,2025-09-12 22:00:00,2025-09-13 08:00:00,0.417,2025-11-08 12:00:00,1176204.8,2305466.09,1630360.84,1.4141,39,18,728,0.9600889998068362,1129261.29,42.2,2.1666666666666665,18.666666666666668,,,False,Friday,22.0,9.0,September,3.0,2.1666666666666665,33.39,60.03,High,,0.0,2305466.09
AUC-1203,Prestigious Number 3524,Plates,Prestigious Number,Ajman,Auction,Closed,2025-10-12 11:00:00,2025-10-14 23:00:00,2.5,2025-11-08 12:00:00,634538.02,682998.06,852554.96,0.8011,12,5,135,0.0763705853275742,48460.04,10.625,2.4,11.25,,,False,Sunday,11.0,10.0,October,4.0,2.4,2.99,41.79,High,,0.0,682998.06
AUC-1204,Prestigious Number 5252,Plates,Prestigious Number,Ajman,Auction,Closed,2025-10-31 05:00:00,2025-11-02 14:00:00,2.375,2025-11-08 12:00:00,2338938.4,4890867.49,3127908.04,1.5636,39,14,418,1.0910629754079888,2551929.09,33.45,2.7857142857142856,10.717948717948715,,,False,Friday,5.0,10.0,October,4.0,2.7857142857142856,37.59,62.55,High,,0.0,4890867.49
AUC-1205,Prestigious Number 4978,Plates,Prestigious Number,Ajman,Auction,Closed,2025-09-18 19:00:00,2025-09-20 09:00:00,1.687,2025-11-08 12:00:00,2832956.79,5908844.03,3758586.31,1.5721,98,29,2275,1.0857515550034211,3075887.24,113.125,3.3793103448275863,23.214285714285715,,,False,Thursday,19.0,9.0,September,3.0,3.3793103448275863,39.03,63.42,High,,0.0,5908844.03
AUC-1206,Prestigious Number 5708,Plates,Prestigious Number,Ajman,BuyNow,Closed,2025-09-16 08:00:00,2025-09-18 02:00:00,1.75,2025-11-08 12:00:00,1661583.4,2946761.92,2343501.46,1.2574,38,21,620,0.7734661528274778,1285178.52,39.75,1.809523809523809,16.31578947368421,,,False,Tuesday,8.0,9.0,September,3.0,1.809523809523809,26.87,56.12,High,,0.0,2946761.92
AUC-1207,Prestigious Number 3418,Plates,Prestigious Number,Ajman,Auction,Closed,2025-10-16 12:00:00,2025-10-17 14:00:00,1.083,2025-11-08 12:00:00,2024839.96,3033205.4,2707650.73,1.1202,43,30,638,0.4979975997707986,1008365.44,44.95,1.4333333333333331,14.83720930232558,,,False,Thursday,12.0,10.0,October,4.0,1.4333333333333331,18.11,50.87,High,,0.0,3033205.4
AUC-1208,Prestigious Number 7110,Plates,Prestigious Number,Ajman,Auction,Closed,2025-10-06 14:00:00,2025-10-07 07:00:00,0.708,2025-11-08 12:00:00,856067.74,1814280.36,1175948.41,1.5428,39,18,576,1.1193186884953754,958212.62,38.4,2.1666666666666665,14.76923076923077,,,False,Monday,14.0,10.0,October,4.0,2.1666666666666665,38.41,63.05,High,,0.0,1814280.36
AUC-1209,Prestigious Number 7227,Plates,Prestigious Number,Ajman,Auction,Closed,2025-09-19 15:00:00,2025-09-19 19:00:00,0.167,2025-11-08 12:00:00,1811462.45,3726850.23,2568565.47,1.4509,42,17,1121,1.0573709546118386,1915387.78,53.275,2.4705882352941178,26.69047619047619,,,False,Friday,15.0,9.0,September,3.0,2.4705882352941178,36.39,61.83,High,,0.0,3726850.23
AUC-1210,Prestigious Number 2804,Plates,Prestigious Number,Ajman,BuyNow,Closed,2025-10-24 19:00:00,2025-10-26 20:00:00,2.042,2025-11-08 12:00:00,1146233.22,2466739.8,1438816.77,1.7144,57,33,751,1.152040053419495,1320506.58,55.525,1.7272727272727273,13.175438596491228,,,False,Friday,19.0,10.0,October,4.0,1.7272727272727273,40.41,24.25,High,,0.0,0.0
AUC-1211,Prestigious Number 5327,Plates,Prestigious Number,Ajman,Auction,Closed,2025-10-01 00:00:00,2025-10-01 06:00:00,0.25,2025-11-08 12:00:00,1275163.42,2360448.91,1644803.8,1.4351,58,18,680,0.8510952188386962,1085285.49,50.5,3.2222222222222223,11.724137931034482,,,False,Wednesday,0.0,10.0,October,4.0,3.2222222222222223,30.01,58.01,High,,0.0,2360448.91
AUC-1212,Prestigious Number 1516,Plates,Prestigious Number,Ajman,BuyNow,Closed,2025-10-12 05:00:00,2025-10-12 16:00:00,0.458,2025-11-08 12:00:00,225992.17,450383.08,313081.47,1.4385,15,5,290,0.9929145332778564,224390.91,16.0,3.0,19.33333333333333,,,False,Sunday,5.0,10.0,October,4.0,3.0,33.59,60.15,High,,0.0,450383.08
AUC-1213,Prestigious Number 2987,Plates,Prestigious Number,Ajman,Auction,Closed,2025-10-25 10:00:00,2025-10-27 19:00:00,2.375,2025-11-08 12:00:00,575363.74,620105.1,829418.22,0.7476,33,14,869,0.077761869387181,44741.36,41.725,2.357142857142857,26.33333333333333,,,False,Saturday,10.0,10.0,October,4.0,2.357142857142857,3.7,42.22,High,,0.0,620105.1
AUC-1214,Prestigious Number 9883,Plates,Prestigious Number,Ajman,Auction,Closed,2025-09-16 19:00:00,2025-09-18 14:00:00,1.792,2025-11-08 12:00:00,619763.43,1234155.84,810939.85,1.5219,51,23,658,0.9913337577856118,614392.41,47.7,2.217391304347826,12.901960784313726,,,False,Tuesday,19.0,9.0,September,3.0,2.217391304347826,34.86,60.92,High,,0.0,1234155.84
AUC-1215,Prestigious Number 5556,Plates,Prestigious Number,Ajman,Auction,Closed,2025-10-17 17:00:00,2025-10-19 06:00:00,1.542,2025-11-08 12:00:00,1068236.81,2280949.14,1471501.91,1.5501,16,12,460,1.1352467155667478,1212712.33,22.5,1.3333333333333333,28.75,,,False,Friday,17.0,10.0,October,4.0,1.3333333333333333,38.39,63.03,High,,0.0,2280949.14
AUC-1216,Prestigious Number 6603,Plates,Prestigious Number,Ajman,Auction,Closed,2025-09-11 07:00:00,2025-09-12 01:00:00,0.75,2025-11-08 12:00:00,2443705.14,4250963.53,3517950.83,1.2084,34,14,457,0.7395566512578519,1807258.39,31.925,2.4285714285714284,13.441176470588236,,,False,Thursday,7.0,9.0,September,3.0,2.4285714285714284,25.84,55.5,High,,0.0,4250963.53
AUC-1217,Prestigious Number 8998,Plates,Prestigious Number,Ajman,BuyNow,Closed,2025-10-03 10:00:00,2025-10-04 00:00:00,0.663,2025-11-08 12:00:00,2398215.41,4744502.7,3170400.16,1.4965,77,30,1842,0.978347182749526,2346287.29,92.05,2.566666666666667,23.92207792207792,,,False,Friday,10.0,10.0,October,4.0,2.566666666666667,35.01,21.01,High,,0.0,0.0
AUC-1218,Prestigious Number 7422,Plates,Prestigious Number,Ajman,Auction,Closed,2025-10-06 11:00:00,2025-10-07 22:00:00,1.458,2025-11-08 12:00:00,1005602.38,1492152.84,1290043.8,1.1567,49,15,1357,0.4838398055501818,486550.46,62.175,3.2666666666666666,27.693877551020407,,,False,Monday,11.0,10.0,October,4.0,3.2666666666666666,17.47,50.48,High,,0.0,1492152.84
AUC-1219,Prestigious Number 8130,Plates,Prestigious Number,Ajman,Auction,Closed,2025-10-11 23:00:00,2025-10-13 03:00:00,1.167,2025-11-08 12:00:00,1588110.42,3490895.82,2231728.85,1.5642,26,11,566,1.198144270094267,1902785.4,29.9,2.363636363636364,21.76923076923077,,,False,Saturday,23.0,10.0,October,4.0,2.363636363636364,40.74,64.44,High,,0.0,3490895.82
AUC-1220,Prestigious Number 7407,Plates,Prestigious Number,Ajman,Auction,Closed,2025-10-12 05:00:00,2025-10-13 21:00:00,1.667,2025-11-08 12:00:00,1977936.95,3727366.88,2785037.28,1.3384,6,4,99,0.8844720404257578,1749429.93,6.475,1.5,16.5,,,False,Sunday,5.0,10.0,October,4.0,1.5,29.66,57.8,High,,0.0,3727366.88
AUC-1221,Prestigious Number 5488,Plates,Prestigious Number,Ajman,Auction,Closed,2025-09-18 08:00:00,2025-09-18 23:00:00,0.625,2025-11-08 12:00:00,1846537.51,3123382.03,2553800.39,1.223,23,14,423,0.6914804129811584,1276844.52,25.575,1.6428571428571428,18.39130434782609,,,False,Thursday,8.0,9.0,September,3.0,1.6428571428571428,23.83,54.3,High,,0.0,3123382.03
AUC-1222,Prestigious Number 6692,Plates,Prestigious Number,Ajman,Auction,Closed,2025-09-27 08:00:00,2025-09-28 03:00:00,0.792,2025-11-08 12:00:00,2170796.54,2889759.53,2722035.99,1.0616,42,27,589,0.331197777752124,718962.99,42.475,1.5555555555555556,14.023809523809524,,,False,Saturday,8.0,9.0,September,3.0,1.5555555555555556,12.6,47.56,High,,0.0,2889759.53
AUC-1223,Prestigious Number 3596,Plates,Prestigious Number,Ajman,Auction,Closed,2025-09-21 16:00:00,2025-09-22 03:00:00,0.458,2025-11-08 12:00:00,905852.75,1424787.67,1169398.99,1.2184,37,11,372,0.5728689569027636,518934.92,30.55,3.363636363636364,10.054054054054054,,,False,Sunday,16.0,9.0,September,3.0,3.363636363636364,20.39,52.23,High,,0.0,1424787.67
AUC-1224,Prestigious Number 9012,Plates,Prestigious Number,Ajman,Auction,Closed,2025-10-12 03:00:00,2025-10-13 11:00:00,1.333,2025-11-08 12:00:00,124248.1,212955.02,163034.72,1.3062,51,17,1167,0.7139499115077009,88706.92,58.925,3.0,22.88235294117647,,,False,Sunday,3.0,10.0,October,4.0,3.0,25.29,55.17,High,,0.0,212955.02
AUC-1225,Prestigious Number 2618,Plates,Prestigious Number,Ajman,Auction,Closed,2025-10-21 21:00:00,2025-10-22 19:00:00,1.053,2025-11-08 12:00:00,733320.61,1341036.23,1047986.35,1.2796,71,23,1891,0.8287174964303813,607715.62,88.525,3.0869565217391304,26.633802816901408,,,False,Tuesday,21.0,10.0,October,4.0,3.0869565217391304,29.59,57.75,High,,0.0,1341036.23
AUC-1226,Prestigious Number 8956,Plates,Prestigious Number,Ajman,Auction,Closed,2025-11-01 12:00:00,2025-11-02 07:00:00,0.901,2025-11-08 12:00:00,2165086.97,4346594.28,2937320.25,1.4798,100,32,2666,1.0075841479938332,2181507.31,124.65,3.125,26.66,,,False,Saturday,12.0,11.0,November,4.0,3.125,36.44,61.86,High,,0.0,4346594.28
AUC-1227,Prestigious Number 8904,Plates,Prestigious Number,Ajman,Auction,Closed,2025-09-19 23:00:00,2025-09-21 16:00:00,1.708,2025-11-08 12:00:00,755109.98,1642910.11,979769.66,1.6768,40,28,474,1.175722945682694,887800.13,38.85,1.4285714285714286,11.85,,,False,Friday,23.0,9.0,September,3.0,1.4285714285714286,40.81,64.49,High,,0.0,1642910.11
AUC-1228,Prestigious Number 2280,Plates,Prestigious Number,Ajman,Auction,Closed,2025-10-12 14:00:00,2025-10-14 03:00:00,1.542,2025-11-08 12:00:00,2615739.29,5436585.12,3680792.43,1.477,28,10,741,1.0784124552412866,2820845.83,35.025,2.8,26.464285714285715,,,False,Sunday,14.0,10.0,October,4.0,2.8,36.8,22.08,High,,0.0,0.0
AUC-1229,Prestigious Number 7390,Plates,Prestigious Number,Ajman,Auction,Closed,2025-10-07 00:00:00,2025-10-07 18:00:00,0.75,2025-11-08 12:00:00,2541856.38,4970437.44,3656215.81,1.3594,17,6,305,0.9554359872999594,2428581.06,17.625,2.833333333333333,17.941176470588236,,,False,Tuesday,0.0,10.0,October,4.0,2.833333333333333,32.38,59.43,High,,0.0,4970437.44
AUC-1230,Prestigious Number 9906,Plates,Prestigious Number,Ajman,Auction,Closed,2025-10-08 05:00:00,2025-10-10 08:00:00,2.125,2025-11-08 12:00:00,2196495.41,3356530.9,3027748.19,1.1086,39,23,930,0.5281301680480177,1160035.49,48.5,1.6956521739130437,23.846153846153847,,,False,Wednesday,5.0,10.0,October,4.0,1.6956521739130437,18.76,51.26,High,,0.0,3356530.9
AUC-1231,Prestigious Number 6148,Plates,Prestigious Number,Ajman,Auction,Closed,2025-10-12 03:00:00,2025-10-13 06:00:00,1.125,2025-11-08 12:00:00,2463197.18,3412203.42,3273152.36,1.0425,21,9,212,0.3852741663174523,949006.24,18.05,2.333333333333333,10.095238095238097,,,False,Sunday,3.0,10.0,October,4.0,2.333333333333333,13.6,48.16,High,,0.0,3412203.42
AUC-1232,Prestigious Number 4062,Plates,Prestigious Number,Ajman,Auction,Closed,2025-09-26 06:00:00,2025-09-27 09:00:00,1.125,2025-11-08 12:00:00,1464913.23,2719941.55,2062286.77,1.3189,38,14,1121,0.85672536386336,1255028.32,50.525,2.7142857142857144,29.5,,,False,Friday,6.0,9.0,September,3.0,2.7142857142857144,29.77,57.86,High,,0.0,2719941.55
AUC-1233,Prestigious Number 8914,Plates,Prestigious Number,Ajman,BuyNow,Closed,2025-09-30 21:00:00,2025-10-02 09:00:00,1.5,2025-11-08 12:00:00,907013.87,1694542.63,1287716.79,1.3159,13,4,248,0.8682653992931771,787528.76,13.7,3.25,19.07692307692308,,,False,Tuesday,21.0,9.0,September,3.0,3.25,29.3,57.58,High,,0.0,1694542.63
AUC-1234,Prestigious Number 5612,Plates,Prestigious Number,Ajman,Auction,Closed,2025-09-09 08:00:00,2025-09-09 21:00:00,0.542,2025-11-08 12:00:00,2462642.59,3634674.93,3261044.49,1.1146,39,27,812,0.4759246610771888,1172032.34,46.55,1.4444444444444444,20.82051282051282,,,False,Tuesday,8.0,9.0,September,3.0,1.4444444444444444,17.22,50.33,High,,0.0,3634674.93
AUC-1235,Prestigious Number 2095,Plates,Prestigious Number,Ajman,Auction,Closed,2025-10-28 05:00:00,2025-10-29 13:00:00,1.333,2025-11-08 12:00:00,1041017.78,1966768.33,1450400.41,1.356,20,6,529,0.8892744848219596,925750.55,24.725,3.333333333333333,26.45,,,False,Tuesday,5.0,10.0,October,4.0,3.333333333333333,30.33,58.2,High,,0.0,1966768.33
AUC-1236,Prestigious Number 3243,Plates,Prestigious Number,Ajman,Auction,Closed,2025-10-02 03:00:00,2025-10-03 22:00:00,1.792,2025-11-08 12:00:00,1537586.32,2305909.93,2159869.1,1.0676,43,13,536,0.4996946187710619,768323.61,38.15,3.3076923076923075,12.465116279069768,,,False,Thursday,3.0,10.0,October,4.0,3.3076923076923075,18.01,50.81,High,,0.0,2305909.93
AUC-1237,Prestigious Number 7141,Plates,Prestigious Number,Ajman,Auction,Closed,2025-11-03 20:00:00,2025-11-04 08:00:00,0.5,2025-11-08 12:00:00,2117214.2,2804289.12,2923015.09,0.9594,47,14,551,0.3245183789150856,687074.92,40.775,3.357142857142857,11.72340425531915,,,False,Monday,20.0,11.0,November,4.0,3.357142857142857,12.55,47.53,High,,0.0,2804289.12
AUC-1238,Prestigious Number 5097,Plates,Prestigious Number,UAQ,Auction,Closed,2025-09-18 07:00:00,2025-09-20 01:00:00,1.75,2025-11-08 12:00:00,2462604.32,4529848.64,3413158.05,1.3272,2,2,22,0.8394545169968678,2067244.32,2.05,1.0,11.0,,,False,Thursday,7.0,9.0,September,3.0,1.0,28.07,56.84,High,,0.0,4529848.64
AUC-1239,Prestigious Number 2950,Plates,Prestigious Number,UAQ,Auction,Closed,2025-10-01 07:00:00,2025-10-01 13:00:00,0.25,2025-11-08 12:00:00,1493885.67,2092162.87,1886129.28,1.1092,46,27,1133,0.4004839272606452,598277.2,58.075,1.7037037037037035,24.630434782608692,,,False,Wednesday,7.0,10.0,October,4.0,1.7037037037037035,14.93,8.96,High,,0.0,0.0
AUC-1240,Prestigious Number 8190,Plates,Prestigious Number,UAQ,Auction,Closed,2025-10-11 06:00:00,2025-10-13 03:00:00,1.986,2025-11-08 12:00:00,436184.79,734838.7,550488.63,1.3349,61,22,699,0.6846958372849269,298653.91,53.475,2.772727272727273,11.459016393442624,,,False,Saturday,6.0,10.0,October,4.0,2.772727272727273,25.09,55.05,High,,0.0,734838.7
AUC-1241,Prestigious Number 2085,Plates,Prestigious Number,UAQ,Auction,Closed,2025-09-20 05:00:00,2025-09-20 11:00:00,0.25,2025-11-08 12:00:00,2561951.13,4820623.72,3464298.41,1.3915,37,19,381,0.8816220432744944,2258672.59,32.775,1.947368421052632,10.297297297297296,,,False,Saturday,5.0,9.0,September,3.0,1.947368421052632,30.76,58.46,High,,0.0,4820623.72
AUC-1242,Prestigious Number 2971,Plates,Prestigious Number,UAQ,Auction,Closed,2025-10-10 01:00:00,2025-10-10 16:00:00,0.625,2025-11-08 12:00:00,1630410.06,2230073.83,2111833.42,1.056,9,7,242,0.3677993559485275,599663.77,12.3,1.2857142857142858,26.88888888888889,,,False,Friday,1.0,10.0,October,4.0,1.2857142857142858,12.57,7.54,High,,0.0,0.0
AUC-1243,Prestigious Number 5190,Plates,Prestigious Number,UAQ,Auction,Closed,2025-10-24 02:00:00,2025-10-25 05:00:00,1.125,2025-11-08 12:00:00,2757276.43,5866238.49,3659965.92,1.6028,6,2,60,1.1275481943607664,3108962.06,5.0,3.0,10.0,,,False,Friday,2.0,10.0,October,4.0,3.0,37.8,62.68,High,,0.0,5866238.49
AUC-1244,Prestigious Number 1355,Plates,Prestigious Number,UAQ,Auction,Closed,2025-10-08 14:00:00,2025-10-10 11:00:00,1.875,2025-11-08 12:00:00,1772381.98,2479599.92,2336359.1,1.0613,3,2,55,0.3990211748824031,707217.94,3.375,1.5,18.33333333333333,,,False,Wednesday,14.0,10.0,October,4.0,1.5,13.41,48.05,High,,0.0,2479599.92
AUC-1245,Prestigious Number 4486,Plates,Prestigious Number,UAQ,Auction,Closed,2025-11-01 02:00:00,2025-11-03 06:00:00,2.167,2025-11-08 12:00:00,1314725.4,2818115.18,1824079.7,1.545,49,22,1292,1.1435009774664735,1503389.78,62.3,2.227272727272727,26.367346938775512,,,False,Saturday,2.0,11.0,November,4.0,2.227272727272727,39.76,63.86,High,,0.0,2818115.18
AUC-1246,Prestigious Number 9188,Plates,Prestigious Number,UAQ,Auction,Closed,2025-09-13 20:00:00,2025-09-15 07:00:00,1.585,2025-11-08 12:00:00,1425277.06,1589208.11,1917750.69,0.8287,88,26,2602,0.1150169708056621,163931.05,115.55,3.3846153846153846,29.568181818181817,,,False,Saturday,20.0,9.0,September,3.0,3.3846153846153846,6.65,43.99,High,,0.0,1589208.11
AUC-1247,Prestigious Number 9469,Plates,Prestigious Number,UAQ,Auction,Closed,2025-09-24 14:00:00,2025-09-25 02:00:00,0.617,2025-11-08 12:00:00,2262424.41,3354813.14,2912902.71,1.1517,62,28,634,0.4828398797200035,1092388.73,53.85,2.2142857142857144,10.225806451612904,,,False,Wednesday,14.0,9.0,September,3.0,2.2142857142857144,18.35,51.01,High,,0.0,3354813.14
AUC-1248,Prestigious Number 8846,Plates,Prestigious Number,UAQ,BuyNow,Closed,2025-09-21 23:00:00,2025-09-23 05:00:00,1.37,2025-11-08 12:00:00,564287.28,691811.92,711397.65,0.9725,92,28,1037,0.2259924058539827,127524.64,78.925,3.2857142857142856,11.271739130434783,,,False,Sunday,23.0,9.0,September,3.0,3.2857142857142856,10.89,46.53,High,,0.0,691811.92
AUC-1249,Prestigious Number 3915,Plates,Prestigious Number,UAQ,Auction,Closed,2025-09-13 19:00:00,2025-09-16 04:00:00,2.375,2025-11-08 12:00:00,306399.69,587323.58,431505.0,1.3611,30,14,533,0.916854354519745,280923.89,31.825,2.142857142857143,17.766666666666666,,,False,Saturday,19.0,9.0,September,3.0,2.142857142857143,31.5,58.9,High,,0.0,587323.58
AUC-1250,Prestigious Number 1583,Plates,Prestigious Number,UAQ,Auction,Closed,2025-09-20 07:00:00,2025-09-20 17:00:00,0.417,2025-11-08 12:00:00,1509355.7,2623469.3,1900600.55,1.3803,2,1,22,0.7381385315601882,1114113.6,1.8,2.0,11.0,,,False,Saturday,7.0,9.0,September,3.0,2.0,24.68,54.81,High,,0.0,2623469.3
AUC-1251,Prestigious Number 8333,Plates,Prestigious Number,UAQ,BuyNow,Closed,2025-10-10 16:00:00,2025-10-12 20:00:00,2.167,2025-11-08 12:00:00,1216001.98,2334650.12,1612323.13,1.448,13,9,358,0.919939406677611,1118648.14,17.7,1.4444444444444444,27.53846153846154,,,False,Friday,16.0,10.0,October,4.0,1.4444444444444444,31.14,58.68,High,,0.0,2334650.12
AUC-1252,Prestigious Number 4359,Plates,Prestigious Number,UAQ,Auction,Closed,2025-10-29 19:00:00,2025-10-31 01:00:00,1.25,2025-11-08 12:00:00,701403.33,1316664.79,1001687.67,1.3144,55,27,604,0.8771863971618158,615261.46,49.35,2.037037037037037,10.981818181818182,,,False,Wednesday,19.0,10.0,October,4.0,2.037037037037037,31.31,58.79,High,,0.0,1316664.79
AUC-1253,Prestigious Number 7738,Plates,Prestigious Number,UAQ,Auction,Closed,2025-10-15 10:00:00,2025-10-15 14:00:00,0.167,2025-11-08 12:00:00,1871390.15,3033276.76,2518741.63,1.2043,51,26,986,0.6208681872136603,1161886.61,56.65,1.9615384615384612,19.33333333333333,,,False,Wednesday,10.0,10.0,October,4.0,1.9615384615384608,22.38,13.43,High,,0.0,0.0
AUC-1254,Prestigious Number 2072,Plates,Prestigious Number,UAQ,Auction,Closed,2025-09-09 15:00:00,2025-09-11 18:00:00,2.125,2025-11-08 12:00:00,104137.51,156643.88,147416.56,1.0626,57,18,818,0.504202280235047,52506.37,53.45,3.1666666666666665,14.350877192982455,,,False,Tuesday,15.0,9.0,September,3.0,3.1666666666666665,18.44,51.06,High,,0.0,156643.88
AUC-1255,Prestigious Number 7010,Plates,Prestigious Number,UAQ,Auction,Closed,2025-09-11 08:00:00,2025-09-11 13:00:00,0.208,2025-11-08 12:00:00,1405897.92,2050495.34,1814152.59,1.1303,3,1,50,0.4584951800768012,644597.42,3.0,3.0,16.666666666666668,,,False,Thursday,8.0,9.0,September,3.0,3.0,15.37,49.22,High,,0.0,2050495.34
AUC-1256,Prestigious Number 6276,Plates,Prestigious Number,UAQ,Auction,Closed,2025-09-20 17:00:00,2025-09-21 22:00:00,1.208,2025-11-08 12:00:00,1983918.24,3223582.17,2846863.02,1.1323,34,27,750,0.6248563600080616,1239663.93,42.5,1.2592592592592593,22.058823529411764,,,False,Saturday,17.0,9.0,September,3.0,1.2592592592592593,21.88,53.13,High,,0.0,3223582.17
AUC-1257,Prestigious Number 9282,Plates,Prestigious Number,UAQ,Auction,Closed,2025-10-25 00:00:00,2025-10-25 17:00:00,0.708,2025-11-08 12:00:00,995618.02,1434655.41,1327770.05,1.0805,40,28,1035,0.4409697104518055,439037.39,52.875,1.4285714285714286,25.875,,,False,Saturday,0.0,10.0,October,4.0,1.4285714285714286,15.93,49.56,High,,0.0,1434655.41
AUC-1258,Prestigious Number 1917,Plates,Prestigious Number,UAQ,Auction,Closed,2025-10-25 13:00:00,2025-10-27 08:00:00,1.792,2025-11-08 12:00:00,1787003.67,2560465.13,2305894.09,1.1104,21,8,310,0.4328258934129665,773461.46,20.25,2.625,14.761904761904765,,,False,Saturday,13.0,10.0,October,4.0,2.625,15.06,49.04,High,,0.0,2560465.13
AUC-1259,Prestigious Number 4670,Plates,Prestigious Number,UAQ,Auction,Closed,2025-09-16 03:00:00,2025-09-16 10:00:00,0.391,2025-11-08 12:00:00,837505.24,960607.72,1208518.45,0.7949,65,28,752,0.1469871161641925,123102.48,58.3,2.321428571428572,11.569230769230767,,,False,Tuesday,3.0,9.0,September,3.0,2.321428571428572,6.75,44.05,High,,0.0,960607.72
AUC-1260,Prestigious Number 9908,Plates,Prestigious Number,UAQ,Auction,Closed,2025-10-29 14:00:00,2025-10-30 00:00:00,0.417,2025-11-08 12:00:00,833934.85,1349986.88,1057785.14,1.2762,41,22,444,0.6188157624063797,516052.03,37.1,1.8636363636363635,10.829268292682928,,,False,Wednesday,14.0,10.0,October,4.0,1.8636363636363635,22.18,53.31,High,,0.0,1349986.88
AUC-1261,Prestigious Number 4506,Plates,Prestigious Number,UAQ,Auction,Closed,2025-10-01 19:00:00,2025-10-03 11:00:00,1.667,2025-11-08 12:00:00,1385751.65,2942579.31,1733924.64,1.6971,56,31,992,1.1234535856406884,1556827.66,60.55,1.8064516129032255,17.714285714285715,,,False,Wednesday,19.0,10.0,October,4.0,1.806451612903225,39.26,23.56,High,,0.0,0.0
AUC-1262,Prestigious Number 6921,Plates,Prestigious Number,UAQ,Auction,Closed,2025-10-13 08:00:00,2025-10-16 07:00:00,2.958,2025-11-08 12:00:00,2214025.69,3294116.2,2929207.46,1.1246,38,22,451,0.48784009818784,1080090.51,35.775,1.7272727272727273,11.86842105263158,,,False,Monday,8.0,10.0,October,4.0,1.7272727272727273,17.5,50.5,High,,0.0,3294116.2
AUC-1263,Prestigious Number 2448,Plates,Prestigious Number,UAQ,BuyNow,Closed,2025-10-20 02:00:00,2025-10-20 08:00:00,0.25,2025-11-08 12:00:00,1967605.25,2655572.18,2531612.59,1.049,10,4,253,0.3496468257543021,687966.93,12.325,2.5,25.3,,,False,Monday,2.0,10.0,October,4.0,2.5,12.01,47.21,High,,0.0,2655572.18
AUC-1264,Prestigious Number 7554,Plates,Prestigious Number,UAQ,Auction,Closed,2025-09-26 14:00:00,2025-09-28 01:00:00,1.458,2025-11-08 12:00:00,2115894.79,2446640.56,2720300.98,0.8994,27,22,529,0.1563148468265759,330745.77,32.225,1.2272727272727273,19.59259259259259,,,False,Friday,14.0,9.0,September,3.0,1.2272727272727273,6.12,43.67,High,,0.0,2446640.56
AUC-1265,Prestigious Number 3481,Plates,Prestigious Number,UAQ,BuyNow,Closed,2025-09-09 02:00:00,2025-09-11 12:00:00,2.417,2025-11-08 12:00:00,2259394.95,4727205.71,2939178.51,1.6083,12,4,282,1.0922440806553098,2467810.76,14.05,3.0,23.5,,,False,Tuesday,2.0,9.0,September,3.0,3.0,36.82,22.09,High,,0.0,0.0
AUC-1266,Prestigious Number 6149,Plates,Prestigious Number,UAQ,Auction,Closed,2025-09-20 16:00:00,2025-09-21 15:00:00,0.958,2025-11-08 12:00:00,1832066.38,2599295.82,2603976.06,0.9982,17,9,177,0.4187781885937997,767229.44,15.175,1.8888888888888888,10.411764705882351,,,False,Saturday,16.0,9.0,September,3.0,1.8888888888888888,14.59,48.75,High,,0.0,2599295.82
AUC-1267,Prestigious Number 8917,Plates,Prestigious Number,UAQ,Auction,Closed,2025-10-07 07:00:00,2025-10-08 20:00:00,1.593,2025-11-08 12:00:00,2943589.99,3843038.61,3769608.46,1.0195,65,30,1846,0.3055617878358119,899448.62,86.15,2.1666666666666665,28.4,,,False,Tuesday,7.0,10.0,October,4.0,2.1666666666666665,12.24,47.34,High,,0.0,3843038.61
AUC-1268,Prestigious Number 6948,Plates,Prestigious Number,UAQ,Auction,Closed,2025-10-09 09:00:00,2025-10-11 22:00:00,2.625,2025-11-08 12:00:00,512669.83,1109538.79,733284.21,1.5131,80,33,2243,1.1642365613751835,596868.96,104.325,2.4242424242424243,28.0375,,,False,Thursday,9.0,10.0,October,4.0,2.4242424242424243,41.41,64.85,High,,0.0,1109538.79
AUC-1269,Prestigious Number 5268,Plates,Prestigious Number,UAQ,Auction,Closed,2025-09-11 19:00:00,2025-09-14 00:00:00,2.208,2025-11-08 12:00:00,1022951.93,1657398.88,1306843.58,1.2682,29,17,472,0.6202118901129595,634446.95,30.55,1.7058823529411764,16.275862068965516,,,False,Thursday,19.0,9.0,September,3.0,1.7058823529411764,21.61,52.97,High,,0.0,1657398.88
AUC-1270,Prestigious Number 2710,Plates,Prestigious Number,UAQ,Auction,Closed,2025-10-02 14:00:00,2025-10-03 13:00:00,0.958,2025-11-08 12:00:00,1186918.58,1332282.16,1666269.9,0.7996,32,10,470,0.122471399849516,145363.58,30.25,3.2,14.6875,,,False,Thursday,14.0,10.0,October,4.0,3.2,5.08,43.05,High,,0.0,1332282.16
AUC-1271,Prestigious Number 4071,Plates,Prestigious Number,UAQ,BuyNow,Closed,2025-10-07 01:00:00,2025-10-09 08:00:00,2.292,2025-11-08 12:00:00,685329.7,737986.85,896226.58,0.8234,39,14,882,0.0768347701843361,52657.15,45.05,2.7857142857142856,22.615384615384617,,,False,Tuesday,1.0,10.0,October,4.0,2.7857142857142856,3.86,42.32,High,,0.0,737986.85
AUC-1272,Prestigious Number 8642,Plates,Prestigious Number,UAQ,Auction,Closed,2025-09-25 19:00:00,2025-09-27 20:00:00,2.042,2025-11-08 12:00:00,2080544.58,3323723.75,2969793.83,1.1192,29,9,304,0.5975258506597344,1243179.17,24.35,3.2222222222222223,10.482758620689657,,,False,Thursday,19.0,9.0,September,3.0,3.2222222222222223,20.8,52.48,High,,0.0,3323723.75
AUC-1273,Prestigious Number 2944,Plates,Prestigious Number,UAQ,Auction,Closed,2025-10-22 05:00:00,2025-10-23 19:00:00,1.583,2025-11-08 12:00:00,1700131.82,2567337.21,2368840.14,1.0838,46,20,788,0.5100812653456482,867205.39,47.7,2.3,17.130434782608695,,,False,Wednesday,5.0,10.0,October,4.0,2.3,18.5,51.1,High,,0.0,2567337.21
AUC-1274,Prestigious Number 6906,Plates,Prestigious Number,UAQ,Auction,Closed,2025-11-02 20:00:00,2025-11-04 05:00:00,1.375,2025-11-08 12:00:00,991686.29,2113609.81,1336694.24,1.5812,33,15,519,1.1313290617338272,1121923.52,33.225,2.2,15.727272727272728,,,False,Sunday,20.0,11.0,November,4.0,2.2,38.8,23.28,High,,0.0,0.0
AUC-1275,Prestigious Number 5364,Plates,Prestigious Number,UAQ,Auction,Closed,2025-09-14 04:00:00,2025-09-16 22:00:00,2.75,2025-11-08 12:00:00,1390288.45,2394891.61,1915085.31,1.2505,3,2,50,0.722586136711414,1004603.16,3.25,1.5,16.666666666666668,,,False,Sunday,4.0,9.0,September,3.0,1.5,24.18,54.51,High,,0.0,2394891.61
AUC-1276,Prestigious Number 3887,Plates,Prestigious Number,UAQ,Auction,Closed,2025-09-29 07:00:00,2025-10-01 22:00:00,2.625,2025-11-08 12:00:00,850700.54,1739518.82,1186774.71,1.4658,52,21,1105,1.0448074712636246,888818.28,58.875,2.4761904761904763,21.25,,,False,Monday,7.0,9.0,September,3.0,2.4761904761904763,36.34,61.8,High,,0.0,1739518.82
AUC-1277,Prestigious Number 7449,Plates,Prestigious Number,UAQ,BuyNow,Closed,2025-10-25 14:00:00,2025-10-28 13:00:00,2.958,2025-11-08 12:00:00,2848788.83,5767708.47,3667484.04,1.5727,56,22,1161,1.0246177636128964,2918919.64,62.525,2.5454545454545454,20.732142857142858,,,False,Saturday,14.0,10.0,October,4.0,2.5454545454545454,36.0,21.6,High,,0.0,0.0
AUC-1278,Prestigious Number 4258,Plates,Prestigious Number,Fujairah,Auction,Closed,2025-10-18 17:00:00,2025-10-20 18:00:00,2.042,2025-11-08 12:00:00,1597232.74,2560724.65,2101874.29,1.2183,50,23,845,0.6032257452974573,963491.91,51.875,2.1739130434782608,16.9,,,False,Saturday,17.0,10.0,October,4.0,2.1739130434782608,21.49,52.89,High,,0.0,2560724.65
AUC-1279,Prestigious Number 3579,Plates,Prestigious Number,Fujairah,Auction,Closed,2025-09-08 03:00:00,2025-09-09 07:00:00,1.167,2025-11-08 12:00:00,1600061.09,3473164.89,2157279.2,1.61,51,33,1155,1.170645178303786,1873103.8,62.625,1.5454545454545454,22.647058823529413,,,False,Monday,3.0,9.0,September,3.0,1.5454545454545454,40.9,24.54,High,,0.0,0.0
AUC-1280,Prestigious Number 5762,Plates,Prestigious Number,Fujairah,Auction,Closed,2025-09-30 00:00:00,2025-09-30 11:00:00,0.458,2025-11-08 12:00:00,138225.75,225607.67,199934.37,1.1284,44,24,491,0.6321681741643652,87381.92,40.275,1.8333333333333333,11.159090909090908,,,False,Tuesday,0.0,9.0,September,3.0,1.8333333333333333,22.76,53.66,High,,0.0,225607.67
AUC-1281,Prestigious Number 7818,Plates,Prestigious Number,Fujairah,Auction,Closed,2025-09-29 14:00:00,2025-09-30 02:00:00,0.5,2025-11-08 12:00:00,605780.61,1084387.09,816154.59,1.3287,28,23,611,0.7900656972166873,478606.48,35.025,1.2173913043478262,21.821428571428573,,,False,Monday,14.0,9.0,September,3.0,1.2173913043478262,27.42,16.45,High,,0.0,0.0
AUC-1282,Prestigious Number 8776,Plates,Prestigious Number,Fujairah,BuyNow,Closed,2025-10-31 00:00:00,2025-11-02 20:00:00,2.833,2025-11-08 12:00:00,120191.69,241951.61,154733.74,1.5637,15,8,159,1.0130477406549483,121759.92,13.475,1.875,10.6,,,False,Friday,0.0,10.0,October,4.0,1.875,34.24,20.54,High,,0.0,0.0
AUC-1283,Prestigious Number 6667,Plates,Prestigious Number,Fujairah,BuyNow,Closed,2025-09-09 07:00:00,2025-09-10 11:00:00,1.167,2025-11-08 12:00:00,2035925.66,4277140.91,2851976.57,1.4997,41,16,949,1.1008335392756925,2241215.25,48.225,2.5625,23.146341463414632,,,False,Tuesday,7.0,9.0,September,3.0,2.5625,38.01,22.81,High,,0.0,0.0
AUC-1284,Prestigious Number 6957,Plates,Prestigious Number,Fujairah,Auction,Closed,2025-09-14 05:00:00,2025-09-14 16:00:00,0.458,2025-11-08 12:00:00,2347934.53,3202425.13,2967709.61,1.0791,51,15,1346,0.3639328904115568,854490.6,62.9,3.4,26.392156862745097,,,False,Sunday,5.0,9.0,September,3.0,3.4,13.84,48.3,High,,0.0,3202425.13
AUC-1285,Prestigious Number 8087,Plates,Prestigious Number,Fujairah,BuyNow,Closed,2025-10-04 20:00:00,2025-10-05 15:00:00,0.792,2025-11-08 12:00:00,1720189.8,3605621.07,2430975.49,1.4832,53,33,800,1.0960600219812953,1885431.27,54.75,1.606060606060606,15.09433962264151,,,False,Saturday,20.0,10.0,October,4.0,1.606060606060606,38.47,23.08,High,,0.0,0.0
AUC-1286,Prestigious Number 3422,Plates,Prestigious Number,Fujairah,Auction,Closed,2025-10-19 14:00:00,2025-10-19 19:00:00,0.208,2025-11-08 12:00:00,2390222.16,4654638.45,3436369.44,1.3545,23,17,271,0.947366453166847,2264416.29,22.525,1.3529411764705883,11.782608695652174,,,False,Sunday,14.0,10.0,October,4.0,1.3529411764705883,32.51,59.51,High,,0.0,4654638.45
AUC-1287,Prestigious Number 3257,Plates,Prestigious Number,Fujairah,Auction,Closed,2025-09-25 07:00:00,2025-09-26 23:00:00,1.667,2025-11-08 12:00:00,163796.79,332403.68,219182.82,1.5166,45,24,1040,1.0293662653584357,168606.89,54.5,1.875,23.11111111111111,,,False,Thursday,7.0,9.0,September,3.0,1.875,35.83,61.5,High,,0.0,332403.68
AUC-1288,Prestigious Number 5355,Plates,Prestigious Number,Fujairah,Auction,Closed,2025-09-15 19:00:00,2025-09-17 15:00:00,1.833,2025-11-08 12:00:00,1342481.85,2178846.01,1893304.72,1.1508,30,19,807,0.6229984859758064,836364.16,39.925,1.5789473684210529,26.9,,,False,Monday,19.0,9.0,September,3.0,1.5789473684210529,21.72,53.03,High,,0.0,2178846.01
AUC-1289,Prestigious Number 6678,Plates,Prestigious Number,Fujairah,Auction,Closed,2025-09-19 17:00:00,2025-09-20 22:00:00,1.208,2025-11-08 12:00:00,2091931.71,4235872.24,3007581.34,1.4084,6,2,129,1.0248616241875317,2143940.53,6.725,3.0,21.5,,,False,Friday,17.0,9.0,September,3.0,3.0,34.35,60.61,High,,0.0,4235872.24
AUC-1290,Prestigious Number 6813,Plates,Prestigious Number,Fujairah,Auction,Closed,2025-09-07 17:00:00,2025-09-09 23:00:00,2.25,2025-11-08 12:00:00,1230509.17,1811366.0,1744592.05,1.0383,39,32,441,0.4720459173823143,580856.83,38.525,1.21875,11.307692307692308,,,False,Sunday,17.0,9.0,September,3.0,1.21875,17.32,10.39,High,,0.0,0.0
AUC-1291,Prestigious Number 2383,Plates,Prestigious Number,Fujairah,Auction,Closed,2025-09-28 20:00:00,2025-09-30 08:00:00,1.615,2025-11-08 12:00:00,1935572.3,3712282.85,2767889.45,1.3412,79,23,1081,0.9179251790284456,1776710.55,72.275,3.4347826086956523,13.683544303797468,,,False,Sunday,20.0,9.0,September,3.0,3.4347826086956523,33.22,59.93,High,,0.0,3712282.85
AUC-1292,Prestigious Number 8024,Plates,Prestigious Number,Fujairah,Auction,Closed,2025-10-15 18:00:00,2025-10-18 15:00:00,2.875,2025-11-08 12:00:00,731856.29,1473410.34,1027936.24,1.4334,25,8,269,1.0132509074971536,741554.05,21.225,3.125,10.76,,,False,Wednesday,18.0,10.0,October,4.0,3.125,34.68,60.81,High,,0.0,1473410.34
AUC-1293,Prestigious Number 4273,Plates,Prestigious Number,Fujairah,BuyNow,Closed,2025-10-06 17:00:00,2025-10-09 00:00:00,2.292,2025-11-08 12:00:00,1345589.03,2366235.67,1792029.15,1.3204,7,3,155,0.7585129019668062,1020646.64,8.125,2.333333333333333,22.142857142857142,,,False,Monday,17.0,10.0,October,4.0,2.333333333333333,25.53,15.32,High,,0.0,0.0
AUC-1294,Prestigious Number 8894,Plates,Prestigious Number,Fujairah,BuyNow,Closed,2025-09-19 20:00:00,2025-09-20 05:00:00,0.476,2025-11-08 12:00:00,1321594.14,2132206.87,1768811.9,1.2054,106,32,1239,0.613359809540318,810612.73,91.975,3.3125,11.68867924528302,,,False,Friday,20.0,9.0,September,3.0,3.3125,24.36,54.62,High,,0.0,2132206.87
AUC-1295,Prestigious Number 7518,Plates,Prestigious Number,Fujairah,Auction,Closed,2025-10-22 14:00:00,2025-10-23 12:00:00,0.917,2025-11-08 12:00:00,1537341.58,3059218.82,2142990.24,1.4275,29,11,796,0.9899408562149212,1521877.24,37.15,2.636363636363636,27.448275862068964,,,False,Wednesday,14.0,10.0,October,4.0,2.636363636363636,33.94,60.36,High,,0.0,3059218.82
AUC-1296,Prestigious Number 9845,Plates,Prestigious Number,Fujairah,Auction,Closed,2025-10-22 17:00:00,2025-10-25 00:00:00,2.292,2025-11-08 12:00:00,2036002.63,3278758.99,2944110.7,1.1137,3,1,35,0.6103903510183581,1242756.36,2.625,3.0,11.666666666666666,,,False,Wednesday,17.0,10.0,October,4.0,3.0,20.46,52.28,High,,0.0,3278758.99
AUC-1297,Prestigious Number 6684,Plates,Prestigious Number,Fujairah,Auction,Closed,2025-09-23 13:00:00,2025-09-25 05:00:00,1.667,2025-11-08 12:00:00,1408649.25,2404485.05,1864373.12,1.2897,39,21,428,0.7069437619052434,995835.8,35.45,1.8571428571428568,10.974358974358974,,,False,Tuesday,13.0,9.0,September,3.0,1.8571428571428568,25.05,55.03,High,,0.0,2404485.05
AUC-1298,Prestigious Number 5746,Plates,Prestigious Number,Fujairah,Auction,Closed,2025-10-10 00:00:00,2025-10-12 07:00:00,2.292,2025-11-08 12:00:00,2539084.64,3120532.72,3366324.19,0.927,3,1,32,0.2289990931535075,581448.08,2.55,3.0,10.666666666666666,,,False,Friday,0.0,10.0,October,4.0,3.0,7.74,44.64,High,,0.0,3120532.72
AUC-1299,Prestigious Number 2690,Plates,Prestigious Number,Fujairah,Auction,Closed,2025-09-18 22:00:00,2025-09-20 00:00:00,1.083,2025-11-08 12:00:00,814338.12,1264426.79,1097435.4,1.1522,13,8,149,0.5527049010059851,450088.67,12.225,1.625,11.461538461538462,,,False,Thursday,22.0,9.0,September,3.0,1.625,18.93,51.36,High,,0.0,1264426.79
AUC-1300,Prestigious Number 4587,Plates,Prestigious Number,Fujairah,Auction,Closed,2025-10-29 16:00:00,2025-10-29 22:00:00,0.36,2025-11-08 12:00:00,2470273.68,2760146.83,3127286.8,0.8826,62,31,1645,0.1173445486412663,289873.15,79.875,2.0,26.532258064516128,,,False,Wednesday,16.0,10.0,October,4.0,2.0,6.0,43.6,High,,0.0,2760146.83
AUC-1301,Prestigious Number 8724,Plates,Prestigious Number,Fujairah,Auction,Closed,2025-10-15 07:00:00,2025-10-17 16:00:00,2.375,2025-11-08 12:00:00,2211974.68,4155432.62,2976003.64,1.3963,7,2,92,0.8786076791801251,1943457.94,6.3,3.5,13.142857142857142,,,False,Wednesday,7.0,10.0,October,4.0,3.5,29.53,57.72,High,,0.0,4155432.62
AUC-1302,Prestigious Number 4437,Plates,Prestigious Number,Fujairah,Auction,Closed,2025-10-19 07:00:00,2025-10-21 16:00:00,2.375,2025-11-08 12:00:00,1427710.59,2775689.82,1837462.83,1.5106,53,26,914,0.9441543961651218,1347979.23,55.85,2.0384615384615383,17.245283018867923,,,False,Sunday,7.0,10.0,October,4.0,2.0384615384615383,33.27,59.96,High,,0.0,2775689.82
AUC-1303,Prestigious Number 1480,Plates,Prestigious Number,Fujairah,Auction,Closed,2025-09-25 10:00:00,2025-09-27 09:00:00,1.958,2025-11-08 12:00:00,2139659.25,3018956.99,2991081.07,1.0093,37,22,1010,0.4109522298936152,879297.74,49.25,1.681818181818182,27.2972972972973,,,False,Thursday,10.0,9.0,September,3.0,1.681818181818182,15.08,9.05,High,,0.0,0.0
AUC-1304,Prestigious Number 3205,Plates,Prestigious Number,Fujairah,Auction,Closed,2025-09-21 12:00:00,2025-09-22 19:00:00,1.292,2025-11-08 12:00:00,445169.78,743244.27,627796.28,1.1839,15,11,369,0.6695748529920427,298074.49,19.475,1.3636363636363635,24.6,,,False,Sunday,12.0,9.0,September,3.0,1.3636363636363635,22.89,13.73,High,,0.0,0.0
AUC-1305,Prestigious Number 6356,Plates,Prestigious Number,Fujairah,BuyNow,Closed,2025-10-11 05:00:00,2025-10-11 09:00:00,0.167,2025-11-08 12:00:00,2918291.86,5998048.02,4103319.16,1.4618,15,10,300,1.0553283591038765,3079756.16,17.5,1.5,20.0,,,False,Saturday,5.0,10.0,October,4.0,1.5,35.74,21.44,High,,0.0,0.0
AUC-1306,Prestigious Number 6661,Plates,Prestigious Number,Fujairah,Auction,Closed,2025-10-07 17:00:00,2025-10-09 22:00:00,2.208,2025-11-08 12:00:00,1425108.63,1682925.36,1865133.8,0.9023,34,17,422,0.1809102299801526,257816.73,31.8,2.0,12.411764705882351,,,False,Tuesday,17.0,10.0,October,4.0,2.0,7.14,4.28,High,,0.0,0.0
AUC-1307,Prestigious Number 9853,Plates,Prestigious Number,Fujairah,Auction,Closed,2025-10-29 04:00:00,2025-10-31 04:00:00,2.0,2025-11-08 12:00:00,2155631.06,4657211.23,2805675.83,1.6599,41,19,417,1.1604862336693182,2501580.17,35.675,2.1578947368421053,10.170731707317072,,,False,Wednesday,4.0,10.0,October,4.0,2.1578947368421053,40.18,64.11,High,,0.0,4657211.23
AUC-1308,Prestigious Number 9403,Plates,Prestigious Number,Fujairah,Auction,Closed,2025-09-23 22:00:00,2025-09-25 23:00:00,2.151,2025-11-08 12:00:00,281216.26,552045.41,399248.9,1.3827,76,31,828,0.9630636222813006,270829.15,66.45,2.4516129032258065,10.894736842105264,,,False,Tuesday,22.0,9.0,September,3.0,2.4516129032258065,34.9,60.94,High,,0.0,552045.41
AUC-1309,Prestigious Number 5783,Plates,Prestigious Number,Fujairah,Auction,Closed,2025-09-08 16:00:00,2025-09-09 07:00:00,0.625,2025-11-08 12:00:00,146152.21,168018.21,186428.28,0.9012,28,9,686,0.1496111485416471,21866.0,33.4,3.111111111111111,24.5,,,False,Monday,16.0,9.0,September,3.0,3.111111111111111,5.92,43.55,High,,0.0,168018.21
AUC-1310,Prestigious Number 5990,Plates,Prestigious Number,Fujairah,Auction,Closed,2025-09-19 21:00:00,2025-09-22 02:00:00,2.208,2025-11-08 12:00:00,2337522.76,3317464.03,3144813.22,1.0549,26,21,727,0.4192221298414224,979941.27,36.425,1.238095238095238,27.96153846153846,,,False,Friday,21.0,9.0,September,3.0,1.238095238095238,14.9,48.94,High,,0.0,3317464.03
AUC-1311,Prestigious Number 8205,Plates,Prestigious Number,Fujairah,Auction,Closed,2025-10-22 09:00:00,2025-10-24 14:00:00,2.294,2025-11-08 12:00:00,835951.32,1514193.67,1196878.1,1.2651,75,24,801,0.8113419212018231,678242.35,63.525,3.125,10.68,,,False,Wednesday,9.0,10.0,October,4.0,3.125,29.73,57.84,High,,0.0,1514193.67
AUC-1312,Prestigious Number 1437,Plates,Prestigious Number,Fujairah,Auction,Closed,2025-09-28 10:00:00,2025-10-01 00:00:00,2.583,2025-11-08 12:00:00,1905735.54,2937955.85,2485513.83,1.182,3,1,30,0.5416387994737192,1032220.31,2.5,3.0,10.0,,,False,Sunday,10.0,9.0,September,3.0,3.0,18.16,50.9,High,,0.0,2937955.85
AUC-1313,Prestigious Number 6356,Plates,Prestigious Number,Fujairah,Auction,Closed,2025-10-18 21:00:00,2025-10-20 15:00:00,1.802,2025-11-08 12:00:00,1853726.55,3762535.13,2551846.95,1.4744,91,31,2180,1.0297142154003245,1908808.58,107.75,2.935483870967742,23.95604395604396,,,False,Saturday,21.0,10.0,October,4.0,2.935483870967742,37.22,22.33,High,,0.0,0.0
AUC-1314,Prestigious Number 5265,Plates,Prestigious Number,Fujairah,Auction,Closed,2025-11-04 05:00:00,2025-11-06 10:00:00,2.303,2025-11-08 12:00:00,620257.46,1345350.66,815472.73,1.6498,100,34,2942,1.1690197164254983,725093.2,132.05,2.9411764705882355,29.42,,,False,Tuesday,5.0,11.0,November,4.0,2.9411764705882355,42.27,65.36,High,,0.0,1345350.66
AUC-1315,Prestigious Number 8047,Plates,Prestigious Number,Fujairah,Auction,Closed,2025-10-26 14:00:00,2025-10-27 21:00:00,1.292,2025-11-08 12:00:00,2112720.12,3009733.15,2764159.09,1.0888,10,3,254,0.4245773122092479,897013.03,12.1,3.333333333333333,25.4,,,False,Sunday,14.0,10.0,October,4.0,3.333333333333333,14.49,48.69,High,,0.0,3009733.15
AUC-1316,Prestigious Number 8202,Plates,Prestigious Number,Fujairah,Auction,Closed,2025-10-29 14:00:00,2025-10-31 17:00:00,2.125,2025-11-08 12:00:00,2203202.54,4646789.2,2856265.11,1.6269,13,9,283,1.109106682493204,2443586.66,15.825,1.4444444444444444,21.76923076923077,,,False,Wednesday,14.0,10.0,October,4.0,1.4444444444444444,37.45,62.47,High,,0.0,4646789.2
AUC-1317,Prestigious Number 6899,Plates,Prestigious Number,Fujairah,Auction,Closed,2025-10-24 17:00:00,2025-10-26 20:00:00,2.273,2025-11-08 12:00:00,1876865.4,3688071.92,2574148.55,1.4327,68,27,1219,0.9650167348175316,1811206.52,71.225,2.5185185185185186,17.926470588235293,,,False,Friday,17.0,10.0,October,4.0,2.5185185185185186,34.24,60.54,High,,0.0,3688071.92
AUC-1318,Prestigious Number 6914,Plates,Prestigious Number,Fujairah,Auction,Closed,2025-09-18 06:00:00,2025-09-20 15:00:00,2.507,2025-11-08 12:00:00,1439191.83,2248898.08,2083354.12,1.0795,92,28,2475,0.562611761074269,809706.25,114.875,3.2857142857142856,26.90217391304348,,,False,Thursday,6.0,9.0,September,3.0,3.2857142857142856,21.48,12.89,High,,0.0,0.0
AUC-1319,Prestigious Number 7219,Plates,Prestigious Number,Fujairah,Auction,Closed,2025-10-18 21:00:00,2025-10-21 11:00:00,2.583,2025-11-08 12:00:00,646893.84,1114774.82,886504.68,1.2575,17,6,187,0.7232732035290367,467880.98,14.675,2.833333333333333,11.0,,,False,Saturday,21.0,10.0,October,4.0,2.833333333333333,24.73,54.84,High,,0.0,1114774.82
AUC-1320,Prestigious Number 6220,Plates,Prestigious Number,Fujairah,Auction,Closed,2025-09-22 22:00:00,2025-09-23 02:00:00,0.167,2025-11-08 12:00:00,816278.56,910238.34,1111923.8,0.8186,46,32,526,0.115107494676817,93959.78,44.15,1.4375,11.434782608695652,,,False,Monday,22.0,9.0,September,3.0,1.4375,5.67,43.4,High,,0.0,910238.34
AUC-1321,Prestigious Number 3050,Plates,Prestigious Number,Fujairah,Auction,Closed,2025-09-10 00:00:00,2025-09-12 08:00:00,2.333,2025-11-08 12:00:00,1443713.94,2876727.79,2033762.09,1.4145,31,12,847,0.9925884971367668,1433013.85,39.675,2.583333333333333,27.32258064516129,,,False,Wednesday,0.0,9.0,September,3.0,2.583333333333333,34.06,60.44,High,,0.0,2876727.79
AUC-1322,Prestigious Number 3560,Plates,Prestigious Number,Fujairah,Auction,Closed,2025-10-02 01:00:00,2025-10-04 10:00:00,2.375,2025-11-08 12:00:00,2378524.04,4165855.7,3367436.95,1.2371,30,10,337,0.751445699073111,1787331.66,25.925,3.0,11.233333333333333,,,False,Thursday,1.0,10.0,October,4.0,3.0,26.15,55.69,High,,0.0,4165855.7
AUC-1323,Prestigious Number 7675,Plates,Prestigious Number,Fujairah,Auction,Closed,2025-10-07 19:00:00,2025-10-09 12:00:00,1.708,2025-11-08 12:00:00,670007.33,1019824.13,929591.45,1.0971,24,13,697,0.52210891483829,349816.8,32.675,1.8461538461538465,29.041666666666668,,,False,Tuesday,19.0,10.0,October,4.0,1.8461538461538465,18.21,50.93,High,,0.0,1019824.13
AUC-1324,Prestigious Number 6564,Plates,Prestigious Number,Fujairah,Auction,Closed,2025-09-21 07:00:00,2025-09-22 22:00:00,1.69,2025-11-08 12:00:00,766437.29,1456012.42,1103889.82,1.319,61,23,1609,0.8997150047331333,689575.13,76.475,2.652173913043478,26.37704918032787,,,False,Sunday,7.0,9.0,September,3.0,2.652173913043478,31.75,59.05,High,,0.0,1456012.42
AUC-1325,Prestigious Number 3140,Plates,Prestigious Number,Fujairah,Auction,Closed,2025-10-30 20:00:00,2025-11-02 01:00:00,2.208,2025-11-08 12:00:00,22595.37,42131.59,29568.93,1.4249,25,8,684,0.8646116438898764,19536.22,31.6,3.125,27.36,,,False,Thursday,20.0,10.0,October,4.0,3.125,29.69,57.81,Mid,,0.0,42131.59
AUC-1326,Prestigious Number 8899,Plates,Prestigious Number,Fujairah,Auction,Closed,2025-10-11 10:00:00,2025-10-12 20:00:00,1.417,2025-11-08 12:00:00,1739252.05,3726425.93,2344002.78,1.5898,46,19,970,1.1425450842504397,1987173.88,52.0,2.421052631578948,21.08695652173913,,,False,Saturday,10.0,10.0,October,4.0,2.421052631578948,39.36,63.62,High,,0.0,3726425.93
AUC-1327,Prestigious Number 9824,Plates,Prestigious Number,Fujairah,BuyNow,Closed,2025-10-07 17:00:00,2025-10-09 01:00:00,1.333,2025-11-08 12:00:00,44218.82,69710.58,62220.23,1.1204,5,3,83,0.5764911863319736,25491.76,5.325,1.6666666666666667,16.6,,,False,Tuesday,17.0,10.0,October,4.0,1.6666666666666667,19.37,11.62,Mid,,0.0,0.0
AUC-1328,Prestigious Number 6634,Plates,Prestigious Number,Fujairah,BuyNow,Closed,2025-09-16 14:00:00,2025-09-19 00:00:00,2.417,2025-11-08 12:00:00,2110727.88,3528777.83,2938269.69,1.201,12,5,138,0.6718298286750257,1418049.95,10.7,2.4,11.5,,,False,Tuesday,14.0,9.0,September,3.0,2.4,22.85,13.71,High,,0.0,0.0
AUC-1329,Prestigious Number 3049,Plates,Prestigious Number,Fujairah,BuyNow,Closed,2025-09-17 06:00:00,2025-09-19 15:00:00,2.456,2025-11-08 12:00:00,1171643.59,1503080.36,1556225.84,0.9658,69,27,871,0.2828819043852747,331436.77,63.025,2.555555555555556,12.623188405797102,,,False,Wednesday,6.0,9.0,September,3.0,2.555555555555556,11.69,47.01,High,,0.0,1503080.36
AUC-1330,Prestigious Number 9443,Plates,Prestigious Number,Fujairah,Auction,Closed,2025-09-16 20:00:00,2025-09-17 14:00:00,0.75,2025-11-08 12:00:00,2099651.61,3703318.03,2968601.6,1.2475,30,14,747,0.7637773868589561,1603666.42,37.175,2.142857142857143,24.9,,,False,Tuesday,20.0,9.0,September,3.0,2.142857142857143,26.38,55.83,High,,0.0,3703318.03
AUC-1331,Prestigious Number 3129,Plates,Prestigious Number,Fujairah,Auction,Closed,2025-09-24 11:00:00,2025-09-26 23:00:00,2.646,2025-11-08 12:00:00,247677.58,500651.98,321960.51,1.555,75,27,1024,1.0213859486191683,252974.4,69.85,2.7777777777777777,13.653333333333334,,,False,Wednesday,11.0,9.0,September,3.0,2.7777777777777777,36.45,61.87,High,,0.0,500651.98
AUC-1332,Prestigious Number 4891,Plates,Prestigious Number,Fujairah,Auction,Closed,2025-10-06 06:00:00,2025-10-07 08:00:00,1.083,2025-11-08 12:00:00,929624.4,1953242.66,1237465.6,1.5784,57,26,921,1.1011095018590302,1023618.26,58.025,2.1923076923076925,16.157894736842106,,,False,Monday,6.0,10.0,October,4.0,2.1923076923076925,38.64,63.18,High,,0.0,1953242.66
AUC-1333,Prestigious Number 8727,Plates,Prestigious Number,Fujairah,Auction,Closed,2025-09-18 07:00:00,2025-09-18 20:00:00,0.674,2025-11-08 12:00:00,1899440.05,3921942.43,2613654.88,1.5006,109,34,1260,1.0647887412924668,2022502.38,94.5,3.2058823529411766,11.559633027522937,,,False,Thursday,7.0,9.0,September,3.0,3.2058823529411766,39.14,63.48,High,,0.0,3921942.43
AUC-1334,Prestigious Number 5685,Plates,Prestigious Number,Fujairah,Auction,Closed,2025-09-13 05:00:00,2025-09-15 20:00:00,2.625,2025-11-08 12:00:00,287769.4,539416.51,409674.91,1.3167,15,5,400,0.8744748746739576,251647.11,18.75,3.0,26.666666666666668,,,False,Saturday,5.0,9.0,September,3.0,3.0,29.61,57.77,High,,0.0,539416.51
AUC-1335,Prestigious Number 3186,Plates,Prestigious Number,Fujairah,Auction,Closed,2025-10-09 09:00:00,2025-10-10 05:00:00,0.954,2025-11-08 12:00:00,2876115.55,3595904.07,3740559.31,0.9613,98,32,1474,0.2502641175178097,719788.52,93.85,3.0625,15.040816326530612,,,False,Thursday,9.0,10.0,October,4.0,3.0625,11.36,46.82,High,,0.0,3595904.07
AUC-1336,Prestigious Number 1720,Plates,Prestigious Number,Fujairah,Auction,Closed,2025-09-08 02:00:00,2025-09-08 19:00:00,0.784,2025-11-08 12:00:00,2618195.83,4105935.68,3457232.04,1.1876,75,31,2136,0.5682309294641265,1487739.85,98.65,2.419354838709677,28.48,,,False,Monday,2.0,9.0,September,3.0,2.419354838709677,21.44,12.86,High,,0.0,0.0
AUC-1337,Prestigious Number 4247,Plates,Prestigious Number,Fujairah,Auction,Closed,2025-09-15 00:00:00,2025-09-15 22:00:00,0.917,2025-11-08 12:00:00,1519397.98,2896656.65,2154543.85,1.3444,25,15,408,0.9064502441947436,1377258.67,26.45,1.6666666666666667,16.32,,,False,Monday,0.0,9.0,September,3.0,1.6666666666666667,31.11,58.67,High,,0.0,2896656.65
AUC-1338,Prestigious Number 7048,Plates,Prestigious Number,Fujairah,Auction,Closed,2025-10-06 23:00:00,2025-10-08 12:00:00,1.542,2025-11-08 12:00:00,573651.15,705721.17,816418.19,0.8644,14,5,158,0.2302270639569013,132070.02,12.2,2.8,11.285714285714286,,,False,Monday,23.0,10.0,October,4.0,2.8,8.19,44.91,High,,0.0,705721.17
AUC-1339,Prestigious Number 7431,Plates,Prestigious Number,Fujairah,Auction,Closed,2025-11-02 05:00:00,2025-11-02 20:00:00,0.625,2025-11-08 12:00:00,1928291.83,2246755.85,2560616.58,0.8774,7,5,195,0.1651534353075592,318464.02,9.625,1.4,27.857142857142858,,,False,Sunday,5.0,11.0,November,4.0,1.4,5.74,43.44,High,,0.0,2246755.85
AUC-1340,Prestigious Number 3006,Plates,Prestigious Number,Fujairah,BuyNow,Closed,2025-10-24 21:00:00,2025-10-25 11:00:00,0.583,2025-11-08 12:00:00,1185747.64,2449682.53,1561920.93,1.5684,43,18,468,1.0659391993392455,1263934.89,37.7,2.388888888888889,10.883720930232558,,,False,Friday,21.0,10.0,October,4.0,2.388888888888889,37.12,22.27,High,,0.0,0.0
AUC-1341,Prestigious Number 2428,Plates,Prestigious Number,Fujairah,Auction,Closed,2025-09-20 16:00:00,2025-09-21 22:00:00,1.25,2025-11-08 12:00:00,896287.73,1557963.5,1232254.52,1.2643,1,1,12,0.7382403527938511,661675.77,1.05,1.0,12.0,,,False,Saturday,16.0,9.0,September,3.0,1.0,24.65,54.79,High,,0.0,1557963.5
AUC-1342,Prestigious Number 7312,Plates,Prestigious Number,Fujairah,Auction,Closed,2025-10-31 07:00:00,2025-11-01 01:00:00,0.75,2025-11-08 12:00:00,733144.86,1514867.19,946948.6,1.5997,10,4,184,1.0662590337194753,781722.33,10.6,2.5,18.4,,,False,Friday,7.0,10.0,October,4.0,2.5,35.85,61.51,High,,0.0,1514867.19
AUC-1343,Prestigious Number 2431,Plates,Prestigious Number,Fujairah,BuyNow,Closed,2025-10-09 19:00:00,2025-10-10 12:00:00,0.708,2025-11-08 12:00:00,2045349.92,3005784.12,2747062.11,1.0942,53,19,964,0.4695696274796834,960434.2,55.35,2.789473684210526,18.18867924528302,,,False,Thursday,19.0,10.0,October,4.0,2.789473684210526,17.09,10.25,High,,0.0,0.0
AUC-1344,Prestigious Number 1578,Plates,Prestigious Number,Fujairah,Auction,Closed,2025-09-29 09:00:00,2025-10-02 03:00:00,2.75,2025-11-08 12:00:00,2157967.45,4641516.87,2779142.15,1.6701,43,20,896,1.1508743655980538,2483549.42,48.9,2.15,20.837209302325583,,,False,Monday,9.0,9.0,September,3.0,2.15,39.84,63.9,High,,0.0,4641516.87
AUC-1345,Prestigious Number 5376,Plates,Prestigious Number,Fujairah,Auction,Closed,2025-09-14 14:00:00,2025-09-16 10:00:00,1.913,2025-11-08 12:00:00,283562.47,501901.87,365095.66,1.3747,65,30,724,0.7699869450283743,218339.4,58.1,2.1666666666666665,11.138461538461538,,,False,Sunday,14.0,9.0,September,3.0,2.1666666666666665,28.11,56.87,High,,0.0,501901.87
AUC-1346,Prestigious Number 6137,Plates,Prestigious Number,Fujairah,Auction,Closed,2025-09-18 08:00:00,2025-09-18 12:00:00,0.167,2025-11-08 12:00:00,1836232.86,2923769.32,2431934.21,1.2022,50,34,907,0.5922650028166905,1087536.46,56.175,1.4705882352941178,18.14,,,False,Thursday,8.0,9.0,September,3.0,1.4705882352941178,21.24,52.74,High,,0.0,2923769.32
AUC-1347,Prestigious Number 3193,Plates,Prestigious Number,Fujairah,Auction,Closed,2025-09-22 08:00:00,2025-09-22 18:00:00,0.417,2025-11-08 12:00:00,695121.0,1519433.7,921209.84,1.6494,19,10,530,1.1858549806436576,824312.7,25.25,1.9,27.894736842105264,,,False,Monday,8.0,9.0,September,3.0,1.9,40.11,24.07,High,,0.0,0.0
AUC-1348,Prestigious Number 2900,Plates,Prestigious Number,Fujairah,Auction,Closed,2025-10-11 19:00:00,2025-10-14 06:00:00,2.458,2025-11-08 12:00:00,2068146.06,2254704.12,2858321.49,0.7888,27,12,580,0.0902054567654665,186558.06,31.0,2.25,21.48148148148148,,,False,Saturday,19.0,10.0,October,4.0,2.25,3.95,42.37,High,,0.0,2254704.12
AUC-1349,Prestigious Number 3120,Plates,Prestigious Number,Fujairah,BuyNow,Closed,2025-10-29 06:00:00,2025-10-30 04:00:00,0.917,2025-11-08 12:00:00,1013172.68,2006659.48,1328844.78,1.5101,22,7,226,0.9805700643250664,993486.8,18.4,3.142857142857143,10.272727272727272,,,False,Wednesday,6.0,10.0,October,4.0,3.142857142857143,33.46,60.08,High,,0.0,2006659.48
AUC-1350,Prestigious Number 4085,Plates,Prestigious Number,Fujairah,Auction,Closed,2025-09-27 05:00:00,2025-09-27 19:00:00,0.583,2025-11-08 12:00:00,660966.76,757777.69,831507.25,0.9113,26,8,273,0.1464686817231171,96810.93,21.825,3.25,10.5,,,False,Saturday,5.0,9.0,September,3.0,3.25,5.59,3.35,High,,0.0,0.0
AUC-1351,Prestigious Number 1083,Plates,Prestigious Number,Fujairah,BuyNow,Closed,2025-10-26 11:00:00,2025-10-28 12:00:00,2.042,2025-11-08 12:00:00,1366525.26,2566309.52,1943663.55,1.3203,51,15,1319,0.8779817652254741,1199784.26,62.225,3.4,25.862745098039216,,,False,Sunday,11.0,10.0,October,4.0,3.4,30.81,18.49,High,,0.0,0.0
AUC-1352,Prestigious Number 1105,Plates,Prestigious Number,Fujairah,BuyNow,Closed,2025-10-02 11:00:00,2025-10-04 23:00:00,2.5,2025-11-08 12:00:00,2709516.77,4646937.95,3612034.46,1.2865,49,34,836,0.7150430665169865,1937421.18,53.9,1.4411764705882353,17.06122448979592,,,False,Thursday,11.0,10.0,October,4.0,1.4411764705882353,25.41,15.25,High,,0.0,0.0
AUC-1353,Prestigious Number 4333,Plates,Prestigious Number,Fujairah,Auction,Closed,2025-09-08 11:00:00,2025-09-09 18:00:00,1.292,2025-11-08 12:00:00,1800411.89,3677796.93,2272959.13,1.6181,58,31,678,1.042753078019275,1877385.04,53.7,1.870967741935484,11.689655172413794,,,False,Monday,11.0,9.0,September,3.0,1.870967741935484,37.01,62.21,High,,0.0,3677796.93
AUC-1354,Prestigious Number 1179,Plates,Prestigious Number,Fujairah,Auction,Closed,2025-10-02 16:00:00,2025-10-04 22:00:00,2.323,2025-11-08 12:00:00,1038705.29,1850241.61,1310168.94,1.4122,72,32,1083,0.7812960305612769,811536.32,71.075,2.25,15.041666666666666,,,False,Thursday,16.0,10.0,October,4.0,2.25,28.56,57.14,High,,0.0,1850241.61
AUC-1355,Prestigious Number 3863,Plates,Prestigious Number,Fujairah,Auction,Closed,2025-09-28 18:00:00,2025-09-30 02:00:00,1.333,2025-11-08 12:00:00,853984.88,1072263.66,1086907.16,0.9865,43,16,805,0.2556002865062434,218278.78,45.625,2.6875,18.72093023255814,,,False,Sunday,18.0,9.0,September,3.0,2.6875,9.9,45.94,High,,0.0,1072263.66
AUC-1356,Prestigious Number 6227,Plates,Prestigious Number,Fujairah,Auction,Closed,2025-09-27 21:00:00,2025-09-28 08:00:00,0.586,2025-11-08 12:00:00,1868282.47,2461729.43,2592454.32,0.9496,65,23,699,0.317643059617211,593446.96,55.725,2.8260869565217392,10.753846153846156,,,False,Saturday,21.0,9.0,September,3.0,2.8260869565217392,12.94,47.76,High,,0.0,2461729.43
AUC-1357,Prestigious Number 1280,Plates,Prestigious Number,Fujairah,Auction,Closed,2025-09-16 06:00:00,2025-09-18 16:00:00,2.546,2025-11-08 12:00:00,2723802.08,3102338.54,3556842.48,0.8722,75,25,1181,0.1389735556703885,378536.46,73.275,3.0,15.746666666666666,,,False,Tuesday,6.0,9.0,September,3.0,3.0,7.07,44.24,High,,0.0,3102338.54
AUC-1358,Prestigious Number 6559,Plates,Prestigious Number,Fujairah,Auction,Closed,2025-10-09 08:00:00,2025-10-12 02:00:00,2.75,2025-11-08 12:00:00,1457193.87,1736615.44,1917828.75,0.9055,21,9,235,0.1917531879268746,279421.57,18.625,2.333333333333333,11.19047619047619,,,False,Thursday,8.0,10.0,October,4.0,2.333333333333333,7.18,44.31,High,,0.0,1736615.44
AUC-1359,Prestigious Number 6590,Plates,Prestigious Number,Fujairah,BuyNow,Closed,2025-10-05 19:00:00,2025-10-08 17:00:00,2.917,2025-11-08 12:00:00,102215.29,204803.63,136352.52,1.502,40,16,713,1.0036496496756997,102588.34,41.825,2.5,17.825,,,False,Sunday,19.0,10.0,October,4.0,2.5,34.65,20.79,High,,0.0,0.0
AUC-1360,Prestigious Number 6159,Plates,Prestigious Number,Fujairah,Auction,Closed,2025-10-27 18:00:00,2025-10-28 04:00:00,0.549,2025-11-08 12:00:00,2618375.78,4556729.93,3726649.28,1.2227,65,19,1721,0.7402887564137185,1938354.15,80.275,3.421052631578948,26.476923076923075,,,False,Monday,18.0,10.0,October,4.0,3.421052631578948,26.41,55.85,High,,0.0,4556729.93
AUC-1361,Prestigious Number 6639,Plates,Prestigious Number,Fujairah,Auction,Closed,2025-09-30 02:00:00,2025-10-01 20:00:00,1.75,2025-11-08 12:00:00,863895.39,1336807.76,1214176.76,1.101,23,13,239,0.5474185595549943,472912.37,20.725,1.7692307692307692,10.391304347826088,,,False,Tuesday,2.0,9.0,September,3.0,1.7692307692307692,19.01,51.41,High,,0.0,1336807.76
AUC-1362,Prestigious Number 8282,Plates,Prestigious Number,Fujairah,Auction,Closed,2025-10-19 12:00:00,2025-10-21 10:00:00,1.917,2025-11-08 12:00:00,379495.59,567972.88,491557.0,1.1555,52,17,1415,0.4966521218336159,188477.29,65.625,3.0588235294117645,27.21153846153846,,,False,Sunday,12.0,10.0,October,4.0,3.0588235294117645,18.05,50.83,High,,0.0,567972.88
AUC-1363,Prestigious Number 1637,Plates,Prestigious Number,Fujairah,Auction,Closed,2025-10-07 12:00:00,2025-10-07 21:00:00,0.375,2025-11-08 12:00:00,860965.01,1781508.61,1137297.78,1.5664,43,15,452,1.069199780836622,920543.6,36.55,2.8666666666666667,10.511627906976743,,,False,Tuesday,12.0,10.0,October,4.0,2.8666666666666667,37.18,62.31,High,,0.0,1781508.61
AUC-1364,Prestigious Number 2519,Plates,Prestigious Number,Fujairah,Auction,Closed,2025-09-20 16:00:00,2025-09-23 12:00:00,2.833,2025-11-08 12:00:00,2734812.16,2889612.42,3875660.3,0.7456,5,3,103,0.0566036169738252,154800.26,5.825,1.6666666666666667,20.6,,,False,Saturday,16.0,9.0,September,3.0,1.6666666666666667,2.06,41.24,High,,0.0,2889612.42
AUC-1365,Prestigious Number 3853,Plates,Prestigious Number,Fujairah,Auction,Closed,2025-11-05 17:00:00,2025-11-06 03:00:00,0.47,2025-11-08 12:00:00,2884372.59,4929580.81,3608200.84,1.3662,90,27,1841,0.7090651974334563,2045208.22,97.775,3.333333333333333,20.45555555555556,,,False,Wednesday,17.0,11.0,November,4.0,3.333333333333333,26.29,55.77,High,,0.0,4929580.81
AUC-1366,Prestigious Number 7192,Plates,Prestigious Number,Fujairah,Auction,Closed,2025-10-04 14:00:00,2025-10-05 12:00:00,1.01,2025-11-08 12:00:00,2765023.88,5371472.8,3709633.7,1.448,98,31,1487,0.942649696030835,2606448.92,93.925,3.161290322580645,15.173469387755102,,,False,Saturday,14.0,10.0,October,4.0,3.161290322580645,34.85,60.91,High,,0.0,5371472.8
AUC-1367,Prestigious Number 8854,Plates,Prestigious Number,Fujairah,Auction,Closed,2025-10-25 05:00:00,2025-10-28 02:00:00,2.972,2025-11-08 12:00:00,231490.12,499705.61,307394.91,1.6256,78,26,1201,1.158647677922496,268215.49,75.525,3.0,15.397435897435898,,,False,Saturday,5.0,10.0,October,4.0,3.0,41.15,64.69,High,,0.0,499705.61
AUC-1368,Prestigious Number 9267,Plates,Prestigious Number,Fujairah,Auction,Closed,2025-10-20 02:00:00,2025-10-21 19:00:00,1.708,2025-11-08 12:00:00,324132.43,399597.62,445865.08,0.8962,48,32,1201,0.2328220906498001,75465.19,62.025,1.5,25.02083333333333,,,False,Monday,2.0,10.0,October,4.0,1.5,9.43,45.66,High,,0.0,399597.62
AUC-1369,Prestigious Number 6238,Plates,Prestigious Number,Fujairah,Auction,Closed,2025-11-02 13:00:00,2025-11-04 15:00:00,2.083,2025-11-08 12:00:00,306858.54,663727.83,410201.95,1.6181,23,15,345,1.162976562425149,356869.29,23.875,1.5333333333333334,15.0,,,False,Sunday,13.0,11.0,November,4.0,1.5333333333333334,39.48,23.69,High,,0.0,0.0
AUC-1370,Prestigious Number 4690,Plates,Prestigious Number,Fujairah,Auction,Closed,2025-10-26 13:00:00,2025-10-28 02:00:00,1.542,2025-11-08 12:00:00,933933.15,1814500.69,1269146.54,1.4297,6,2,72,0.9428592828084108,880567.54,5.3,3.0,12.0,,,False,Sunday,13.0,10.0,October,4.0,3.0,31.66,59.0,High,,0.0,1814500.69
AUC-1371,Prestigious Number 4707,Plates,Prestigious Number,Fujairah,BuyNow,Closed,2025-09-06 14:00:00,2025-09-08 21:00:00,2.292,2025-11-08 12:00:00,1765996.0,3717853.41,2339698.48,1.589,14,10,350,1.1052445249026612,1951857.41,18.25,1.4,25.0,,,False,Saturday,14.0,9.0,September,3.0,1.4,37.36,62.42,High,,0.0,3717853.41
AUC-1372,Prestigious Number 1538,Plates,Prestigious Number,Fujairah,Auction,Closed,2025-09-09 03:00:00,2025-09-09 12:00:00,0.375,2025-11-08 12:00:00,2988855.43,5334426.25,4281999.81,1.2458,44,30,471,0.7847722564486833,2345570.82,41.275,1.4666666666666666,10.704545454545457,,,False,Tuesday,3.0,9.0,September,3.0,1.4666666666666666,27.87,56.72,High,,0.0,5334426.25
AUC-1373,Prestigious Number 5185,Plates,Prestigious Number,Fujairah,BuyNow,Closed,2025-09-23 10:00:00,2025-09-25 11:00:00,2.042,2025-11-08 12:00:00,2372934.97,5017340.42,3152540.04,1.5915,11,5,241,1.1144028316966477,2644405.45,12.775,2.2,21.90909090909091,,,False,Tuesday,10.0,9.0,September,3.0,2.2,37.54,62.52,High,,0.0,5017340.42
AUC-1374,Prestigious Number 5615,Plates,Prestigious Number,Fujairah,Auction,Closed,2025-10-01 21:00:00,2025-10-02 05:00:00,0.333,2025-11-08 12:00:00,1508996.55,2337287.27,1895874.06,1.2328,23,19,336,0.5489016658122909,828290.72,24.65,1.2105263157894737,14.608695652173912,,,False,Wednesday,21.0,10.0,October,4.0,1.2105263157894737,19.13,51.48,High,,0.0,2337287.27
AUC-1375,Prestigious Number 2874,Plates,Prestigious Number,Fujairah,Auction,Closed,2025-09-21 18:00:00,2025-09-22 10:00:00,0.667,2025-11-08 12:00:00,315137.34,554040.67,455203.16,1.2171,3,1,73,0.7580927414060168,238903.33,3.575,3.0,24.33333333333333,,,False,Sunday,18.0,9.0,September,3.0,3.0,25.35,55.21,High,,0.0,554040.67
AUC-1376,Prestigious Number 7910,Plates,Prestigious Number,Fujairah,Auction,Closed,2025-09-13 11:00:00,2025-09-15 01:00:00,1.583,2025-11-08 12:00:00,385552.13,650407.62,542760.96,1.1983,29,12,355,0.6869511783011029,264855.49,26.375,2.4166666666666665,12.241379310344827,,,False,Saturday,11.0,9.0,September,3.0,2.4166666666666665,23.9,54.34,High,,0.0,650407.62
AUC-1377,Prestigious Number 8306,Plates,Prestigious Number,Fujairah,Auction,Closed,2025-10-05 13:00:00,2025-10-06 23:00:00,1.417,2025-11-08 12:00:00,2375968.95,4428104.11,3024541.02,1.4641,6,4,119,0.8637045362061655,2052135.16,6.975,1.5,19.83333333333333,,,False,Sunday,13.0,10.0,October,4.0,1.5,28.97,57.38,High,,0.0,4428104.11
AUC-1378,Prestigious Number 3717,Plates,Prestigious Number,Fujairah,Auction,Closed,2025-11-04 15:00:00,2025-11-05 05:00:00,0.583,2025-11-08 12:00:00,1160417.42,2074291.67,1625143.98,1.2764,10,4,117,0.7875392373892491,913874.25,8.925,2.5,11.7,,,False,Tuesday,15.0,11.0,November,4.0,2.5,26.63,15.98,High,,0.0,0.0
AUC-1379,Prestigious Number 9225,Plates,Prestigious Number,Fujairah,Auction,Closed,2025-09-23 03:00:00,2025-09-25 13:00:00,2.417,2025-11-08 12:00:00,287668.2,436813.15,369837.93,1.1811,8,6,126,0.5184617208297615,149144.95,8.65,1.3333333333333333,15.75,,,False,Tuesday,3.0,9.0,September,3.0,1.3333333333333333,17.54,50.52,High,,0.0,436813.15
AUC-1380,Prestigious Number 1963,Plates,Prestigious Number,Fujairah,BuyNow,Closed,2025-09-08 00:00:00,2025-09-09 00:00:00,1.0,2025-11-08 12:00:00,2197324.96,4026904.71,2856282.02,1.4098,26,19,489,0.8326395882746447,1829579.75,29.975,1.368421052631579,18.807692307692307,,,False,Monday,0.0,9.0,September,3.0,1.368421052631579,28.64,57.18,High,,0.0,4026904.71
AUC-1381,Prestigious Number 9195,Plates,Prestigious Number,Fujairah,Auction,Closed,2025-10-20 11:00:00,2025-10-23 01:00:00,2.583,2025-11-08 12:00:00,884279.98,1381296.84,1116922.12,1.2367,56,24,922,0.5620582521838843,497016.86,57.05,2.333333333333333,16.464285714285715,,,False,Monday,11.0,10.0,October,4.0,2.333333333333333,20.61,12.37,High,,0.0,0.0
AUC-1382,Prestigious Number 7911,Plates,Prestigious Number,Fujairah,Auction,Closed,2025-10-10 22:00:00,2025-10-11 03:00:00,0.208,2025-11-08 12:00:00,1749856.15,2278941.99,2277972.3,1.0004,23,10,399,0.3023596196750232,529085.84,23.975,2.3,17.347826086956523,,,False,Friday,22.0,10.0,October,4.0,2.3,10.84,46.5,High,,0.0,2278941.99
AUC-1383,Prestigious Number 3015,Plates,Prestigious Number,Fujairah,Auction,Closed,2025-10-15 20:00:00,2025-10-16 16:00:00,0.833,2025-11-08 12:00:00,2554242.56,3070438.68,3641999.49,0.8431,55,28,1182,0.2020936179217059,516196.12,64.05,1.9642857142857144,21.49090909090909,,,False,Wednesday,20.0,10.0,October,4.0,1.9642857142857144,8.67,45.2,High,,0.0,3070438.68
AUC-1384,Prestigious Number 6850,Plates,Prestigious Number,Fujairah,Auction,Closed,2025-10-14 12:00:00,2025-10-15 12:00:00,1.0,2025-11-08 12:00:00,2218890.06,2651072.11,2839322.06,0.9337,37,14,372,0.19477398082535,432182.05,31.3,2.642857142857143,10.054054054054054,,,False,Tuesday,12.0,10.0,October,4.0,2.642857142857143,7.81,44.69,High,,0.0,2651072.11
AUC-1385,Prestigious Number 3796,Plates,Prestigious Number,Fujairah,Auction,Closed,2025-09-23 01:00:00,2025-09-24 21:00:00,1.833,2025-11-08 12:00:00,491310.3,1023286.01,646467.06,1.5829,54,26,906,1.0827693007860817,531975.71,56.15,2.076923076923077,16.77777777777778,,,False,Tuesday,1.0,9.0,September,3.0,2.076923076923077,38.04,22.82,High,,0.0,0.0
AUC-1386,Prestigious Number 8196,Plates,Prestigious Number,Fujairah,Auction,Closed,2025-10-14 14:00:00,2025-10-15 21:00:00,1.292,2025-11-08 12:00:00,1104976.17,2280790.53,1521560.63,1.499,48,19,536,1.0641083418115704,1175814.36,42.15,2.526315789473684,11.166666666666666,,,False,Tuesday,14.0,10.0,October,4.0,2.526315789473684,37.25,62.35,High,,0.0,2280790.53
AUC-1387,Prestigious Number 2445,Plates,Prestigious Number,Fujairah,Auction,Closed,2025-09-11 00:00:00,2025-09-11 14:00:00,0.583,2025-11-08 12:00:00,1858362.79,3302745.62,2621969.92,1.2596,50,25,1033,0.7772340458883166,1444382.83,57.075,2.0,20.66,,,False,Thursday,0.0,9.0,September,3.0,2.0,27.56,56.54,High,,0.0,3302745.62
AUC-1388,Prestigious Number 3203,Plates,Prestigious Number,Fujairah,Auction,Closed,2025-09-19 04:00:00,2025-09-20 22:00:00,1.866,2025-11-08 12:00:00,1944569.74,2821037.06,2534226.52,1.1132,97,34,1627,0.45072557798827,876467.32,97.675,2.8529411764705883,16.77319587628866,,,False,Friday,4.0,9.0,September,3.0,2.8529411764705883,18.19,50.91,High,,0.0,2821037.06
AUC-1389,Prestigious Number 3764,Plates,Prestigious Number,Fujairah,Auction,Closed,2025-11-03 03:00:00,2025-11-06 00:00:00,2.953,2025-11-08 12:00:00,840467.38,973285.55,1106295.8,0.8798,86,34,935,0.1580289409923322,132818.17,74.875,2.5294117647058822,10.872093023255816,,,False,Monday,3.0,11.0,November,4.0,2.5294117647058822,8.42,45.05,High,,0.0,973285.55
AUC-1390,Prestigious Number 2796,Plates,Prestigious Number,Fujairah,Auction,Closed,2025-09-18 03:00:00,2025-09-18 16:00:00,0.542,2025-11-08 12:00:00,2146962.65,3734289.61,2886517.65,1.2937,31,20,829,0.739336084863889,1587326.96,41.225,1.55,26.741935483870968,,,False,Thursday,3.0,9.0,September,3.0,1.55,25.65,15.39,High,,0.0,0.0
AUC-1391,Prestigious Number 3994,Plates,Prestigious Number,Fujairah,Auction,Closed,2025-09-20 16:00:00,2025-09-21 13:00:00,0.927,2025-11-08 12:00:00,2361085.08,4491412.87,3011110.76,1.4916,92,33,2211,0.9022664231989472,2130327.79,109.525,2.787878787878788,24.032608695652176,,,False,Saturday,16.0,9.0,September,3.0,2.787878787878788,32.79,19.67,High,,0.0,0.0
AUC-1392,Prestigious Number 6422,Plates,Prestigious Number,Fujairah,Auction,Closed,2025-10-06 22:00:00,2025-10-08 10:00:00,1.552,2025-11-08 12:00:00,1564012.7,3301502.72,2180696.05,1.514,72,24,1805,1.1109181018798635,1737490.02,87.125,3.0,25.069444444444443,,,False,Monday,22.0,10.0,October,4.0,3.0,38.96,63.38,High,,0.0,3301502.72
AUC-1393,Prestigious Number 6697,Plates,Prestigious Number,Fujairah,BuyNow,Closed,2025-10-07 00:00:00,2025-10-09 05:00:00,2.208,2025-11-08 12:00:00,1151849.99,1746473.04,1460160.82,1.1961,14,10,203,0.5162330643419982,594623.05,14.575,1.4,14.5,,,False,Tuesday,0.0,10.0,October,4.0,1.4,17.74,50.64,High,,0.0,1746473.04
AUC-1394,Prestigious Number 5984,Plates,Prestigious Number,Fujairah,Auction,Closed,2025-09-17 05:00:00,2025-09-17 18:00:00,0.597,2025-11-08 12:00:00,612790.22,955109.65,842206.74,1.1341,83,32,1710,0.558624173212164,342319.43,92.25,2.59375,20.602409638554217,,,False,Wednesday,5.0,9.0,September,3.0,2.59375,21.49,52.89,High,,0.0,955109.65
AUC-1395,Prestigious Number 2706,Plates,Prestigious Number,Fujairah,BuyNow,Closed,2025-10-12 08:00:00,2025-10-13 03:00:00,0.792,2025-11-08 12:00:00,2175545.36,2596757.7,2784140.55,0.9327,15,5,420,0.1936122995845052,421212.34,19.25,3.0,28.0,,,False,Sunday,8.0,10.0,October,4.0,3.0,6.9,44.14,High,,0.0,2596757.7
AUC-1396,Prestigious Number 2821,Plates,Prestigious Number,Fujairah,Auction,Closed,2025-10-28 16:00:00,2025-10-29 11:00:00,0.792,2025-11-08 12:00:00,2364320.71,3403978.81,3373545.54,1.009,23,16,483,0.439728035034638,1039658.1,27.575,1.4375,21.0,,,False,Tuesday,16.0,10.0,October,4.0,1.4375,15.37,49.22,High,,0.0,3403978.81
AUC-1397,Prestigious Number 9273,Plates,Prestigious Number,Fujairah,Auction,Closed,2025-10-18 10:00:00,2025-10-20 07:00:00,1.875,2025-11-08 12:00:00,1160471.21,2293055.19,1492776.44,1.5361,20,6,439,0.9759690462290744,1132583.98,22.475,3.333333333333333,21.95,,,False,Saturday,10.0,10.0,October,4.0,3.333333333333333,33.07,59.84,High,,0.0,2293055.19
AUC-1398,Prestigious Number 3261,Plates,Prestigious Number,Fujairah,Auction,Closed,2025-10-22 04:00:00,2025-10-22 13:00:00,0.375,2025-11-08 12:00:00,297019.04,576154.98,378638.59,1.5216,58,27,945,0.9397914019249406,279135.94,59.375,2.1481481481481484,16.29310344827586,,,False,Wednesday,4.0,10.0,October,4.0,2.1481481481481484,33.24,59.94,High,,0.0,576154.98
AUC-1399,Prestigious Number 1927,Plates,Prestigious Number,Fujairah,Auction,Closed,2025-09-25 23:00:00,2025-09-27 23:00:00,2.141,2025-11-08 12:00:00,2061236.74,3819475.05,2606004.24,1.4656,90,31,1697,0.8530016353191918,1758238.31,95.175,2.903225806451613,18.855555555555554,,,False,Thursday,23.0,9.0,September,3.0,2.903225806451613,31.03,18.62,High,,0.0,0.0
AUC-1400,Prestigious Number 5085,Plates,Prestigious Number,Fujairah,Auction,Closed,2025-10-26 08:00:00,2025-10-27 16:00:00,1.443,2025-11-08 12:00:00,2626372.7,3403510.82,3760964.53,0.905,91,28,923,0.2958978822769516,777138.12,75.575,3.25,10.142857142857142,,,False,Sunday,8.0,10.0,October,4.0,3.25,13.06,47.84,High,,0.0,3403510.82
AUC-1401,Prestigious Number 1061,Plates,Prestigious Number,Fujairah,Auction,Closed,2025-09-28 22:00:00,2025-09-30 00:00:00,1.083,2025-11-08 12:00:00,1066313.9,1273542.62,1497751.76,0.8503,14,4,162,0.1943411972778374,207228.72,12.05,3.5,11.571428571428571,,,False,Sunday,22.0,9.0,September,3.0,3.5,6.99,44.19,High,,0.0,1273542.62
AUC-1402,Prestigious Number 4083,Plates,Prestigious Number,Fujairah,Auction,Closed,2025-10-08 09:00:00,2025-10-10 23:00:00,2.583,2025-11-08 12:00:00,2331660.68,3351266.09,3166780.39,1.0583,25,10,250,0.4372872171091377,1019605.41,21.25,2.5,10.0,,,False,Wednesday,9.0,10.0,October,4.0,2.5,15.47,9.28,High,,0.0,0.0
AUC-1403,Prestigious Number 8693,Plates,Prestigious Number,Fujairah,BuyNow,Closed,2025-09-15 08:00:00,2025-09-17 19:00:00,2.458,2025-11-08 12:00:00,504956.84,928077.02,690101.95,1.3448,34,12,363,0.8379333568389725,423120.18,29.075,2.833333333333333,10.676470588235292,,,False,Monday,8.0,9.0,September,3.0,2.833333333333333,29.16,57.5,High,,0.0,928077.02
AUC-1404,Prestigious Number 3406,Plates,Prestigious Number,Fujairah,Auction,Closed,2025-10-06 10:00:00,2025-10-08 20:00:00,2.417,2025-11-08 12:00:00,678146.13,1331218.16,896976.7,1.4841,7,4,83,0.9630255207679204,653072.03,6.575,1.75,11.857142857142858,,,False,Monday,10.0,10.0,October,4.0,1.75,32.38,59.43,High,,0.0,1331218.16
AUC-1405,Apartment 7333,Property,Apartment,Dubai,Auction,Closed,2025-09-10 13:00:00,2025-09-13 05:00:00,2.667,2025-11-08 12:00:00,1883820.0,3952512.02,2567280.84,1.5396,35,19,700,1.0981367752757694,2068692.02,39.75,1.8421052631578947,20.0,,,False,Wednesday,13.0,9.0,September,3.0,1.8421052631578947,37.88,62.73,High,,0.0,3952512.02
AUC-1406,Apartment 5407,Property,Apartment,Dubai,Auction,Closed,2025-09-13 03:00:00,2025-09-13 22:00:00,0.792,2025-11-08 12:00:00,1331695.0,2273578.06,1792975.39,1.268,6,2,166,0.7072813669796764,941883.06,7.65,3.0,27.666666666666668,,,False,Saturday,3.0,9.0,September,3.0,3.0,23.77,54.26,High,,0.0,2273578.06
AUC-1407,Apartment 4197,Property,Apartment,Dubai,Auction,Closed,2025-10-23 23:00:00,2025-10-26 13:00:00,2.583,2025-11-08 12:00:00,287521.0,549479.47,360036.03,1.5262,44,21,453,0.9110933462251452,261958.47,38.575,2.095238095238096,10.295454545454543,,,False,Thursday,23.0,10.0,October,4.0,2.095238095238096,31.98,59.19,High,,0.0,549479.47
AUC-1408,Apartment 6953,Property,Apartment,Sharjah,Auction,Closed,2025-09-26 12:00:00,2025-09-27 03:00:00,0.769,2025-11-08 12:00:00,1653987.0,2238116.18,2125413.6,1.053,62,20,971,0.3531643114486391,584129.18,60.275,3.1,15.661290322580646,,,False,Friday,12.0,9.0,September,3.0,3.1,13.8,48.28,High,,0.0,2238116.18
AUC-1409,Apartment 6358,Property,Apartment,Dubai,Auction,Closed,2025-10-24 13:00:00,2025-10-25 15:00:00,1.083,2025-11-08 12:00:00,689977.0,936305.0,958951.66,0.9764,28,21,611,0.3570090017493337,246328.0,34.525,1.3333333333333333,21.821428571428573,,,False,Friday,13.0,10.0,October,4.0,1.3333333333333333,12.87,47.72,High,,0.0,936305.0
AUC-1410,Apartment 3863,Property,Apartment,Dubai,Auction,Closed,2025-09-17 18:00:00,2025-09-19 11:00:00,1.708,2025-11-08 12:00:00,2721392.0,4003429.3,3732630.49,1.0725,54,32,1060,0.4710961522632534,1282037.3,61.5,1.6875,19.62962962962963,,,False,Wednesday,18.0,9.0,September,3.0,1.6875,17.27,50.36,High,,0.0,4003429.3
AUC-1411,Apartment 3011,Property,Apartment,Dubai,Auction,Closed,2025-09-28 04:00:00,2025-09-30 10:00:00,2.25,2025-11-08 12:00:00,1738382.0,3156917.27,2407084.48,1.3115,43,27,472,0.8160089497015041,1418535.27,40.05,1.5925925925925926,10.976744186046512,,,False,Sunday,4.0,9.0,September,3.0,1.5925925925925926,28.75,57.25,High,,0.0,3156917.27
AUC-1412,Apartment 9250,Property,Apartment,Sharjah,Auction,Closed,2025-10-19 04:00:00,2025-10-20 23:00:00,1.792,2025-11-08 12:00:00,3332100.96,4465565.95,4336671.07,1.0297,22,9,244,0.3401652601786712,1133464.99,19.35,2.4444444444444446,11.090909090909092,,,False,Sunday,4.0,10.0,October,4.0,2.4444444444444446,12.15,47.29,High,,0.0,4465565.95
AUC-1413,Apartment 2515,Property,Apartment,Ajman,Auction,Closed,2025-10-22 06:00:00,2025-10-24 00:00:00,1.75,2025-11-08 12:00:00,1850207.0,3575482.62,2478386.34,1.4427,28,20,536,0.932477079591635,1725275.62,32.4,1.4,19.142857142857142,,,False,Wednesday,6.0,10.0,October,4.0,1.4,32.13,59.28,High,,0.0,3575482.62
AUC-1414,Apartment 9634,Property,Apartment,Dubai,Auction,Closed,2025-10-11 18:00:00,2025-10-12 23:00:00,1.208,2025-11-08 12:00:00,3265264.58,4180187.73,4281983.08,0.9762,56,28,1367,0.280198779481447,914923.15,69.175,2.0,24.410714285714285,,,False,Saturday,18.0,10.0,October,4.0,2.0,11.15,46.69,High,,0.0,4180187.73
AUC-1415,Apartment 5239,Property,Apartment,Dubai,Auction,Closed,2025-09-18 13:00:00,2025-09-20 09:00:00,1.957,2025-11-08 12:00:00,2008904.0,2804650.8,2563366.77,1.0941,101,29,2001,0.3961099186422048,795746.8,107.775,3.4827586206896552,19.81188118811881,,,False,Thursday,13.0,9.0,September,3.0,3.4827586206896552,16.54,49.92,High,,0.0,2804650.8
AUC-1416,Apartment 9969,Property,Apartment,Dubai,Auction,Closed,2025-09-19 19:00:00,2025-09-21 07:00:00,1.633,2025-11-08 12:00:00,2604341.0,3711973.33,3613356.03,1.0273,67,22,691,0.4253023432799315,1107632.33,56.275,3.0454545454545454,10.313432835820896,,,False,Friday,19.0,9.0,September,3.0,3.0454545454545454,16.55,9.93,High,,0.0,0.0
AUC-1417,Apartment 4178,Property,Apartment,Dubai,BuyNow,Closed,2025-11-03 14:00:00,2025-11-05 02:00:00,1.5,2025-11-08 12:00:00,2811322.0,3016157.58,3789839.02,0.7959,9,3,179,0.0728609458468293,204835.58,9.725,3.0,19.88888888888889,,,False,Monday,14.0,11.0,November,4.0,3.0,2.74,41.64,High,,0.0,3016157.58
AUC-1418,Apartment 6088,Property,Apartment,Sharjah,Auction,Closed,2025-10-18 13:00:00,2025-10-20 08:00:00,1.792,2025-11-08 12:00:00,1574076.0,1711016.83,1913435.64,0.8942,23,15,495,0.0869975973205868,136940.83,27.625,1.5333333333333334,21.52173913043478,,,False,Saturday,13.0,10.0,October,4.0,1.5333333333333334,3.7,42.22,High,,0.0,1711016.83
AUC-1419,Apartment 6536,Property,Apartment,Sharjah,Auction,Closed,2025-10-10 20:00:00,2025-10-12 16:00:00,1.885,2025-11-08 12:00:00,467795.0,707897.86,599188.74,1.1814,61,30,1297,0.5132651268183712,240102.86,70.425,2.033333333333333,21.262295081967213,,,False,Friday,20.0,10.0,October,4.0,2.033333333333333,19.05,51.43,High,,0.0,707897.86
AUC-1420,Apartment 4047,Property,Apartment,Dubai,BuyNow,Closed,2025-10-01 17:00:00,2025-10-02 19:00:00,1.083,2025-11-08 12:00:00,227158.0,356184.0,305182.8,1.1671,8,3,188,0.5680011269688939,129026.0,9.45,2.6666666666666665,23.5,,,False,Wednesday,17.0,10.0,October,4.0,2.6666666666666665,19.19,51.51,High,,0.0,356184.0
AUC-1421,Office 2963,Property,Office,Dubai,Auction,Closed,2025-10-29 22:00:00,2025-10-30 11:00:00,0.542,2025-11-08 12:00:00,2401602.0,4838851.59,3094068.27,1.5639,26,21,290,1.014843254627536,2437249.59,25.5,1.238095238095238,11.153846153846152,,,False,Wednesday,22.0,10.0,October,4.0,1.238095238095238,34.88,60.93,High,,0.0,4838851.59
AUC-1422,Office 5682,Property,Office,Dubai,Auction,Closed,2025-10-16 18:00:00,2025-10-17 18:00:00,1.0,2025-11-08 12:00:00,2544052.0,4045503.9,3071815.49,1.317,42,19,765,0.5901812934641273,1501451.9,44.875,2.210526315789474,18.214285714285715,,,False,Thursday,18.0,10.0,October,4.0,2.210526315789474,20.91,52.55,High,,0.0,4045503.9
AUC-1423,Office 6965,Property,Office,Dubai,Auction,Closed,2025-09-14 03:00:00,2025-09-15 10:00:00,1.292,2025-11-08 12:00:00,190211.0,371888.5,265469.1,1.4009,27,8,291,0.9551366640204824,181677.5,22.775,3.375,10.77777777777778,,,False,Sunday,3.0,9.0,September,3.0,3.375,32.81,59.69,High,,0.0,371888.5
AUC-1424,Office 3352,Property,Office,Dubai,BuyNow,Closed,2025-10-09 13:00:00,2025-10-10 03:00:00,0.583,2025-11-08 12:00:00,2139520.0,4344828.89,2753922.4,1.5777,17,12,214,1.0307493690173497,2205308.89,16.85,1.4166666666666667,12.588235294117649,,,False,Thursday,13.0,10.0,October,4.0,1.4166666666666667,34.9,60.94,High,,0.0,4344828.89
AUC-1425,Office 7900,Property,Office,Dubai,BuyNow,Closed,2025-09-23 16:00:00,2025-09-24 08:00:00,0.744,2025-11-08 12:00:00,2523843.29,4103714.72,3333203.86,1.2312,112,34,1325,0.6259784180181805,1579871.43,97.625,3.294117647058824,11.830357142857142,,,False,Tuesday,16.0,9.0,September,3.0,3.294117647058824,25.02,15.01,High,,0.0,0.0
AUC-1426,Office 6749,Property,Office,Sharjah,Auction,Closed,2025-10-05 20:00:00,2025-10-08 16:00:00,2.833,2025-11-08 12:00:00,1061389.0,1320116.84,1390677.34,0.9493,35,21,417,0.2437634458242925,258727.84,33.175,1.6666666666666667,11.914285714285716,,,False,Sunday,20.0,10.0,October,4.0,1.6666666666666667,9.3,45.58,High,,0.0,1320116.84
AUC-1427,Office 2499,Property,Office,Ajman,Auction,Closed,2025-10-09 19:00:00,2025-10-10 18:00:00,0.958,2025-11-08 12:00:00,2046791.0,4069384.27,2469150.42,1.6481,52,32,1268,0.9881777230796892,2022593.27,65.7,1.625,24.384615384615383,,,False,Thursday,19.0,10.0,October,4.0,1.625,34.86,60.92,High,,0.0,4069384.27
AUC-1428,Office 9446,Property,Office,Dubai,Auction,Closed,2025-09-28 16:00:00,2025-09-30 22:00:00,2.25,2025-11-08 12:00:00,2500528.0,2893869.55,3088591.96,0.937,28,17,532,0.1573033975224431,393341.55,31.55,1.6470588235294117,19.0,,,False,Sunday,16.0,9.0,September,3.0,1.6470588235294117,6.27,3.76,High,,0.0,0.0
AUC-1429,Office 1394,Property,Office,Dubai,Auction,Closed,2025-10-22 01:00:00,2025-10-22 13:00:00,0.616,2025-11-08 12:00:00,968836.0,1870392.62,1259499.1,1.485,97,29,1971,0.9305564822116438,901556.62,105.025,3.3448275862068964,20.31958762886598,,,False,Wednesday,1.0,10.0,October,4.0,3.3448275862068964,34.39,60.63,High,,0.0,1870392.62
AUC-1430,Office 6882,Property,Office,Dubai,Auction,Closed,2025-10-20 16:00:00,2025-10-23 14:00:00,2.917,2025-11-08 12:00:00,262875.99,545700.58,363343.82,1.5019,57,22,576,1.0758859719368057,282824.59,48.4,2.590909090909091,10.105263157894736,,,False,Monday,16.0,10.0,October,4.0,2.590909090909091,37.9,62.74,High,,0.0,545700.58
AUC-1431,Part of property 4955,Property,Property,Dubai,Auction,Closed,2025-09-08 06:00:00,2025-09-09 00:00:00,0.853,2025-11-08 12:00:00,2129803.0,2918478.96,2823163.23,1.0338,91,31,1111,0.3703046525899343,788675.96,81.025,2.935483870967742,12.208791208791208,,,False,Monday,6.0,9.0,September,3.0,2.935483870967742,14.81,48.89,High,,0.0,2918478.96
AUC-1432,Part of property 6883,Property,Property,Dubai,Auction,Closed,2025-09-14 13:00:00,2025-09-15 19:00:00,1.25,2025-11-08 12:00:00,1325391.0,2914523.47,1650831.22,1.7655,25,12,676,1.1989914447887455,1589132.47,32.4,2.083333333333333,27.04,,,False,Sunday,13.0,9.0,September,3.0,2.083333333333333,40.74,64.44,High,,0.0,2914523.47
AUC-1433,Part of property 7965,Property,Property,Sharjah,Auction,Closed,2025-09-22 02:00:00,2025-09-24 11:00:00,2.375,2025-11-08 12:00:00,1942020.0,2583619.77,2581792.79,1.0007,42,13,1090,0.3303775295825996,641599.77,51.5,3.230769230769231,25.952380952380956,,,False,Monday,2.0,9.0,September,3.0,3.230769230769231,12.23,47.34,High,,0.0,2583619.77
AUC-1434,Part of property 7184,Property,Property,Dubai,Auction,Closed,2025-10-29 18:00:00,2025-10-30 11:00:00,0.708,2025-11-08 12:00:00,1527053.0,3201758.77,1929539.81,1.6593,5,2,147,1.0966913198166666,1674705.77,6.675,2.5,29.4,,,False,Wednesday,18.0,10.0,October,4.0,2.5,36.73,22.04,High,,0.0,0.0
AUC-1435,Part of property 6856,Property,Property,Dubai,Auction,Closed,2025-11-03 23:00:00,2025-11-05 16:00:00,1.708,2025-11-08 12:00:00,1663958.92,3523412.02,2029713.57,1.7359,21,8,550,1.1174873836428607,1859453.1,26.25,2.625,26.19047619047619,,,False,Monday,23.0,11.0,November,4.0,2.625,37.98,62.79,High,,0.0,3523412.02
AUC-1436,Part of property 8567,Property,Property,Dubai,BuyNow,Closed,2025-10-26 03:00:00,2025-10-28 12:00:00,2.375,2025-11-08 12:00:00,56680.0,117724.18,68031.4,1.7304,15,5,194,1.0769968242766406,61044.18,13.6,3.0,12.933333333333334,,,False,Sunday,3.0,10.0,October,4.0,3.0,36.35,61.81,Mid,,0.0,117724.18
AUC-1437,Part of property 7316,Property,Property,Dubai,Auction,Closed,2025-09-12 01:00:00,2025-09-12 06:00:00,0.208,2025-11-08 12:00:00,1490059.0,2629324.02,1914091.82,1.3737,21,7,213,0.7645771207717278,1139265.02,17.575,3.0,10.142857142857142,,,False,Friday,1.0,9.0,September,3.0,3.0,26.23,55.74,High,,0.0,2629324.02
AUC-1438,Old House 8322,Property,Property,Dubai,Auction,Closed,2025-09-19 08:00:00,2025-09-19 13:00:00,0.208,2025-11-08 12:00:00,2516174.0,4878694.35,3289563.48,1.4831,30,11,514,0.9389336150838532,2362520.35,30.6,2.727272727272727,17.133333333333333,,,False,Friday,8.0,9.0,September,3.0,2.727272727272727,32.21,59.33,High,,0.0,4878694.35
AUC-1439,Old House 4625,Property,Property,Dubai,BuyNow,Closed,2025-10-04 05:00:00,2025-10-06 14:00:00,2.375,2025-11-08 12:00:00,2030734.0,2289056.58,2700652.42,0.8476,44,30,823,0.1272065075977455,258322.58,50.075,1.4666666666666666,18.704545454545453,,,False,Saturday,5.0,10.0,October,4.0,1.4666666666666666,5.7,3.42,High,,0.0,0.0
AUC-1440,Old House 2825,Property,Property,Sharjah,Auction,Closed,2025-09-09 12:00:00,2025-09-10 09:00:00,0.875,2025-11-08 12:00:00,1936500.0,4090910.15,2369408.33,1.7266,42,13,737,1.11252783372063,2154410.15,42.675,3.230769230769231,17.547619047619047,,,False,Tuesday,12.0,9.0,September,3.0,3.230769230769231,38.38,63.03,High,,0.0,4090910.15
AUC-1441,Old House 3114,Property,Property,Dubai,Auction,Closed,2025-10-27 11:00:00,2025-10-30 04:00:00,2.708,2025-11-08 12:00:00,3001341.1,6493610.55,3761977.17,1.7261,52,29,746,1.1635696622419889,3492269.45,51.9,1.793103448275862,14.346153846153848,,,False,Monday,11.0,10.0,October,4.0,1.793103448275862,40.69,64.41,High,,0.0,6493610.55
AUC-1442,Old House 6508,Property,Property,Sharjah,BuyNow,Closed,2025-10-01 23:00:00,2025-10-04 18:00:00,2.914,2025-11-08 12:00:00,455052.0,809209.81,551453.9,1.4674,98,28,1956,0.7782798669163086,354157.81,104.9,3.5,19.959183673469383,,,False,Wednesday,23.0,10.0,October,4.0,3.5,28.53,17.12,High,,0.0,0.0
AUC-1443,Residential Villa 5785,Property,Villa,Dubai,Auction,Closed,2025-10-25 17:00:00,2025-10-28 08:00:00,2.768,2025-11-08 12:00:00,1955206.0,3295176.77,2615449.37,1.2599,71,34,792,0.6853348291688958,1339970.77,63.8,2.088235294117647,11.154929577464788,,,False,Saturday,17.0,10.0,October,4.0,2.088235294117647,25.52,15.31,High,,0.0,0.0
AUC-1444,Residential Villa 1694,Property,Villa,Dubai,Auction,Closed,2025-10-17 07:00:00,2025-10-20 06:00:00,2.958,2025-11-08 12:00:00,615531.84,676327.62,774072.59,0.8737,27,18,360,0.0987695128817382,60795.78,27.0,1.5,13.333333333333334,,,False,Friday,7.0,10.0,October,4.0,1.5,4.29,42.57,High,,0.0,676327.62
AUC-1445,Residential Villa 2839,Property,Villa,Dubai,BuyNow,Closed,2025-09-09 16:00:00,2025-09-12 03:00:00,2.458,2025-11-08 12:00:00,1842282.0,2122680.97,2346799.95,0.9045,56,29,1511,0.1522019810213638,280398.97,73.025,1.9310344827586208,26.982142857142858,,,False,Tuesday,16.0,9.0,September,3.0,1.9310344827586208,7.01,4.21,High,,0.0,0.0
AUC-1446,Residential Villa 9706,Property,Villa,Dubai,Auction,Closed,2025-09-15 05:00:00,2025-09-16 11:00:00,1.25,2025-11-08 12:00:00,1017270.0,1435722.89,1412048.91,1.0168,38,15,875,0.4113488945904233,418452.89,44.625,2.533333333333333,23.026315789473685,,,False,Monday,5.0,9.0,September,3.0,2.533333333333333,14.84,48.9,High,,0.0,1435722.89
AUC-1447,Other 7535,Property,Property,Dubai,Auction,Closed,2025-10-28 18:00:00,2025-10-31 17:00:00,2.958,2025-11-08 12:00:00,2347935.52,2987646.36,3203373.78,0.9327,46,22,463,0.2724567325426381,639710.84,40.075,2.090909090909091,10.065217391304348,,,False,Tuesday,18.0,10.0,October,4.0,2.090909090909091,10.76,46.46,High,,0.0,2987646.36
AUC-1448,Other 7794,Property,Property,Sharjah,BuyNow,Closed,2025-10-23 08:00:00,2025-10-24 11:00:00,1.175,2025-11-08 12:00:00,1605035.0,3465234.9,2126773.44,1.6293,87,28,944,1.158977779300763,1860199.9,74.1,3.107142857142857,10.850574712643676,,,False,Thursday,8.0,10.0,October,4.0,3.107142857142857,41.77,65.06,High,,0.0,3465234.9
AUC-1449,Other 2772,Property,Property,Dubai,Auction,Closed,2025-10-01 14:00:00,2025-10-03 09:00:00,1.792,2025-11-08 12:00:00,2413156.0,4275923.49,3238350.99,1.3204,14,5,236,0.7719217033627334,1862767.49,14.15,2.8,16.857142857142858,,,False,Wednesday,14.0,10.0,October,4.0,2.8,26.18,15.71,High,,0.0,0.0
AUC-1450,Other 1577,Property,Property,Dubai,BuyNow,Closed,2025-11-03 23:00:00,2025-11-04 03:00:00,0.167,2025-11-08 12:00:00,1871085.0,3866535.0,2406622.89,1.6066,3,2,35,1.0664667826421568,1995450.0,2.875,1.5,11.666666666666666,,,False,Monday,23.0,11.0,November,4.0,1.5,35.65,61.39,High,,0.0,3866535.0
AUC-1451,Other 3621,Property,Property,Sharjah,Auction,Closed,2025-10-02 03:00:00,2025-10-05 00:00:00,2.875,2025-11-08 12:00:00,2838988.0,3692433.29,3681916.54,1.0029,15,6,382,0.3006160258514654,853445.29,18.55,2.5,25.466666666666665,,,False,Thursday,3.0,10.0,October,4.0,2.5,10.49,46.29,High,,0.0,3692433.29
AUC-1452,Other 8711,Property,Property,Sharjah,Auction,Closed,2025-10-01 16:00:00,2025-10-03 12:00:00,1.888,2025-11-08 12:00:00,1948591.0,2520161.07,2665592.34,0.9454,75,25,1654,0.2933248023828498,571570.07,85.1,3.0,22.05333333333333,,,False,Wednesday,16.0,10.0,October,4.0,3.0,12.12,47.27,High,,0.0,2520161.07
AUC-1453,Other 5558,Property,Property,Dubai,Auction,Closed,2025-10-18 08:00:00,2025-10-21 04:00:00,2.833,2025-11-08 12:00:00,577383.0,993278.35,749719.04,1.3249,55,17,760,0.7203110413711522,415895.35,50.75,3.235294117647059,13.818181818181818,,,False,Saturday,8.0,10.0,October,4.0,3.235294117647059,25.65,55.39,High,,0.0,993278.35
AUC-1454,Other 8060,Property,Property,Dubai,Auction,Closed,2025-10-19 20:00:00,2025-10-20 23:00:00,1.125,2025-11-08 12:00:00,640979.0,1345962.44,889254.93,1.5136,21,10,579,1.0998541917909943,704983.44,27.475,2.1,27.571428571428573,,,False,Sunday,20.0,10.0,October,4.0,2.1,37.41,62.45,High,,0.0,1345962.44
AUC-1455,Other 5379,Property,Property,Ajman,BuyNow,Closed,2025-10-23 20:00:00,2025-10-24 21:00:00,1.17,2025-11-08 12:00:00,883817.0,1551469.1,1160101.18,1.3374,90,27,1679,0.7554189385359188,667652.1,93.725,3.333333333333333,18.655555555555555,,,False,Thursday,20.0,10.0,October,4.0,3.333333333333333,27.89,56.73,High,,0.0,1551469.1
AUC-1456,Other 5411,Property,Property,Dubai,Auction,Closed,2025-09-10 06:00:00,2025-09-11 21:00:00,1.625,2025-11-08 12:00:00,1003102.0,2189106.34,1361204.41,1.6082,1,1,10,1.182336731459014,1186004.34,1.0,1.0,10.0,,,False,Wednesday,6.0,9.0,September,3.0,1.0,39.45,63.67,High,,0.0,2189106.34
AUC-1457,Other 6407,Property,Property,Dubai,Auction,Closed,2025-10-12 12:00:00,2025-10-15 02:00:00,2.583,2025-11-08 12:00:00,1751364.63,3407117.92,2239552.68,1.5213,17,6,182,0.9454075191640704,1655753.29,14.55,2.833333333333333,10.705882352941176,,,False,Sunday,12.0,10.0,October,4.0,2.833333333333333,32.06,59.24,High,,0.0,3407117.92
AUC-1458,Other 9629,Property,Property,Dubai,Auction,Closed,2025-10-01 02:00:00,2025-10-02 19:00:00,1.708,2025-11-08 12:00:00,2381415.0,5176864.36,3212814.21,1.6113,48,16,1356,1.1738606500756903,2795449.36,61.9,3.0,28.25,,,False,Wednesday,2.0,10.0,October,4.0,3.0,40.74,64.44,High,,0.0,5176864.36
AUC-1459,Other 4936,Property,Property,Dubai,BuyNow,Closed,2025-10-18 03:00:00,2025-10-20 12:00:00,2.467,2025-11-08 12:00:00,3340196.55,6887561.54,4261305.72,1.6163,70,32,807,1.0620228291655474,3547364.99,63.175,2.1875,11.528571428571428,,,False,Saturday,3.0,10.0,October,4.0,2.1875,38.06,62.84,High,,0.0,6887561.54
AUC-1460,Other 6361,Property,Property,Fujairah,Auction,Closed,2025-09-25 03:00:00,2025-09-25 21:00:00,0.75,2025-11-08 12:00:00,500258.0,844021.24,658828.02,1.2811,32,26,603,0.6871718992999613,343763.24,37.575,1.2307692307692308,18.84375,,,False,Thursday,3.0,9.0,September,3.0,1.2307692307692308,24.04,14.42,High,,0.0,0.0
AUC-1461,Other 9274,Property,Property,Dubai,Auction,Closed,2025-10-29 13:00:00,2025-10-31 21:00:00,2.463,2025-11-08 12:00:00,241241.0,392714.73,319979.64,1.2273,67,24,1164,0.6278938074373758,151473.73,68.6,2.7916666666666665,17.37313432835821,,,False,Wednesday,13.0,10.0,October,4.0,2.7916666666666665,22.85,53.71,High,,0.0,392714.73
AUC-1462,Other 4350,Property,Property,Fujairah,Auction,Closed,2025-10-31 16:00:00,2025-11-02 21:00:00,2.208,2025-11-08 12:00:00,1576201.0,1812622.93,2021220.09,0.8968,50,25,581,0.1499947849290794,236421.93,45.775,2.0,11.62,,,False,Friday,16.0,10.0,October,4.0,2.0,6.7,44.02,High,,0.0,1812622.93
AUC-1463,Other 8558,Property,Property,Dubai,Auction,Closed,2025-09-21 20:00:00,2025-09-24 12:00:00,2.667,2025-11-08 12:00:00,161285.0,173399.88,210579.54,0.8234,17,11,357,0.0751147347862479,12114.88,20.175,1.5454545454545454,21.0,,,False,Sunday,20.0,9.0,September,3.0,1.5454545454545454,3.09,1.85,High,,0.0,0.0
AUC-1464,Jewellery & Watches 5814,Jewellery & Watches,Jewellery/Watches,Umm Al Quwain,BuyNow,Closed,2025-09-25 03:00:00,2025-09-25 10:00:00,0.292,2025-11-08 12:00:00,135757.15,208609.0,161417.88,1.2924,25,16,251,0.5366336137728289,72851.85,22.775,1.5625,10.04,,,False,Thursday,3.0,9.0,September,3.0,1.5625,18.83,11.3,High,,0.0,0.0
AUC-1465,Jewellery & Watches 8911,Jewellery & Watches,Jewellery/Watches,Fujairah,BuyNow,Closed,2025-10-21 14:00:00,2025-10-22 20:00:00,1.35,2025-11-08 12:00:00,66965.82,117585.57,73982.53,1.5894,92,31,988,0.75590428072112,50619.75,78.45,2.967741935483871,10.73913043478261,,,False,Tuesday,14.0,10.0,October,4.0,2.967741935483871,28.51,57.11,Mid,,0.0,117585.57
AUC-1466,Jewellery & Watches 5209,Jewellery & Watches,Jewellery/Watches,Ajman,Auction,Closed,2025-10-16 03:00:00,2025-10-16 13:00:00,0.417,2025-11-08 12:00:00,115444.77,232673.77,135315.01,1.7195,41,25,453,1.0154552692166132,117229.0,38.075,1.64,11.048780487804878,,,False,Thursday,3.0,10.0,October,4.0,1.64,35.35,61.21,High,,0.0,232673.77
AUC-1467,Jewellery & Watches 6665,Jewellery & Watches,Jewellery/Watches,Dubai,Auction,Closed,2025-09-09 06:00:00,2025-09-10 13:00:00,1.292,2025-11-08 12:00:00,101231.0,123311.4,108479.37,1.1367,49,21,575,0.2181189556558761,22080.4,44.125,2.333333333333333,11.73469387755102,,,False,Tuesday,6.0,9.0,September,3.0,2.333333333333333,9.13,45.48,High,,0.0,123311.4
AUC-1468,Jewellery & Watches 3909,Jewellery & Watches,Jewellery/Watches,Fujairah,Auction,Closed,2025-10-30 01:00:00,2025-11-01 08:00:00,2.292,2025-11-08 12:00:00,135784.0,287793.16,144510.01,1.9915,10,3,144,1.1194924291521826,152009.16,9.35,3.333333333333333,14.4,,,False,Thursday,1.0,10.0,October,4.0,3.333333333333333,37.61,62.57,High,,0.0,287793.16
AUC-1469,Jewellery & Watches 6714,Jewellery & Watches,Jewellery/Watches,Ajman,Auction,Closed,2025-10-25 23:00:00,2025-10-27 22:00:00,2.044,2025-11-08 12:00:00,45746.0,100543.83,52685.82,1.9084,74,25,2151,1.1978715078914004,54797.83,97.025,2.96,29.06756756756757,,,False,Saturday,23.0,10.0,October,4.0,2.96,42.1,65.26,Mid,,0.0,100543.83
AUC-1470,Jewellery & Watches 3935,Jewellery & Watches,Jewellery/Watches,Ras Al Khaimah,Auction,Closed,2025-10-10 12:00:00,2025-10-12 19:00:00,2.292,2025-11-08 12:00:00,3334.0,6296.96,3639.38,1.7302,32,13,591,0.8887102579484103,2962.96,34.025,2.4615384615384617,18.46875,,,False,Friday,12.0,10.0,October,4.0,2.4615384615384617,30.6,58.36,Low,,0.0,6296.96
AUC-1471,Jewellery & Watches 6482,Jewellery & Watches,Jewellery/Watches,Ajman,Auction,Closed,2025-10-20 02:00:00,2025-10-22 08:00:00,2.25,2025-11-08 12:00:00,117507.0,194689.67,138186.43,1.4089,34,14,971,0.6568346566587524,77182.67,44.775,2.4285714285714284,28.558823529411764,,,False,Monday,2.0,10.0,October,4.0,2.4285714285714284,23.07,53.84,High,,0.0,194689.67
AUC-1472,Jewellery & Watches 8098,Jewellery & Watches,Jewellery/Watches,Umm Al Quwain,Auction,Closed,2025-09-26 23:00:00,2025-09-29 22:00:00,2.958,2025-11-08 12:00:00,4975.0,6050.04,5489.76,1.1021,36,23,862,0.2160884422110552,1075.04,45.3,1.565217391304348,23.944444444444443,,,False,Friday,23.0,9.0,September,3.0,1.565217391304348,8.34,45.0,Low,,0.0,6050.04
AUC-1473,Jewellery & Watches 4913,Jewellery & Watches,Jewellery/Watches,Ajman,BuyNow,Closed,2025-09-24 14:00:00,2025-09-27 05:00:00,2.625,2025-11-08 12:00:00,100011.0,135972.51,107651.42,1.2631,31,14,360,0.3595755466898642,35961.51,28.0,2.2142857142857144,11.612903225806452,,,False,Wednesday,14.0,9.0,September,3.0,2.2142857142857144,12.87,7.72,High,,0.0,0.0
AUC-1474,Jewellery & Watches 4862,Jewellery & Watches,Jewellery/Watches,Umm Al Quwain,Auction,Closed,2025-10-04 19:00:00,2025-10-06 14:00:00,1.792,2025-11-08 12:00:00,228908.43,325374.63,246066.08,1.3223,31,20,366,0.4214182937692596,96466.2,29.65,1.55,11.806451612903226,,,False,Saturday,19.0,10.0,October,4.0,1.55,15.28,49.17,High,,0.0,325374.63
AUC-1475,Jewellery & Watches 3898,Jewellery & Watches,Jewellery/Watches,Umm Al Quwain,Auction,Closed,2025-09-28 23:00:00,2025-10-01 14:00:00,2.625,2025-11-08 12:00:00,180276.32,236873.31,197247.08,1.2009,1,1,28,0.3139457805661885,56596.99,1.45,1.0,28.0,,,False,Sunday,23.0,9.0,September,3.0,1.0,10.5,46.3,High,,0.0,236873.31
AUC-1476,Jewellery & Watches 7573,Jewellery & Watches,Jewellery/Watches,Sharjah,Auction,Closed,2025-10-12 04:00:00,2025-10-12 11:00:00,0.292,2025-11-08 12:00:00,22288.0,29137.81,23910.23,1.2186,10,7,143,0.3073317480258435,6849.81,10.325,1.4285714285714286,14.3,,,False,Sunday,4.0,10.0,October,4.0,1.4285714285714286,10.57,46.34,Mid,,0.0,29137.81
AUC-1477,Jewellery & Watches 6327,Jewellery & Watches,Jewellery/Watches,Ajman,Auction,Closed,2025-09-20 20:00:00,2025-09-23 01:00:00,2.208,2025-11-08 12:00:00,72987.0,131067.95,86142.84,1.5215,49,19,626,0.7957711647279652,58080.95,44.9,2.5789473684210527,12.775510204081632,,,False,Saturday,20.0,9.0,September,3.0,2.5789473684210527,28.04,56.82,Mid,,0.0,131067.95
AUC-1478,Jewellery & Watches 5647,Jewellery & Watches,Jewellery/Watches,Ajman,Auction,Closed,2025-11-03 18:00:00,2025-11-05 09:00:00,1.625,2025-11-08 12:00:00,128777.0,150569.78,138129.46,1.0901,54,33,1169,0.1692288219169572,21792.78,64.475,1.6363636363636365,21.64814814814815,,,False,Monday,18.0,11.0,November,4.0,1.6363636363636365,7.29,44.37,High,,0.0,150569.78
AUC-1479,Jewellery & Watches 1229,Jewellery & Watches,Jewellery/Watches,Fujairah,Auction,Closed,2025-10-17 11:00:00,2025-10-20 08:00:00,2.875,2025-11-08 12:00:00,14471.49,28133.44,16213.51,1.7352,40,26,1180,0.9440596648997442,13661.95,56.0,1.5384615384615383,29.5,,,False,Friday,11.0,10.0,October,4.0,1.5384615384615383,32.65,59.59,Mid,,0.0,28133.44
AUC-1480,Jewellery & Watches 1990,Jewellery & Watches,Jewellery/Watches,Ras Al Khaimah,Auction,Closed,2025-09-25 08:00:00,2025-09-26 22:00:00,1.583,2025-11-08 12:00:00,48991.0,77966.2,51806.9,1.5049,48,15,1337,0.5914392439427649,28975.2,61.175,3.2,27.854166666666668,,,False,Thursday,8.0,9.0,September,3.0,3.2,21.15,12.69,Mid,,0.0,0.0
AUC-1481,Jewellery & Watches 1067,Jewellery & Watches,Jewellery/Watches,Abu Dhabi,Auction,Closed,2025-10-18 18:00:00,2025-10-19 10:00:00,0.667,2025-11-08 12:00:00,69745.86,136480.15,79951.94,1.707,49,33,1231,0.9568208062815484,66734.29,63.525,1.4848484848484849,25.12244897959184,,,False,Saturday,18.0,10.0,October,4.0,1.4848484848484849,33.52,20.11,Mid,,0.0,0.0
AUC-1482,Jewellery & Watches 8651,Jewellery & Watches,Jewellery/Watches,Ras Al Khaimah,BuyNow,Closed,2025-10-31 09:00:00,2025-11-02 14:00:00,2.208,2025-11-08 12:00:00,70234.0,132785.44,78200.54,1.698,28,10,288,0.8906148019477746,62551.44,23.7,2.8,10.285714285714286,,,False,Friday,9.0,10.0,October,4.0,2.8,30.69,58.41,Mid,,0.0,132785.44
AUC-1483,Jewellery & Watches 8663,Jewellery & Watches,Jewellery/Watches,Umm Al Quwain,BuyNow,Closed,2025-10-15 14:00:00,2025-10-18 10:00:00,2.976,2025-11-08 12:00:00,46412.0,64001.1,52284.94,1.2241,67,31,952,0.3789774196328535,17589.1,65.05,2.161290322580645,14.208955223880595,,,False,Wednesday,14.0,10.0,October,4.0,2.161290322580645,14.81,8.89,Mid,,0.0,0.0
AUC-1484,Jewellery & Watches 1611,Jewellery & Watches,Jewellery/Watches,Sharjah,Auction,Closed,2025-09-25 11:00:00,2025-09-25 16:00:00,0.208,2025-11-08 12:00:00,47098.0,73873.79,52064.08,1.4189,35,14,947,0.5685122510509999,26775.79,44.675,2.5,27.057142857142857,,,False,Thursday,11.0,9.0,September,3.0,2.5,20.18,52.11,Mid,,0.0,73873.79
AUC-1485,Jewellery & Watches 1417,Jewellery & Watches,Jewellery/Watches,Dubai,Auction,Closed,2025-10-30 06:00:00,2025-10-30 14:00:00,0.333,2025-11-08 12:00:00,151402.26,329967.21,172246.75,1.9157,4,3,57,1.1794074276037887,178564.95,4.175,1.3333333333333333,14.25,,,False,Thursday,6.0,10.0,October,4.0,1.3333333333333333,39.47,63.68,High,,0.0,329967.21
AUC-1486,Jewellery & Watches 8032,Jewellery & Watches,Jewellery/Watches,Abu Dhabi,Auction,Closed,2025-09-23 06:00:00,2025-09-25 06:00:00,2.0,2025-11-08 12:00:00,142297.28,171749.95,161851.96,1.0612,1,1,10,0.2069798523204379,29452.67,1.0,1.0,10.0,,,False,Tuesday,6.0,9.0,September,3.0,1.0,6.94,44.16,High,,0.0,171749.95
AUC-1487,Jewellery & Watches 5722,Jewellery & Watches,Jewellery/Watches,Fujairah,Auction,Closed,2025-09-20 09:00:00,2025-09-22 02:00:00,1.846,2025-11-08 12:00:00,116231.0,209521.9,137595.48,1.5227,105,34,1183,0.8026335487090362,93290.9,90.575,3.088235294117647,11.266666666666667,,,False,Saturday,9.0,9.0,September,3.0,3.088235294117647,30.6,58.36,High,,0.0,209521.9
AUC-1488,Jewellery & Watches 3780,Jewellery & Watches,Jewellery/Watches,Dubai,BuyNow,Closed,2025-09-28 16:00:00,2025-09-30 09:00:00,1.708,2025-11-08 12:00:00,94435.0,129235.6,107071.2,1.207,50,22,1284,0.3685137925557262,34800.6,62.6,2.272727272727273,25.68,,,False,Sunday,16.0,9.0,September,3.0,2.272727272727273,13.93,8.36,Mid,,0.0,0.0
AUC-1489,Jewellery & Watches 6534,Jewellery & Watches,Jewellery/Watches,Sharjah,BuyNow,Closed,2025-10-23 08:00:00,2025-10-23 18:00:00,0.417,2025-11-08 12:00:00,30156.0,49795.0,35185.78,1.4152,8,6,133,0.6512468497148163,19639.0,8.825,1.3333333333333333,16.625,,,False,Thursday,8.0,10.0,October,4.0,1.3333333333333333,21.96,53.18,Mid,,0.0,49795.0
AUC-1490,Jewellery & Watches 3127,Jewellery & Watches,Jewellery/Watches,Abu Dhabi,Auction,Closed,2025-09-18 18:00:00,2025-09-20 12:00:00,1.835,2025-11-08 12:00:00,89053.0,167394.54,104286.15,1.6051,68,34,1412,0.8797181453741032,78341.54,77.8,2.0,20.764705882352946,,,False,Thursday,18.0,9.0,September,3.0,2.0,31.26,18.76,Mid,,0.0,0.0
AUC-1491,Jewellery & Watches 2783,Jewellery & Watches,Jewellery/Watches,Umm Al Quwain,Auction,Closed,2025-10-24 04:00:00,2025-10-25 22:00:00,1.75,2025-11-08 12:00:00,111427.0,228411.78,122636.9,1.8625,5,2,86,1.0498782162312543,116984.78,5.15,2.5,17.2,,,False,Friday,4.0,10.0,October,4.0,2.5,35.14,21.08,High,,0.0,0.0
AUC-1492,Jewellery & Watches 4306,Jewellery & Watches,Jewellery/Watches,Ajman,Auction,Closed,2025-09-11 07:00:00,2025-09-13 20:00:00,2.542,2025-11-08 12:00:00,54159.0,114562.21,59218.52,1.9346,18,12,188,1.1152940416181985,60403.21,16.7,1.5,10.444444444444445,,,False,Thursday,7.0,9.0,September,3.0,1.5,37.87,22.72,Mid,,0.0,0.0
AUC-1493,Jewellery & Watches 9060,Jewellery & Watches,Jewellery/Watches,Ajman,Auction,Closed,2025-09-24 21:00:00,2025-09-26 03:00:00,1.394,2025-11-08 12:00:00,129862.7,263155.87,154602.29,1.7021,64,26,1175,1.0264161302668124,133293.17,67.875,2.4615384615384617,18.359375,,,False,Wednesday,21.0,9.0,September,3.0,2.4615384615384617,36.36,61.82,High,,0.0,263155.87
AUC-1494,Jewellery & Watches 7903,Jewellery & Watches,Jewellery/Watches,Fujairah,BuyNow,Closed,2025-11-02 15:00:00,2025-11-03 18:00:00,1.125,2025-11-08 12:00:00,119214.0,198034.15,142297.16,1.3917,5,2,150,0.6611652154948244,78820.15,6.75,2.5,30.0,,,False,Sunday,15.0,11.0,November,4.0,2.5,22.18,13.31,High,,0.0,0.0
AUC-1495,Jewellery & Watches 2710,Jewellery & Watches,Jewellery/Watches,Abu Dhabi,Auction,Closed,2025-09-20 17:00:00,2025-09-21 02:00:00,0.517,2025-11-08 12:00:00,34813.0,66028.85,37808.59,1.7464,80,31,2108,0.8966722201476461,31215.85,100.45,2.5806451612903225,26.35,,,False,Saturday,17.0,9.0,September,3.0,2.5806451612903225,32.17,59.3,Mid,,0.0,66028.85
AUC-1496,Jewellery & Watches 6054,Jewellery & Watches,Jewellery/Watches,Ras Al Khaimah,Auction,Closed,2025-10-06 13:00:00,2025-10-08 07:00:00,1.87,2025-11-08 12:00:00,110546.0,117553.99,116460.09,1.0094,74,24,816,0.0633943335805909,7007.99,63.4,3.083333333333333,11.027027027027026,,,False,Monday,13.0,10.0,October,4.0,3.083333333333333,4.8,42.88,High,,0.0,117553.99
AUC-1497,Jewellery & Watches 8959,Jewellery & Watches,Jewellery/Watches,Ajman,Auction,Closed,2025-10-09 07:00:00,2025-10-11 07:00:00,2.092,2025-11-08 12:00:00,146427.0,208831.51,174428.6,1.1972,71,33,1094,0.4261817151208452,62404.51,71.1,2.1515151515151514,15.408450704225352,,,False,Thursday,7.0,10.0,October,4.0,2.1515151515151514,16.58,49.95,High,,0.0,208831.51
AUC-1498,Jewellery & Watches 9563,Jewellery & Watches,Jewellery/Watches,Umm Al Quwain,Auction,Closed,2025-10-12 10:00:00,2025-10-13 09:00:00,1.015,2025-11-08 12:00:00,95217.0,131572.26,109861.98,1.1976,94,29,1549,0.3818148019786384,36355.26,92.975,3.2413793103448274,16.47872340425532,,,False,Sunday,10.0,10.0,October,4.0,3.2413793103448274,15.39,49.23,Mid,,0.0,131572.26
AUC-1499,Jewellery & Watches 7866,Jewellery & Watches,Jewellery/Watches,Fujairah,Auction,Closed,2025-09-30 02:00:00,2025-10-02 07:00:00,2.28,2025-11-08 12:00:00,51681.0,102847.15,59293.79,1.7345,66,29,731,0.990037924962752,51166.15,58.525,2.2758620689655173,11.075757575757576,,,False,Tuesday,2.0,9.0,September,3.0,2.2758620689655173,35.46,61.28,Mid,,0.0,102847.15
AUC-1500,Jewellery & Watches 2159,Jewellery & Watches,Jewellery/Watches,Fujairah,BuyNow,Closed,2025-09-22 05:00:00,2025-09-25 00:00:00,2.792,2025-11-08 12:00:00,55389.0,81053.49,62917.67,1.2882,18,8,293,0.4633499431295023,25664.49,18.325,2.25,16.27777777777778,,,False,Monday,5.0,9.0,September,3.0,2.25,16.08,49.65,Mid,,0.0,81053.49
AUC-1501,Jewellery & Watches 3166,Jewellery & Watches,Jewellery/Watches,Umm Al Quwain,Auction,Closed,2025-09-14 16:00:00,2025-09-15 07:00:00,0.625,2025-11-08 12:00:00,7238.0,13523.75,8237.74,1.6417,19,7,299,0.8684374136501796,6285.75,18.725,2.7142857142857144,15.736842105263158,,,False,Sunday,16.0,9.0,September,3.0,2.7142857142857144,29.56,17.74,Low,,0.0,0.0
AUC-1502,Jewellery & Watches 2967,Jewellery & Watches,Jewellery/Watches,Dubai,Auction,Closed,2025-10-20 13:00:00,2025-10-22 07:00:00,1.75,2025-11-08 12:00:00,96731.3,169519.7,111451.64,1.521,24,9,379,0.752480324362435,72788.4,23.725,2.6666666666666665,15.791666666666666,,,False,Monday,13.0,10.0,October,4.0,2.6666666666666665,25.85,55.51,Mid,,0.0,169519.7
AUC-1503,Jewellery & Watches 2356,Jewellery & Watches,Jewellery/Watches,Abu Dhabi,Auction,Closed,2025-09-29 07:00:00,2025-10-01 10:00:00,2.125,2025-11-08 12:00:00,61307.0,101217.97,71144.4,1.4227,7,6,95,0.6510018431826708,39910.97,7.375,1.1666666666666667,13.571428571428571,,,False,Monday,7.0,9.0,September,3.0,1.1666666666666667,21.97,53.18,Mid,,0.0,101217.97
AUC-1504,Jewellery & Watches 2577,Jewellery & Watches,Jewellery/Watches,Abu Dhabi,Auction,Closed,2025-09-26 12:00:00,2025-09-26 17:00:00,0.305,2025-11-08 12:00:00,9523.0,18196.6,10132.2,1.7959,80,23,2392,0.910805418460569,8673.6,105.55,3.4782608695652173,29.9,,,False,Friday,12.0,9.0,September,3.0,3.4782608695652173,32.76,59.66,Low,,0.0,18196.6
AUC-1505,Jewellery & Watches 3845,Jewellery & Watches,Jewellery/Watches,Fujairah,Auction,Closed,2025-09-27 17:00:00,2025-09-28 09:00:00,0.667,2025-11-08 12:00:00,234636.37,296652.06,266714.55,1.1122,10,3,120,0.2643055294454138,62015.69,8.75,3.333333333333333,12.0,,,False,Saturday,17.0,9.0,September,3.0,3.333333333333333,9.18,45.51,High,,0.0,296652.06
AUC-1506,Jewellery & Watches 5999,Jewellery & Watches,Jewellery/Watches,Abu Dhabi,Auction,Closed,2025-10-07 18:00:00,2025-10-09 00:00:00,1.25,2025-11-08 12:00:00,133437.94,249447.01,142648.76,1.7487,28,15,282,0.8693859482542972,116009.07,24.8,1.8666666666666667,10.071428571428571,,,False,Tuesday,18.0,10.0,October,4.0,1.8666666666666667,30.01,58.01,High,,0.0,249447.01
AUC-1507,Jewellery & Watches 4581,Jewellery & Watches,Jewellery/Watches,Abu Dhabi,Auction,Closed,2025-10-14 12:00:00,2025-10-15 01:00:00,0.542,2025-11-08 12:00:00,114358.0,181564.39,120343.43,1.5087,50,20,632,0.587684202242082,67206.39,45.8,2.5,12.64,,,False,Tuesday,12.0,10.0,October,4.0,2.5,21.3,52.78,High,,0.0,181564.39
AUC-1508,Jewellery & Watches 4786,Jewellery & Watches,Jewellery/Watches,Ras Al Khaimah,Auction,Closed,2025-09-21 12:00:00,2025-09-22 16:00:00,1.167,2025-11-08 12:00:00,107595.49,216700.7,123060.2,1.7609,56,19,654,1.0140314431394848,109105.21,49.1,2.9473684210526314,11.678571428571429,,,False,Sunday,12.0,9.0,September,3.0,2.9473684210526314,35.72,61.43,High,,0.0,216700.7
AUC-1509,Jewellery & Watches 3211,Jewellery & Watches,Jewellery/Watches,Ajman,BuyNow,Closed,2025-10-19 15:00:00,2025-10-20 05:00:00,0.583,2025-11-08 12:00:00,32252.0,64085.68,38480.14,1.6654,56,17,670,0.9870296415726156,31833.68,49.0,3.294117647058824,11.964285714285714,,,False,Sunday,15.0,10.0,October,4.0,3.294117647058824,34.99,60.99,Mid,,0.0,64085.68
AUC-1510,Jewellery & Watches 2359,Jewellery & Watches,Jewellery/Watches,Dubai,Auction,Closed,2025-10-23 11:00:00,2025-10-26 03:00:00,2.667,2025-11-08 12:00:00,136972.0,245448.08,163363.03,1.5025,20,8,416,0.7919580644219255,108476.08,22.4,2.5,20.8,,,False,Thursday,11.0,10.0,October,4.0,2.5,26.95,56.17,High,,0.0,245448.08
AUC-1511,Jewellery & Watches 9989,Jewellery & Watches,Jewellery/Watches,Fujairah,BuyNow,Closed,2025-10-03 23:00:00,2025-10-05 19:00:00,1.833,2025-11-08 12:00:00,24799.0,47078.27,28633.77,1.6442,5,4,146,0.8983938868502761,22279.27,7.15,1.25,29.2,,,False,Friday,23.0,10.0,October,4.0,1.25,30.1,18.06,Mid,,0.0,0.0
AUC-1512,Jewellery & Watches 6390,Jewellery & Watches,Jewellery/Watches,Umm Al Quwain,Auction,Closed,2025-10-21 05:00:00,2025-10-22 07:00:00,1.149,2025-11-08 12:00:00,89357.0,126423.47,97246.34,1.3,94,34,946,0.4148132770795796,37066.47,79.15,2.764705882352941,10.063829787234043,,,False,Tuesday,5.0,10.0,October,4.0,2.764705882352941,17.16,50.3,Mid,,0.0,126423.47
AUC-1513,Jewellery & Watches 3066,Jewellery & Watches,Jewellery/Watches,Fujairah,Auction,Closed,2025-11-04 02:00:00,2025-11-06 10:00:00,2.333,2025-11-08 12:00:00,83864.0,173018.79,91729.2,1.8862,23,16,458,1.063087737288944,89154.79,26.95,1.4375,19.91304347826087,,,False,Tuesday,2.0,11.0,November,4.0,1.4375,36.17,61.7,Mid,,0.0,173018.79
AUC-1514,Jewellery & Watches 8289,Jewellery & Watches,Jewellery/Watches,Sharjah,Auction,Closed,2025-11-04 03:00:00,2025-11-04 08:00:00,0.208,2025-11-08 12:00:00,188856.31,339928.46,208168.17,1.633,58,21,895,0.7999317046912545,151072.15,56.625,2.761904761904762,15.43103448275862,,,False,Tuesday,3.0,11.0,November,4.0,2.761904761904762,28.66,57.2,High,,0.0,339928.46
AUC-1515,Jewellery & Watches 8474,Jewellery & Watches,Jewellery/Watches,Ras Al Khaimah,Auction,Closed,2025-09-24 22:00:00,2025-09-26 18:00:00,1.833,2025-11-08 12:00:00,96544.0,181452.71,106540.97,1.7031,51,20,823,0.8794819978455418,84908.71,51.075,2.55,16.137254901960784,,,False,Wednesday,22.0,9.0,September,3.0,2.55,30.98,58.59,Mid,,0.0,181452.71
AUC-1516,Jewellery & Watches 9700,Jewellery & Watches,Jewellery/Watches,Ras Al Khaimah,Auction,Closed,2025-09-07 21:00:00,2025-09-09 23:00:00,2.083,2025-11-08 12:00:00,33020.0,69704.68,37077.29,1.88,35,13,1037,1.1109836462749847,36684.68,46.675,2.6923076923076925,29.62857142857143,,,False,Sunday,21.0,9.0,September,3.0,2.6923076923076925,38.1,62.86,Mid,,0.0,69704.68
AUC-1517,Jewellery & Watches 2431,Jewellery & Watches,Jewellery/Watches,Dubai,Auction,Closed,2025-10-08 04:00:00,2025-10-10 15:00:00,2.458,2025-11-08 12:00:00,27576.34,55484.54,32414.53,1.7117,41,25,530,1.0120342293429805,27908.2,40.0,1.64,12.926829268292684,,,False,Wednesday,4.0,10.0,October,4.0,1.64,35.02,21.01,Mid,,0.0,0.0
AUC-1518,Jewellery & Watches 6759,Jewellery & Watches,Jewellery/Watches,Ajman,Auction,Closed,2025-10-29 02:00:00,2025-10-29 21:00:00,0.792,2025-11-08 12:00:00,54205.0,97509.76,60473.04,1.6125,30,13,300,0.7989071118900469,43304.76,25.75,2.3076923076923075,10.0,,,False,Wednesday,2.0,10.0,October,4.0,2.3076923076923075,27.71,56.63,Mid,,0.0,97509.76
AUC-1519,Jewellery & Watches 9821,Jewellery & Watches,Jewellery/Watches,Ajman,Auction,Closed,2025-09-17 04:00:00,2025-09-19 00:00:00,1.833,2025-11-08 12:00:00,187570.1,220470.92,208111.04,1.0594,39,15,1088,0.1754054617447024,32900.82,50.45,2.6,27.897435897435894,,,False,Wednesday,4.0,9.0,September,3.0,2.6,6.97,44.18,High,,0.0,220470.92
AUC-1520,Jewellery & Watches 8259,Jewellery & Watches,Jewellery/Watches,Fujairah,Auction,Closed,2025-10-20 14:00:00,2025-10-22 22:00:00,2.333,2025-11-08 12:00:00,125037.0,219238.76,139031.89,1.5769,53,28,598,0.7533910762414326,94201.76,48.45,1.8928571428571428,11.283018867924527,,,False,Monday,14.0,10.0,October,4.0,1.8928571428571428,26.7,56.02,High,,0.0,219238.76
AUC-1521,Jewellery & Watches 3029,Jewellery & Watches,Jewellery/Watches,Ajman,BuyNow,Closed,2025-09-06 21:00:00,2025-09-09 07:00:00,2.417,2025-11-08 12:00:00,65715.0,75187.8,77866.43,0.9656,18,11,313,0.1441497375028533,9472.8,19.575,1.6363636363636365,17.38888888888889,,,False,Saturday,21.0,9.0,September,3.0,1.6363636363636365,5.41,43.25,Mid,,0.0,75187.8
AUC-1522,Jewellery & Watches 9036,Jewellery & Watches,Jewellery/Watches,Ajman,Auction,Closed,2025-10-04 20:00:00,2025-10-05 11:00:00,0.625,2025-11-08 12:00:00,6843.0,15003.3,7246.39,2.0705,41,24,908,1.192503288031565,8160.3,49.2,1.7083333333333333,22.146341463414632,,,False,Saturday,20.0,10.0,October,4.0,1.7083333333333333,40.98,64.59,Low,,0.0,15003.3
AUC-1523,Jewellery & Watches 4794,Jewellery & Watches,Jewellery/Watches,Sharjah,BuyNow,Closed,2025-10-21 20:00:00,2025-10-24 18:00:00,3.03,2025-11-08 12:00:00,17163.0,24578.6,19921.48,1.2338,73,23,919,0.4320689856085765,7415.6,65.225,3.1739130434782608,12.58904109589041,,,False,Tuesday,20.0,10.0,October,4.0,3.1739130434782608,16.85,10.11,Mid,,0.0,0.0
AUC-1524,Jewellery & Watches 5399,Jewellery & Watches,Jewellery/Watches,Umm Al Quwain,BuyNow,Closed,2025-10-08 10:00:00,2025-10-09 08:00:00,0.917,2025-11-08 12:00:00,40010.0,53583.73,45547.57,1.1764,5,2,60,0.3392584353911523,13573.73,4.5,2.5,12.0,,,False,Wednesday,10.0,10.0,October,4.0,2.5,11.5,46.9,Mid,,0.0,53583.73
AUC-1525,Jewellery & Watches 6026,Jewellery & Watches,Jewellery/Watches,Ajman,BuyNow,Closed,2025-10-17 04:00:00,2025-10-18 10:00:00,1.333,2025-11-08 12:00:00,75113.58,119733.84,88955.84,1.346,65,24,1132,0.5940371900793437,44620.26,66.8,2.708333333333333,17.415384615384614,,,False,Friday,4.0,10.0,October,4.0,2.708333333333333,22.08,53.25,Mid,,0.0,119733.84
AUC-1526,Jewellery & Watches 7941,Jewellery & Watches,Jewellery/Watches,Sharjah,Auction,Closed,2025-09-20 21:00:00,2025-09-21 14:00:00,0.78,2025-11-08 12:00:00,99943.0,163843.46,113378.2,1.4451,67,28,1151,0.6393690403530011,63900.46,69.275,2.392857142857143,17.17910447761194,,,False,Saturday,21.0,9.0,September,3.0,2.392857142857143,23.58,54.15,Mid,,0.0,163843.46
AUC-1527,Jewellery & Watches 2082,Jewellery & Watches,Jewellery/Watches,Sharjah,Auction,Closed,2025-10-31 17:00:00,2025-11-01 07:00:00,0.583,2025-11-08 12:00:00,118669.0,126706.26,139987.73,0.9051,31,10,784,0.0677283873631697,8037.26,37.6,3.1,25.29032258064516,,,False,Friday,17.0,10.0,October,4.0,3.1,3.21,41.93,High,,0.0,126706.26
AUC-1528,Jewellery & Watches 5852,Jewellery & Watches,Jewellery/Watches,Ajman,Auction,Closed,2025-09-15 18:00:00,2025-09-16 15:00:00,1.02,2025-11-08 12:00:00,109323.59,218735.11,126254.27,1.7325,76,32,904,1.000804309481604,109411.52,68.6,2.375,11.894736842105264,,,False,Monday,18.0,9.0,September,3.0,2.375,36.26,61.76,High,,0.0,218735.11
AUC-1529,Jewellery & Watches 8350,Jewellery & Watches,Jewellery/Watches,Fujairah,Auction,Closed,2025-09-21 06:00:00,2025-09-21 19:00:00,0.542,2025-11-08 12:00:00,72661.0,85791.34,87028.86,0.9858,1,1,11,0.1807068441116967,13130.34,1.025,1.0,11.0,,,False,Sunday,6.0,9.0,September,3.0,1.0,6.07,43.64,Mid,,0.0,85791.34
AUC-1530,Jewellery & Watches 5935,Jewellery & Watches,Jewellery/Watches,Abu Dhabi,Auction,Closed,2025-09-14 23:00:00,2025-09-17 04:00:00,2.208,2025-11-08 12:00:00,3461.94,4412.12,4002.07,1.1025,12,7,125,0.2744646065500846,950.18,10.875,1.7142857142857142,10.416666666666666,,,False,Sunday,23.0,9.0,September,3.0,1.7142857142857142,9.6,45.76,Low,,0.0,4412.12
AUC-1531,Jewellery & Watches 3471,Jewellery & Watches,Jewellery/Watches,Umm Al Quwain,Auction,Closed,2025-09-12 19:00:00,2025-09-14 15:00:00,1.833,2025-11-08 12:00:00,32934.0,55003.17,37889.1,1.4517,41,33,686,0.6701029331390053,22069.17,45.9,1.2424242424242424,16.73170731707317,,,False,Friday,19.0,9.0,September,3.0,1.2424242424242424,23.69,54.21,Mid,,0.0,55003.17
AUC-1532,Jewellery & Watches 1506,Jewellery & Watches,Jewellery/Watches,Dubai,Auction,Closed,2025-10-24 05:00:00,2025-10-25 11:00:00,1.337,2025-11-08 12:00:00,47940.0,102850.52,50427.09,2.0396,93,30,2115,1.1454009178139342,54910.52,106.875,3.1,22.741935483870968,,,False,Friday,5.0,10.0,October,4.0,3.1,40.77,64.46,Mid,,0.0,102850.52
AUC-1533,Jewellery & Watches 5942,Jewellery & Watches,Jewellery/Watches,Umm Al Quwain,Auction,Closed,2025-10-05 01:00:00,2025-10-06 18:00:00,1.821,2025-11-08 12:00:00,69374.0,79893.15,75731.25,1.055,71,26,1172,0.1516295730388905,10519.15,71.3,2.730769230769231,16.507042253521128,,,False,Sunday,1.0,10.0,October,4.0,2.730769230769231,7.1,44.26,Mid,,0.0,79893.15
AUC-1534,Jewellery & Watches 7329,Jewellery & Watches,Jewellery/Watches,Sharjah,Auction,Closed,2025-09-16 12:00:00,2025-09-18 09:00:00,1.999,2025-11-08 12:00:00,130343.0,244844.05,154124.6,1.5886,62,21,1367,0.8784595260198091,114501.05,70.425,2.952380952380953,22.048387096774192,,,False,Tuesday,12.0,9.0,September,3.0,2.952380952380953,31.11,58.67,High,,0.0,244844.05
AUC-1535,Jewellery & Watches 5946,Jewellery & Watches,Jewellery/Watches,Sharjah,Auction,Closed,2025-10-15 02:00:00,2025-10-15 18:00:00,0.667,2025-11-08 12:00:00,86721.0,103785.18,94529.35,1.0979,20,7,224,0.1967710243193689,17064.18,17.35,2.857142857142857,11.2,,,False,Wednesday,2.0,10.0,October,4.0,2.857142857142857,7.11,44.27,Mid,,0.0,103785.18
AUC-1536,Jewellery & Watches 9813,Jewellery & Watches,Jewellery/Watches,Sharjah,BuyNow,Closed,2025-11-02 19:00:00,2025-11-03 19:00:00,1.0,2025-11-08 12:00:00,129161.0,263988.93,137623.29,1.9182,53,17,583,1.043874931287308,134827.93,45.325,3.117647058823529,11.0,,,False,Sunday,19.0,11.0,November,4.0,3.117647058823529,36.72,22.03,High,,0.0,0.0
AUC-1537,Jewellery & Watches 6423,Jewellery & Watches,Jewellery/Watches,Ajman,Auction,Closed,2025-10-18 21:00:00,2025-10-21 12:00:00,2.77,2025-11-08 12:00:00,95651.0,187063.61,113887.99,1.6425,69,20,1462,0.9556890152742782,91412.61,76.05,3.45,21.18840579710145,,,False,Saturday,21.0,10.0,October,4.0,3.45,33.81,60.29,Mid,,0.0,187063.61
AUC-1538,Jewellery & Watches 5573,Jewellery & Watches,Jewellery/Watches,Umm Al Quwain,Auction,Closed,2025-10-23 15:00:00,2025-10-23 19:00:00,0.167,2025-11-08 12:00:00,85796.0,161182.68,96015.33,1.6787,11,4,323,0.8786735978367289,75386.68,14.575,2.75,29.363636363636363,,,False,Thursday,15.0,10.0,October,4.0,2.75,29.61,57.77,Mid,,0.0,161182.68
AUC-1539,Jewellery & Watches 1499,Jewellery & Watches,Jewellery/Watches,Dubai,Auction,Closed,2025-09-13 14:00:00,2025-09-16 11:00:00,2.875,2025-11-08 12:00:00,140308.0,210894.83,151272.92,1.3941,37,21,407,0.5030848561735609,70586.83,33.925,1.761904761904762,11.0,,,False,Saturday,14.0,9.0,September,3.0,1.761904761904762,18.19,50.91,High,,0.0,210894.83
AUC-1540,Jewellery & Watches 6026,Jewellery & Watches,Jewellery/Watches,Ajman,Auction,Closed,2025-10-08 11:00:00,2025-10-11 08:00:00,2.875,2025-11-08 12:00:00,56629.0,74136.44,61881.84,1.198,6,4,70,0.309160324215508,17507.44,5.75,1.5,11.666666666666666,,,False,Wednesday,11.0,10.0,October,4.0,1.5,10.54,6.32,Mid,,0.0,0.0
AUC-1541,Jewellery & Watches 2517,Jewellery & Watches,Jewellery/Watches,Abu Dhabi,Auction,Closed,2025-09-25 21:00:00,2025-09-26 18:00:00,0.875,2025-11-08 12:00:00,192224.39,371090.45,220164.95,1.6855,13,5,268,0.9305065813968768,178866.06,14.45,2.6,20.615384615384617,,,False,Thursday,21.0,9.0,September,3.0,2.6,31.4,58.84,High,,0.0,371090.45
AUC-1542,Jewellery & Watches 7521,Jewellery & Watches,Jewellery/Watches,Sharjah,Auction,Closed,2025-09-10 03:00:00,2025-09-11 04:00:00,1.042,2025-11-08 12:00:00,24763.0,52101.93,26415.24,1.9724,18,6,304,1.1040233412752898,27338.93,18.1,3.0,16.88888888888889,,,False,Wednesday,3.0,9.0,September,3.0,3.0,37.34,62.4,Mid,,0.0,52101.93
AUC-1543,Jewellery & Watches 2450,Jewellery & Watches,Jewellery/Watches,Fujairah,Auction,Closed,2025-10-20 11:00:00,2025-10-21 05:00:00,0.75,2025-11-08 12:00:00,130906.0,150243.7,145382.99,1.0334,17,7,173,0.1477220295479199,19337.7,14.575,2.4285714285714284,10.176470588235292,,,False,Monday,11.0,10.0,October,4.0,2.4285714285714284,5.54,43.32,High,,0.0,150243.7
AUC-1544,Jewellery & Watches 9159,Jewellery & Watches,Jewellery/Watches,Dubai,Auction,Closed,2025-09-21 08:00:00,2025-09-23 02:00:00,1.75,2025-11-08 12:00:00,115120.0,147896.96,121986.79,1.2124,6,3,70,0.2847199444058373,32776.96,5.5,2.0,11.666666666666666,,,False,Sunday,8.0,9.0,September,3.0,2.0,9.72,45.83,High,,0.0,147896.96
AUC-1545,Jewellery & Watches 3718,Jewellery & Watches,Jewellery/Watches,Sharjah,Auction,Closed,2025-11-04 20:00:00,2025-11-05 14:00:00,0.847,2025-11-08 12:00:00,162429.04,301434.71,192603.6,1.5651,94,33,2789,0.8557932128392804,139005.67,124.975,2.8484848484848486,29.670212765957448,,,False,Tuesday,20.0,11.0,November,4.0,2.8484848484848486,31.71,59.03,High,,0.0,301434.71
AUC-1546,Jewellery & Watches 4905,Jewellery & Watches,Jewellery/Watches,Ras Al Khaimah,Auction,Closed,2025-10-29 05:00:00,2025-10-31 14:00:00,2.471,2025-11-08 12:00:00,36499.0,73281.04,40280.91,1.8192,62,28,799,1.0077547330063836,36782.04,57.975,2.2142857142857144,12.887096774193548,,,False,Wednesday,5.0,10.0,October,4.0,2.2142857142857144,35.6,61.36,Mid,,0.0,73281.04
AUC-1547,Jewellery & Watches 2304,Jewellery & Watches,Jewellery/Watches,Ras Al Khaimah,Auction,Closed,2025-10-27 18:00:00,2025-10-29 00:00:00,1.25,2025-11-08 12:00:00,36748.66,61569.97,43058.89,1.4299,33,18,804,0.6754344240034873,24821.31,41.1,1.8333333333333333,24.363636363636363,,,False,Monday,18.0,10.0,October,4.0,1.8333333333333333,23.69,54.21,Mid,,0.0,61569.97
AUC-1548,Jewellery & Watches 2896,Jewellery & Watches,Jewellery/Watches,Ajman,Auction,Closed,2025-10-16 23:00:00,2025-10-19 20:00:00,2.875,2025-11-08 12:00:00,146093.55,252281.29,167188.32,1.509,41,13,411,0.7268475576094908,106187.74,34.025,3.1538461538461537,10.024390243902438,,,False,Thursday,23.0,10.0,October,4.0,3.1538461538461537,25.67,55.4,High,,0.0,252281.29
AUC-1549,Jewellery & Watches 9296,Jewellery & Watches,Jewellery/Watches,Ras Al Khaimah,Auction,Closed,2025-10-11 14:00:00,2025-10-14 04:00:00,2.583,2025-11-08 12:00:00,161517.77,206596.9,191267.59,1.0801,18,7,452,0.279097030623937,45079.13,22.05,2.571428571428572,25.11111111111111,,,False,Saturday,14.0,10.0,October,4.0,2.571428571428572,9.81,45.89,High,,0.0,206596.9
AUC-1550,Jewellery & Watches 3552,Jewellery & Watches,Jewellery/Watches,Dubai,Auction,Closed,2025-10-08 06:00:00,2025-10-09 13:00:00,1.421,2025-11-08 12:00:00,92285.0,132272.95,98085.57,1.3485,61,33,616,0.4333093135395786,39987.95,54.15,1.8484848484848484,10.098360655737704,,,False,Wednesday,6.0,10.0,October,4.0,1.8484848484848484,16.46,49.88,Mid,,0.0,132272.95
AUC-1551,Jewellery & Watches 5616,Jewellery & Watches,Jewellery/Watches,Abu Dhabi,Auction,Closed,2025-10-22 11:00:00,2025-10-24 07:00:00,1.833,2025-11-08 12:00:00,4471.0,6465.89,4714.91,1.3714,55,28,589,0.4461842988145829,1994.89,49.225,1.9642857142857144,10.709090909090907,,,False,Wednesday,11.0,10.0,October,4.0,1.9642857142857144,16.93,50.16,Low,,0.0,6465.89
AUC-1552,Jewellery & Watches 9831,Jewellery & Watches,Jewellery/Watches,Sharjah,Auction,Closed,2025-11-03 14:00:00,2025-11-03 19:00:00,0.33,2025-11-08 12:00:00,91089.84,114431.33,96414.48,1.1869,65,26,664,0.2562469096443687,23341.49,55.6,2.5,10.215384615384616,,,False,Monday,14.0,11.0,November,4.0,2.5,10.81,46.49,Mid,,0.0,114431.33
AUC-1553,Jewellery & Watches 6611,Jewellery & Watches,Jewellery/Watches,Dubai,Auction,Closed,2025-09-27 14:00:00,2025-09-27 22:00:00,0.333,2025-11-08 12:00:00,111763.6,235209.03,121718.04,1.9324,35,16,534,1.104522671066429,123445.43,34.85,2.1875,15.257142857142858,,,False,Saturday,14.0,9.0,September,3.0,2.1875,37.84,22.7,High,,0.0,0.0
AUC-1554,Jewellery & Watches 1374,Jewellery & Watches,Jewellery/Watches,Abu Dhabi,BuyNow,Closed,2025-11-04 04:00:00,2025-11-05 18:00:00,1.583,2025-11-08 12:00:00,106177.0,191962.84,113927.04,1.685,2,1,20,0.8079512512125978,85785.84,1.75,2.0,10.0,,,False,Tuesday,4.0,11.0,November,4.0,2.0,27.01,56.21,High,,0.0,191962.84
AUC-1555,Jewellery & Watches 4217,Jewellery & Watches,Jewellery/Watches,Sharjah,Auction,Closed,2025-09-18 02:00:00,2025-09-19 14:00:00,1.5,2025-11-08 12:00:00,28158.0,31042.15,32879.08,0.9441,57,22,1126,0.1024273741032744,2884.15,62.15,2.590909090909091,19.75438596491228,,,False,Thursday,2.0,9.0,September,3.0,2.590909090909091,5.37,43.22,Mid,,0.0,31042.15
AUC-1556,Jewellery & Watches 4481,Jewellery & Watches,Jewellery/Watches,Sharjah,Auction,Closed,2025-09-11 23:00:00,2025-09-13 06:00:00,1.292,2025-11-08 12:00:00,138850.95,151229.24,146720.65,1.0307,47,17,1042,0.0891480396785184,12378.29,53.8,2.764705882352941,22.170212765957448,,,False,Thursday,23.0,9.0,September,3.0,2.764705882352941,4.37,42.62,High,,0.0,151229.24
AUC-1557,Jewellery & Watches 3485,Jewellery & Watches,Jewellery/Watches,Sharjah,Auction,Closed,2025-09-25 17:00:00,2025-09-26 03:00:00,0.417,2025-11-08 12:00:00,79906.0,114562.45,91511.54,1.2519,13,11,157,0.4337152404074788,34656.45,13.175,1.181818181818182,12.076923076923077,,,False,Thursday,17.0,9.0,September,3.0,1.181818181818182,14.91,48.95,Mid,,0.0,114562.45
AUC-1558,Jewellery & Watches 3170,Jewellery & Watches,Jewellery/Watches,Dubai,BuyNow,Closed,2025-09-30 16:00:00,2025-10-03 05:00:00,2.542,2025-11-08 12:00:00,100929.07,189878.43,120889.36,1.5707,27,11,670,0.8813056535644288,88949.36,33.0,2.4545454545454546,24.814814814814813,,,False,Tuesday,16.0,9.0,September,3.0,2.4545454545454546,30.21,58.13,High,,0.0,189878.43
AUC-1559,Jewellery & Watches 5528,Jewellery & Watches,Jewellery/Watches,Umm Al Quwain,BuyNow,Closed,2025-09-27 07:00:00,2025-09-28 14:00:00,1.292,2025-11-08 12:00:00,185261.82,229398.75,209745.2,1.0937,5,2,60,0.2382408312732758,44136.93,4.5,2.5,12.0,,,False,Saturday,7.0,9.0,September,3.0,2.5,8.13,4.88,High,,0.0,0.0
AUC-1560,Electronics 4392,General Items,General,Ras Al Khaimah,Auction,Closed,2025-09-27 03:00:00,2025-09-28 14:00:00,1.458,2025-11-08 12:00:00,15013.0,24950.0,16653.61,1.4982,59,30,868,0.6618930260440952,9937.0,58.7,1.9666666666666663,14.71186440677966,,,False,Saturday,3.0,9.0,September,3.0,1.9666666666666663,23.84,54.3,Mid,,0.0,24950.0
AUC-1561,Other 3648,General Items,General,Umm Al Quwain,Auction,Closed,2025-09-12 03:00:00,2025-09-13 10:00:00,1.292,2025-11-08 12:00:00,14859.0,17516.23,16285.42,1.0756,12,6,126,0.1788296655225788,2657.23,10.65,2.0,10.5,,,False,Friday,3.0,9.0,September,3.0,2.0,6.41,43.85,Mid,,0.0,17516.23
AUC-1562,Collectibles 4716,General Items,General,Fujairah,Auction,Closed,2025-09-09 04:00:00,2025-09-10 17:00:00,1.542,2025-11-08 12:00:00,15661.0,25304.36,16933.52,1.4943,54,28,1202,0.6157563373986336,9643.36,64.05,1.9285714285714288,22.25925925925926,,,False,Tuesday,4.0,9.0,September,3.0,1.9285714285714288,22.36,53.42,Mid,,0.0,25304.36
AUC-1563,Electronics 4092,General Items,General,Sharjah,Auction,Closed,2025-10-10 22:00:00,2025-10-12 22:00:00,2.054,2025-11-08 12:00:00,18992.0,36214.76,22210.88,1.6305,76,34,830,0.9068428812131424,17222.76,67.25,2.235294117647059,10.921052631578949,,,False,Friday,22.0,10.0,October,4.0,2.235294117647059,33.05,59.83,Mid,,0.0,36214.76
AUC-1564,Furniture 3058,General Items,General,Ajman,Auction,Closed,2025-09-28 11:00:00,2025-09-30 18:00:00,2.292,2025-11-08 12:00:00,15294.0,18471.49,17984.58,1.0271,6,2,71,0.2077605596966131,3177.49,5.275,3.0,11.833333333333334,,,False,Sunday,11.0,9.0,September,3.0,3.0,7.15,44.29,Mid,,0.0,18471.49
AUC-1565,Tools 5074,General Items,General,Ajman,Auction,Closed,2025-09-18 17:00:00,2025-09-20 10:00:00,1.708,2025-11-08 12:00:00,4432.0,8431.89,4826.7,1.7469,50,22,582,0.9025022563176894,3999.89,45.05,2.272727272727273,11.64,,,False,Thursday,17.0,9.0,September,3.0,2.272727272727273,31.98,59.19,Low,,0.0,8431.89
AUC-1566,Other 9479,General Items,General,Sharjah,BuyNow,Closed,2025-11-06 16:00:00,2025-11-07 07:00:00,0.625,2025-11-08 12:00:00,3330.0,4546.2,3665.99,1.2401,10,3,107,0.3652252252252251,1216.2,8.425,3.333333333333333,10.7,,,False,Thursday,16.0,11.0,November,4.0,3.333333333333333,12.53,47.52,Low,,0.0,4546.2
AUC-1567,Other 5551,General Items,General,Umm Al Quwain,BuyNow,Closed,2025-10-04 01:00:00,2025-10-06 16:00:00,2.625,2025-11-08 12:00:00,13509.0,25778.22,14795.78,1.7423,60,29,1651,0.9082256273595382,12269.22,78.525,2.0689655172413794,27.516666666666666,,,False,Saturday,1.0,10.0,October,4.0,2.0689655172413794,32.22,19.33,Mid,,0.0,0.0
AUC-1568,Collectibles 6377,General Items,General,Umm Al Quwain,Auction,Closed,2025-09-28 10:00:00,2025-09-29 09:00:00,0.958,2025-11-08 12:00:00,16170.0,23460.84,17118.85,1.3705,51,18,1308,0.450886827458256,7290.84,62.7,2.833333333333333,25.647058823529413,,,False,Sunday,10.0,9.0,September,3.0,2.833333333333333,16.55,49.93,Mid,,0.0,23460.84
AUC-1569,Electronics 9857,General Items,General,Sharjah,BuyNow,Closed,2025-09-24 20:00:00,2025-09-25 01:00:00,0.208,2025-11-08 12:00:00,10149.0,19840.54,11776.65,1.6847,2,1,56,0.9549256084343286,9691.54,2.65,2.0,28.0,,,False,Wednesday,20.0,9.0,September,3.0,2.0,31.9,59.14,Mid,,0.0,19840.54
AUC-1570,Tools 6521,General Items,General,Ras Al Khaimah,Auction,Closed,2025-10-15 12:00:00,2025-10-15 18:00:00,0.367,2025-11-08 12:00:00,8673.0,14166.12,9134.45,1.5508,80,27,1929,0.6333586994119683,5493.12,94.975,2.962962962962963,24.1125,,,False,Wednesday,12.0,10.0,October,4.0,2.962962962962963,23.82,14.29,Low,,0.0,0.0
AUC-1571,Electronics 3009,General Items,General,Abu Dhabi,Auction,Closed,2025-10-18 14:00:00,2025-10-20 22:00:00,2.476,2025-11-08 12:00:00,12373.0,23992.15,13485.93,1.7791,88,27,1733,0.9390729814919584,11619.15,94.075,3.259259259259259,19.693181818181817,,,False,Saturday,14.0,10.0,October,4.0,3.259259259259259,33.96,60.38,Mid,,0.0,23992.15
AUC-1572,Collectibles 4585,General Items,General,Sharjah,BuyNow,Closed,2025-10-26 21:00:00,2025-10-28 03:00:00,1.341,2025-11-08 12:00:00,6072.0,12929.2,7232.26,1.7877,76,32,1851,1.1293148880105404,6857.2,92.275,2.375,24.355263157894736,,,False,Sunday,21.0,10.0,October,4.0,2.375,40.08,64.05,Low,,0.0,12929.2
AUC-1573,Electronics 5391,General Items,General,Abu Dhabi,Auction,Closed,2025-10-04 17:00:00,2025-10-04 22:00:00,0.208,2025-11-08 12:00:00,16511.78,24138.83,18033.18,1.3386,40,17,853,0.4619156747485736,7627.05,45.575,2.3529411764705883,21.325,,,False,Saturday,17.0,10.0,October,4.0,2.3529411764705883,16.53,9.92,Mid,,0.0,0.0
AUC-1574,Other 5272,General Items,General,Abu Dhabi,Auction,Closed,2025-09-10 19:00:00,2025-09-13 06:00:00,2.543,2025-11-08 12:00:00,7602.0,16351.39,8294.5,1.9714,108,32,1129,1.150932649302815,8749.39,90.225,3.375,10.453703703703704,,,False,Wednesday,19.0,9.0,September,3.0,3.375,42.12,65.27,Low,,0.0,16351.39
AUC-1575,Collectibles 2345,General Items,General,Ajman,Auction,Closed,2025-09-13 17:00:00,2025-09-14 17:00:00,1.085,2025-11-08 12:00:00,9351.0,19445.26,10802.54,1.8001,77,23,1894,1.0794845471072612,10094.26,91.6,3.347826086956522,24.5974025974026,,,False,Saturday,17.0,9.0,September,3.0,3.347826086956522,38.11,62.87,Low,,0.0,19445.26
AUC-1576,Electronics 1952,General Items,General,Dubai,Auction,Closed,2025-10-14 11:00:00,2025-10-17 09:00:00,2.987,2025-11-08 12:00:00,15080.88,22155.08,17095.8,1.2959,63,18,1030,0.469084032231541,7074.2,61.75,3.5,16.349206349206348,,,False,Tuesday,11.0,10.0,October,4.0,3.5,17.52,50.51,Mid,,0.0,22155.08
AUC-1577,Collectibles 4149,General Items,General,Abu Dhabi,Auction,Closed,2025-10-20 06:00:00,2025-10-22 21:00:00,2.625,2025-11-08 12:00:00,3904.0,8049.37,4517.86,1.7817,20,13,424,1.061826331967213,4145.37,23.85,1.5384615384615383,21.2,,,False,Monday,6.0,10.0,October,4.0,1.5384615384615383,36.11,61.67,Low,,0.0,8049.37
AUC-1578,Tools 9227,General Items,General,Sharjah,Auction,Closed,2025-09-20 15:00:00,2025-09-20 22:00:00,0.292,2025-11-08 12:00:00,6754.0,13323.56,7598.09,1.7535,12,10,246,0.9726917382291974,6569.56,14.65,1.2,20.5,,,False,Saturday,15.0,9.0,September,3.0,1.2,32.86,19.72,Low,,0.0,0.0
AUC-1579,Tools 7455,General Items,General,Sharjah,Auction,Closed,2025-09-23 08:00:00,2025-09-25 10:00:00,2.083,2025-11-08 12:00:00,18555.0,25365.89,20265.45,1.2517,49,22,541,0.3670649420641336,6810.89,43.525,2.227272727272727,11.040816326530612,,,False,Tuesday,8.0,9.0,September,3.0,2.227272727272727,14.07,48.44,Mid,,0.0,25365.89
AUC-1580,Collectibles 8574,General Items,General,Umm Al Quwain,Auction,Closed,2025-10-05 19:00:00,2025-10-07 16:00:00,2.006,2025-11-08 12:00:00,18624.0,20259.43,19564.03,1.0355,75,26,1170,0.0878130369415807,1635.43,73.25,2.8846153846153846,15.6,,,False,Sunday,19.0,10.0,October,4.0,2.8846153846153846,5.47,43.28,Mid,,0.0,20259.43
AUC-1581,Furniture 2569,General Items,General,Fujairah,Auction,Closed,2025-10-14 00:00:00,2025-10-14 15:00:00,0.625,2025-11-08 12:00:00,17752.0,27271.05,20311.46,1.3426,3,2,30,0.5362240874267687,9519.05,2.75,1.5,10.0,,,False,Tuesday,0.0,10.0,October,4.0,1.5,17.99,50.79,Mid,,0.0,27271.05
AUC-1582,Other 4728,General Items,General,Fujairah,Auction,Closed,2025-10-29 10:00:00,2025-10-30 13:00:00,1.125,2025-11-08 12:00:00,17970.0,29929.49,20809.72,1.4382,31,15,886,0.6655253199777408,11959.49,41.4,2.066666666666667,28.580645161290324,,,False,Wednesday,10.0,10.0,October,4.0,2.066666666666667,23.15,53.89,Mid,,0.0,29929.49
AUC-1583,Tools 6231,General Items,General,Umm Al Quwain,Auction,Closed,2025-09-19 08:00:00,2025-09-20 21:00:00,1.542,2025-11-08 12:00:00,7614.0,12903.72,8710.34,1.4814,5,2,136,0.6947360126083529,5289.72,6.4,2.5,27.2,,,False,Friday,8.0,9.0,September,3.0,2.5,23.3,53.98,Low,,0.0,12903.72
AUC-1584,Electronics 4908,General Items,General,Umm Al Quwain,Auction,Closed,2025-09-30 01:00:00,2025-09-30 14:00:00,0.542,2025-11-08 12:00:00,7349.0,9445.22,8176.64,1.1551,24,14,709,0.2852388080010885,2096.22,33.225,1.7142857142857142,29.541666666666668,,,False,Tuesday,1.0,9.0,September,3.0,1.7142857142857142,10.39,46.23,Low,,0.0,9445.22
AUC-1585,Electronics 4749,General Items,General,Fujairah,Auction,Closed,2025-10-14 04:00:00,2025-10-16 09:00:00,2.306,2025-11-08 12:00:00,4585.0,9051.26,4881.56,1.8542,81,28,1416,0.974102508178844,4466.26,82.9,2.892857142857143,17.48148148148148,,,False,Tuesday,4.0,10.0,October,4.0,2.892857142857143,34.77,60.86,Low,,0.0,9051.26
AUC-1586,Furniture 4237,General Items,General,Ras Al Khaimah,Auction,Closed,2025-09-12 12:00:00,2025-09-13 10:00:00,0.917,2025-11-08 12:00:00,15662.0,25329.82,18042.61,1.4039,41,24,431,0.6172787638871153,9667.82,37.275,1.7083333333333333,10.51219512195122,,,False,Friday,12.0,9.0,September,3.0,1.7083333333333333,22.13,53.28,Mid,,0.0,25329.82
AUC-1587,Electronics 1464,General Items,General,Fujairah,Auction,Closed,2025-09-26 11:00:00,2025-09-29 06:00:00,2.792,2025-11-08 12:00:00,1616.0,2052.96,1807.12,1.136,16,5,184,0.2703960396039604,436.96,13.85,3.2,11.5,,,False,Friday,11.0,9.0,September,3.0,3.2,9.6,45.76,Low,,0.0,2052.96
AUC-1588,Tools 8714,General Items,General,Ajman,BuyNow,Closed,2025-09-10 03:00:00,2025-09-12 13:00:00,2.417,2025-11-08 12:00:00,15384.0,21058.98,16619.36,1.2671,50,25,748,0.3688884555382215,5674.98,49.95,2.0,14.96,,,False,Wednesday,3.0,9.0,September,3.0,2.0,13.85,48.31,Mid,,0.0,21058.98
AUC-1589,Collectibles 9396,General Items,General,Umm Al Quwain,Auction,Closed,2025-10-08 01:00:00,2025-10-10 00:00:00,1.958,2025-11-08 12:00:00,6459.0,12044.75,7456.85,1.6153,3,1,30,0.8648010527945502,5585.75,2.5,3.0,10.0,,,False,Wednesday,1.0,10.0,October,4.0,3.0,28.93,57.36,Low,,0.0,12044.75
AUC-1590,Other 1727,General Items,General,Dubai,Auction,Closed,2025-10-10 14:00:00,2025-10-11 02:00:00,0.5,2025-11-08 12:00:00,9100.0,12688.66,10047.43,1.2629,2,1,55,0.3943582417582417,3588.66,2.625,2.0,27.5,,,False,Friday,14.0,10.0,October,4.0,2.0,13.21,47.93,Low,,0.0,12688.66
AUC-1591,Collectibles 4722,General Items,General,Ajman,Auction,Closed,2025-09-12 01:00:00,2025-09-12 06:00:00,0.208,2025-11-08 12:00:00,9174.0,18403.55,10008.8,1.8387,60,32,1065,1.0060551558752997,9229.55,64.625,1.875,17.75,,,False,Friday,1.0,9.0,September,3.0,1.875,35.43,61.26,Low,,0.0,18403.55
AUC-1592,Other 5659,General Items,General,Abu Dhabi,Auction,Closed,2025-09-10 08:00:00,2025-09-10 21:00:00,0.542,2025-11-08 12:00:00,19993.0,38612.78,21116.89,1.8285,4,2,76,0.9313149602360826,18619.78,4.4,2.0,19.0,,,False,Wednesday,8.0,9.0,September,3.0,2.0,31.18,58.71,Mid,,0.0,38612.78
AUC-1593,Furniture 8054,General Items,General,Ajman,Auction,Closed,2025-09-09 09:00:00,2025-09-10 22:00:00,1.542,2025-11-08 12:00:00,1807.0,2413.36,2011.29,1.1999,31,10,696,0.3355617044825678,606.36,35.4,3.1,22.451612903225808,,,False,Tuesday,9.0,9.0,September,3.0,3.1,12.23,47.34,Low,,0.0,2413.36
AUC-1594,Electronics 9879,General Items,General,Umm Al Quwain,Auction,Closed,2025-09-16 16:00:00,2025-09-19 01:00:00,2.375,2025-11-08 12:00:00,5699.0,6020.38,6276.94,0.9591,12,5,143,0.0563923495350061,321.38,10.825,2.4,11.916666666666666,,,False,Tuesday,16.0,9.0,September,3.0,2.4,2.34,1.4,Low,,0.0,0.0
AUC-1595,Other 4746,General Items,General,Umm Al Quwain,Auction,Closed,2025-10-10 16:00:00,2025-10-11 06:00:00,0.583,2025-11-08 12:00:00,18368.0,31044.91,20214.06,1.5358,27,20,409,0.6901627831010453,12676.91,28.725,1.35,15.148148148148149,,,False,Friday,16.0,10.0,October,4.0,1.35,23.9,14.34,Mid,,0.0,0.0
AUC-1596,Other 7739,General Items,General,Fujairah,BuyNow,Closed,2025-10-24 08:00:00,2025-10-26 12:00:00,2.167,2025-11-08 12:00:00,16905.0,28973.4,18707.08,1.5488,51,18,1477,0.7138952972493346,12068.4,66.925,2.833333333333333,28.96078431372549,,,False,Friday,8.0,10.0,October,4.0,2.833333333333333,25.56,55.34,Mid,,0.0,28973.4
AUC-1597,Tools 9435,General Items,General,Ras Al Khaimah,Auction,Closed,2025-10-14 06:00:00,2025-10-14 13:00:00,0.292,2025-11-08 12:00:00,12483.0,24807.06,14392.13,1.7237,47,29,1190,0.987267483777938,12324.06,60.5,1.6206896551724137,25.31914893617021,,,False,Tuesday,6.0,10.0,October,4.0,1.6206896551724137,34.44,60.66,Mid,,0.0,24807.06
AUC-1598,Tools 8471,General Items,General,Fujairah,BuyNow,Closed,2025-09-10 22:00:00,2025-09-11 20:00:00,1.05,2025-11-08 12:00:00,10214.0,15605.86,11554.74,1.3506,79,34,2158,0.5278891717250833,5391.86,101.95,2.323529411764706,27.31645569620253,,,False,Wednesday,22.0,9.0,September,3.0,2.323529411764706,19.98,11.99,Mid,,0.0,0.0
AUC-1599,Furniture 3613,General Items,General,Ras Al Khaimah,Auction,Closed,2025-10-15 04:00:00,2025-10-17 00:00:00,1.833,2025-11-08 12:00:00,2332.0,4764.97,2519.86,1.891,59,26,850,1.0432975986277877,2432.97,57.25,2.269230769230769,14.40677966101695,,,False,Wednesday,4.0,10.0,October,4.0,2.269230769230769,36.81,62.09,Low,,0.0,4764.97
AUC-1600,Electronics 8356,General Items,General,Abu Dhabi,BuyNow,Closed,2025-09-21 00:00:00,2025-09-23 12:00:00,2.5,2025-11-08 12:00:00,759.0,1231.93,877.9,1.4033,37,16,546,0.6230961791831358,472.93,36.15,2.3125,14.756756756756756,,,False,Sunday,0.0,9.0,September,3.0,2.3125,22.09,53.25,Low,,0.0,1231.93
AUC-1601,Collectibles 4709,General Items,General,Abu Dhabi,BuyNow,Closed,2025-09-10 08:00:00,2025-09-12 16:00:00,2.333,2025-11-08 12:00:00,17785.0,30086.21,20921.12,1.4381,3,2,76,0.6916620747821197,12301.21,3.9,1.5,25.33333333333333,,,False,Wednesday,8.0,9.0,September,3.0,1.5,23.17,53.9,Mid,,0.0,30086.21
AUC-1602,Other 1157,General Items,General,Sharjah,Auction,Closed,2025-09-08 18:00:00,2025-09-10 10:00:00,1.667,2025-11-08 12:00:00,945.0,1839.49,1013.86,1.8143,58,32,666,0.9465502645502646,894.49,53.65,1.8125,11.482758620689657,,,False,Monday,18.0,9.0,September,3.0,1.8125,33.8,60.28,Low,,0.0,1839.49
AUC-1603,Other 7829,General Items,General,Umm Al Quwain,Auction,Closed,2025-09-11 16:00:00,2025-09-11 22:00:00,0.25,2025-11-08 12:00:00,15301.0,31692.86,17128.9,1.8503,26,20,656,1.071293379517679,16391.86,34.4,1.3,25.23076923076923,,,False,Thursday,16.0,9.0,September,3.0,1.3,36.53,61.92,Mid,,0.0,31692.86
AUC-1604,Collectibles 8517,General Items,General,Umm Al Quwain,Auction,Closed,2025-10-04 09:00:00,2025-10-05 08:00:00,0.958,2025-11-08 12:00:00,19577.0,29885.99,22609.6,1.3218,17,8,442,0.5265868110537877,10308.99,21.55,2.125,26.0,,,False,Saturday,9.0,10.0,October,4.0,2.125,18.13,50.88,Mid,,0.0,29885.99
AUC-1605,Other 4092,General Items,General,Fujairah,Auction,Closed,2025-10-06 19:00:00,2025-10-09 04:00:00,2.375,2025-11-08 12:00:00,24069.02,38648.11,26195.78,1.4754,50,19,757,0.6057201331836527,14579.09,48.675,2.631578947368421,15.14,,,False,Monday,19.0,10.0,October,4.0,2.631578947368421,21.7,53.02,Mid,,0.0,38648.11
AUC-1606,Furniture 5057,General Items,General,Fujairah,Auction,Closed,2025-09-08 19:00:00,2025-09-09 04:00:00,0.375,2025-11-08 12:00:00,14061.39,24495.34,15957.83,1.535,38,14,393,0.7420283485487567,10433.95,32.325,2.7142857142857144,10.342105263157896,,,False,Monday,19.0,9.0,September,3.0,2.7142857142857144,26.1,55.66,Mid,,0.0,24495.34
AUC-1607,Collectibles 4278,General Items,General,Fujairah,Auction,Closed,2025-10-22 10:00:00,2025-10-24 14:00:00,2.167,2025-11-08 12:00:00,2762.67,5051.26,3120.7,1.6186,16,12,424,0.8283978904465608,2288.59,21.6,1.3333333333333333,26.5,,,False,Wednesday,10.0,10.0,October,4.0,1.3333333333333333,28.11,56.87,Low,,0.0,5051.26
AUC-1608,Furniture 2053,General Items,General,Ras Al Khaimah,BuyNow,Closed,2025-10-24 12:00:00,2025-10-26 15:00:00,2.125,2025-11-08 12:00:00,12871.0,14539.79,14438.16,1.007,24,16,295,0.1296550384585503,1668.79,23.375,1.5,12.291666666666666,,,False,Friday,12.0,10.0,October,4.0,1.5,5.07,3.04,Mid,,0.0,0.0
AUC-1609,Tools 9952,General Items,General,Abu Dhabi,Auction,Closed,2025-09-08 22:00:00,2025-09-11 05:00:00,2.369,2025-11-08 12:00:00,5733.0,10018.86,6625.11,1.5123,71,26,1989,0.747577184720042,4285.86,91.725,2.730769230769231,28.01408450704225,,,False,Monday,22.0,9.0,September,3.0,2.730769230769231,27.43,16.46,Low,,0.0,0.0
AUC-1610,Collectibles 1203,General Items,General,Ras Al Khaimah,Auction,Closed,2025-09-25 23:00:00,2025-09-26 17:00:00,0.75,2025-11-08 12:00:00,6732.0,11073.31,7291.99,1.5186,15,6,289,0.6448767082590611,4341.31,16.225,2.5,19.266666666666666,,,False,Thursday,23.0,9.0,September,3.0,2.5,21.96,53.18,Low,,0.0,11073.31
AUC-1611,Other 5999,General Items,General,Ras Al Khaimah,Auction,Closed,2025-10-05 00:00:00,2025-10-05 20:00:00,0.928,2025-11-08 12:00:00,14670.0,15498.79,17519.42,0.8847,103,33,1052,0.0564955691888207,828.79,86.05,3.121212121212121,10.21359223300971,,,False,Sunday,0.0,10.0,October,4.0,3.121212121212121,5.38,43.23,Mid,,0.0,15498.79
AUC-1612,Tools 1134,General Items,General,Dubai,Auction,Closed,2025-10-30 07:00:00,2025-10-31 00:00:00,0.708,2025-11-08 12:00:00,15929.0,16846.52,18649.37,0.9033,5,3,60,0.0576006026743675,917.52,4.75,1.6666666666666667,12.0,,,False,Thursday,7.0,10.0,October,4.0,1.6666666666666667,2.12,41.27,Mid,,0.0,16846.52
AUC-1613,Tools 7203,General Items,General,Dubai,Auction,Closed,2025-10-06 17:00:00,2025-10-07 23:00:00,1.25,2025-11-08 12:00:00,11579.0,24493.86,12922.72,1.8954,9,6,160,1.1153692028672595,12914.86,10.0,1.5,17.77777777777778,,,False,Monday,17.0,10.0,October,4.0,1.5,37.49,62.49,Mid,,0.0,24493.86
AUC-1614,Furniture 9106,General Items,General,Fujairah,Auction,Closed,2025-09-10 02:00:00,2025-09-11 17:00:00,1.625,2025-11-08 12:00:00,9676.0,19851.84,10984.44,1.8073,47,23,911,1.051657709797437,10175.84,52.025,2.0434782608695654,19.382978723404257,,,False,Wednesday,2.0,9.0,September,3.0,2.0434782608695654,36.64,61.98,Low,,0.0,19851.84
AUC-1615,Electronics 6790,General Items,General,Umm Al Quwain,Auction,Closed,2025-10-01 15:00:00,2025-10-02 03:00:00,0.5,2025-11-08 12:00:00,5419.0,5765.41,6378.4,0.9039,13,5,153,0.0639250784277541,346.41,11.575,2.6,11.76923076923077,,,False,Wednesday,15.0,10.0,October,4.0,2.6,2.62,41.57,Low,,0.0,5765.41
AUC-1616,Tools 6454,General Items,General,Abu Dhabi,Auction,Closed,2025-10-12 18:00:00,2025-10-14 12:00:00,1.847,2025-11-08 12:00:00,5278.95,10148.25,5947.49,1.7063,63,27,1853,0.9223993407779956,4869.3,84.575,2.333333333333333,29.41269841269841,,,False,Sunday,18.0,10.0,October,4.0,2.333333333333333,32.99,59.79,Low,,0.0,10148.25
AUC-1617,Collectibles 8450,General Items,General,Sharjah,Auction,Closed,2025-10-04 10:00:00,2025-10-05 06:00:00,0.833,2025-11-08 12:00:00,2034.0,4340.45,2256.35,1.9237,36,25,736,1.1339478859390364,2306.45,42.65,1.44,20.444444444444443,,,False,Saturday,10.0,10.0,October,4.0,1.44,38.94,63.36,Low,,0.0,4340.45
AUC-1618,Collectibles 9767,General Items,General,Ajman,Auction,Closed,2025-09-13 00:00:00,2025-09-14 18:00:00,1.75,2025-11-08 12:00:00,6829.47,7520.87,7883.06,0.9541,20,15,205,0.1012377241572185,691.4,18.875,1.3333333333333333,10.25,,,False,Saturday,0.0,9.0,September,3.0,1.3333333333333333,4.15,42.49,Low,,0.0,7520.87
AUC-1619,Electronics 8755,General Items,General,Fujairah,Auction,Closed,2025-09-12 13:00:00,2025-09-13 13:00:00,1.0,2025-11-08 12:00:00,10469.0,18019.93,11683.33,1.5424,44,16,892,0.7212656414175184,7550.93,48.3,2.75,20.272727272727277,,,False,Friday,13.0,9.0,September,3.0,2.75,25.47,55.28,Mid,,0.0,18019.93
AUC-1620,Collectibles 3082,General Items,General,Sharjah,Auction,Closed,2025-10-11 06:00:00,2025-10-14 02:00:00,2.884,2025-11-08 12:00:00,11441.0,23974.66,13422.15,1.7862,64,34,646,1.0955038895201468,12533.66,56.65,1.8823529411764703,10.09375,,,False,Saturday,6.0,10.0,October,4.0,1.8823529411764703,38.88,23.33,Mid,,0.0,0.0
AUC-1621,Other 6068,General Items,General,Ajman,BuyNow,Closed,2025-10-01 01:00:00,2025-10-02 02:00:00,1.18,2025-11-08 12:00:00,7662.0,12275.05,8085.74,1.5181,77,28,1286,0.6020686504829026,4613.05,77.65,2.75,16.7012987012987,,,False,Wednesday,1.0,10.0,October,4.0,2.75,22.64,13.58,Low,,0.0,0.0
AUC-1622,Collectibles 8368,General Items,General,Ras Al Khaimah,BuyNow,Closed,2025-10-19 05:00:00,2025-10-21 20:00:00,2.625,2025-11-08 12:00:00,7348.0,14882.95,8658.71,1.7188,41,22,881,1.0254422972237345,7534.95,48.025,1.8636363636363635,21.48780487804878,,,False,Sunday,5.0,10.0,October,4.0,1.8636363636363635,35.44,61.26,Low,,0.0,14882.95
AUC-1623,Collectibles 3650,General Items,General,Abu Dhabi,Auction,Closed,2025-10-09 23:00:00,2025-10-10 14:00:00,0.625,2025-11-08 12:00:00,15332.0,17831.41,17305.27,1.0304,10,5,103,0.1630191755804852,2499.41,8.825,2.0,10.3,,,False,Thursday,23.0,10.0,October,4.0,2.0,5.8,43.48,Mid,,0.0,17831.41
AUC-1624,Electronics 7076,General Items,General,Ajman,Auction,Closed,2025-10-24 17:00:00,2025-10-25 02:00:00,0.375,2025-11-08 12:00:00,7570.0,15728.76,8006.85,1.9644,35,21,665,1.077775429326288,8158.76,39.375,1.6666666666666667,19.0,,,False,Friday,17.0,10.0,October,4.0,1.6666666666666667,36.94,62.16,Low,,0.0,15728.76
AUC-1625,Furniture 1205,General Items,General,Sharjah,Auction,Closed,2025-10-05 23:00:00,2025-10-06 15:00:00,0.667,2025-11-08 12:00:00,8872.0,13646.23,10156.64,1.3436,7,2,77,0.5381233092876465,4774.23,5.925,3.5,11.0,,,False,Sunday,23.0,10.0,October,4.0,3.5,18.19,50.91,Low,,0.0,13646.23
AUC-1626,Collectibles 8895,General Items,General,Dubai,Auction,Closed,2025-10-03 03:00:00,2025-10-04 11:00:00,1.333,2025-11-08 12:00:00,15411.0,31655.27,17155.33,1.8452,11,9,114,1.054069820258257,16244.27,10.6,1.2222222222222223,10.363636363636363,,,False,Friday,3.0,10.0,October,4.0,1.2222222222222223,35.57,61.34,Mid,,0.0,31655.27
AUC-1627,Tools 6529,General Items,General,Sharjah,Auction,Closed,2025-10-14 22:00:00,2025-10-17 15:00:00,2.708,2025-11-08 12:00:00,11346.0,14948.16,13234.47,1.1295,36,24,422,0.3174828133262823,3602.16,34.55,1.5,11.72222222222222,,,False,Tuesday,22.0,10.0,October,4.0,1.5,12.02,47.21,Mid,,0.0,14948.16
AUC-1628,Electronics 7687,General Items,General,Fujairah,Auction,Closed,2025-10-21 13:00:00,2025-10-22 04:00:00,0.625,2025-11-08 12:00:00,8618.0,12983.73,10056.45,1.2911,44,14,549,0.5065827338129496,4365.73,39.225,3.142857142857143,12.477272727272728,,,False,Tuesday,13.0,10.0,October,4.0,3.142857142857143,18.07,50.84,Low,,0.0,12983.73
AUC-1629,Other 8428,General Items,General,Umm Al Quwain,Auction,Closed,2025-10-26 10:00:00,2025-10-28 19:00:00,2.375,2025-11-08 12:00:00,17902.0,31006.06,20424.21,1.5181,52,34,1398,0.7319886046251817,13104.06,69.45,1.5294117647058822,26.884615384615383,,,False,Sunday,10.0,10.0,October,4.0,1.5294117647058822,26.17,55.7,Mid,,0.0,31006.06
AUC-1630,Furniture 2968,General Items,General,Sharjah,Auction,Closed,2025-10-28 01:00:00,2025-10-30 04:00:00,2.125,2025-11-08 12:00:00,5465.0,9051.06,6285.47,1.44,59,32,1385,0.6561866422689844,3586.06,72.125,1.84375,23.47457627118644,,,False,Tuesday,1.0,10.0,October,4.0,1.84375,23.65,54.19,Low,,0.0,9051.06
AUC-1631,Electronics 5054,General Items,General,Sharjah,Auction,Closed,2025-09-24 12:00:00,2025-09-25 15:00:00,1.125,2025-11-08 12:00:00,6627.0,7333.96,7149.49,1.0258,7,4,203,0.1066787384940395,706.96,9.575,1.75,29.0,,,False,Wednesday,12.0,9.0,September,3.0,1.75,3.79,42.27,Low,,0.0,7333.96
AUC-1632,Furniture 8726,General Items,General,Dubai,Auction,Closed,2025-10-24 03:00:00,2025-10-25 05:00:00,1.203,2025-11-08 12:00:00,7826.0,11949.76,8570.57,1.3943,87,31,1333,0.5269307436749298,4123.76,84.575,2.806451612903226,15.32183908045977,,,False,Friday,3.0,10.0,October,4.0,2.806451612903226,20.24,12.14,Low,,0.0,0.0
AUC-1633,Collectibles 2482,General Items,General,Ras Al Khaimah,Auction,Closed,2025-10-28 06:00:00,2025-10-31 02:00:00,2.945,2025-11-08 12:00:00,1398.0,2006.4,1592.66,1.2598,64,30,1663,0.4351931330472103,608.4,81.075,2.1333333333333333,25.984375,,,False,Tuesday,6.0,10.0,October,4.0,2.1333333333333333,16.7,50.02,Low,,0.0,2006.4
AUC-1634,Electronics 8401,General Items,General,Umm Al Quwain,Auction,Closed,2025-09-07 01:00:00,2025-09-09 05:00:00,2.167,2025-11-08 12:00:00,5596.0,6119.77,6279.5,0.9746,13,4,224,0.0935972122944961,523.77,13.1,3.25,17.23076923076923,,,False,Sunday,1.0,9.0,September,3.0,3.25,3.53,42.12,Low,,0.0,6119.77
AUC-1635,Collectibles 3592,General Items,General,Abu Dhabi,Auction,Closed,2025-10-22 07:00:00,2025-10-23 03:00:00,0.833,2025-11-08 12:00:00,12354.0,15353.79,13865.33,1.1074,41,14,479,0.2428193297717339,2999.79,35.975,2.9285714285714284,11.682926829268292,,,False,Wednesday,7.0,10.0,October,4.0,2.9285714285714284,9.62,45.77,Mid,,0.0,15353.79
AUC-1636,Other 6178,General Items,General,Ajman,Auction,Closed,2025-09-12 05:00:00,2025-09-14 23:00:00,2.861,2025-11-08 12:00:00,15561.0,24221.72,17557.58,1.3796,80,33,1699,0.5565657734078787,8660.72,90.725,2.4242424242424243,21.2375,,,False,Friday,5.0,9.0,September,3.0,2.4242424242424243,20.98,52.59,Mid,,0.0,24221.72
AUC-1637,Tools 5589,General Items,General,Abu Dhabi,Auction,Closed,2025-09-30 11:00:00,2025-10-01 18:00:00,1.292,2025-11-08 12:00:00,4270.0,5695.58,4757.96,1.1971,2,1,41,0.3338594847775175,1425.58,2.275,2.0,20.5,,,False,Tuesday,11.0,9.0,September,3.0,2.0,11.19,46.71,Low,,0.0,5695.58
AUC-1638,Other 7177,General Items,General,Sharjah,Auction,Closed,2025-09-25 13:00:00,2025-09-25 22:00:00,0.375,2025-11-08 12:00:00,8532.0,14821.87,9893.81,1.4981,6,2,79,0.7372093295827474,6289.87,5.475,3.0,13.166666666666666,,,False,Thursday,13.0,9.0,September,3.0,3.0,24.78,54.87,Low,,0.0,14821.87
AUC-1639,Collectibles 8529,General Items,General,Fujairah,BuyNow,Closed,2025-10-02 13:00:00,2025-10-05 00:00:00,2.458,2025-11-08 12:00:00,2839.0,5409.58,3383.3,1.5989,57,18,773,0.905452624163438,2570.58,52.325,3.1666666666666665,13.56140350877193,,,False,Thursday,13.0,10.0,October,4.0,3.1666666666666665,31.86,59.12,Low,,0.0,5409.58
AUC-1640,Furniture 4140,General Items,General,Ajman,Auction,Closed,2025-10-25 12:00:00,2025-10-28 03:00:00,2.742,2025-11-08 12:00:00,17755.0,24281.86,19865.17,1.2223,103,33,1890,0.3676068713038581,6526.86,107.0,3.121212121212121,18.3495145631068,,,False,Saturday,12.0,10.0,October,4.0,3.121212121212121,15.8,49.48,Mid,,0.0,24281.86
AUC-1641,Electronics 2545,General Items,General,Dubai,BuyNow,Closed,2025-09-17 02:00:00,2025-09-18 12:00:00,1.417,2025-11-08 12:00:00,13736.0,27919.95,15333.31,1.8209,13,10,172,1.032611386138614,14183.95,13.3,1.3,13.23076923076923,,,False,Wednesday,2.0,9.0,September,3.0,1.3,34.91,60.95,Mid,,0.0,27919.95
AUC-1642,Collectibles 4805,General Items,General,Ras Al Khaimah,Auction,Closed,2025-09-16 20:00:00,2025-09-18 23:00:00,2.22,2025-11-08 12:00:00,12201.0,21435.53,13284.98,1.6135,76,27,1522,0.7568666502745676,9234.53,82.8,2.814814814814815,20.026315789473685,,,False,Tuesday,20.0,9.0,September,3.0,2.814814814814815,27.86,56.72,Mid,,0.0,21435.53
AUC-1643,Tools 6508,General Items,General,Abu Dhabi,Auction,Closed,2025-10-17 15:00:00,2025-10-18 10:00:00,0.864,2025-11-08 12:00:00,12275.0,15893.37,13693.54,1.1606,68,24,1704,0.2947755600814664,3618.37,82.6,2.833333333333333,25.058823529411764,,,False,Friday,15.0,10.0,October,4.0,2.833333333333333,12.15,47.29,Mid,,0.0,15893.37
AUC-1644,Electronics 7753,General Items,General,Ajman,Auction,Closed,2025-09-20 23:00:00,2025-09-23 12:00:00,2.542,2025-11-08 12:00:00,15592.0,24884.25,17876.98,1.392,17,5,176,0.595962673165726,9292.25,14.15,3.4,10.352941176470589,,,False,Saturday,23.0,9.0,September,3.0,3.4,20.47,52.28,Mid,,0.0,24884.25
AUC-1645,Furniture 7779,General Items,General,Fujairah,Auction,Closed,2025-10-05 04:00:00,2025-10-06 09:00:00,1.208,2025-11-08 12:00:00,4920.0,6511.59,5798.73,1.1229,18,10,215,0.3234939024390244,1591.59,16.875,1.8,11.944444444444445,,,False,Sunday,4.0,10.0,October,4.0,1.8,11.49,46.89,Low,,0.0,6511.59
AUC-1646,Tools 4059,General Items,General,Abu Dhabi,Auction,Closed,2025-09-13 10:00:00,2025-09-14 08:00:00,1.041,2025-11-08 12:00:00,6276.0,8816.76,6937.65,1.2709,66,22,1095,0.4048374760994264,2540.76,65.875,3.0,16.59090909090909,,,False,Saturday,10.0,9.0,September,3.0,3.0,15.29,9.17,Low,,0.0,0.0
AUC-1647,Other 9423,General Items,General,Dubai,BuyNow,Closed,2025-09-18 09:00:00,2025-09-19 23:00:00,1.583,2025-11-08 12:00:00,13792.0,16891.11,16053.85,1.0522,47,17,1217,0.2247034512761021,3099.11,58.175,2.764705882352941,25.8936170212766,,,False,Thursday,9.0,9.0,September,3.0,2.764705882352941,9.01,5.41,Mid,,0.0,0.0
AUC-1648,Tools 1748,General Items,General,Umm Al Quwain,Auction,Closed,2025-11-03 21:00:00,2025-11-04 19:00:00,0.917,2025-11-08 12:00:00,11594.0,13870.04,12779.61,1.0853,29,9,299,0.1963118854579955,2276.04,24.225,3.2222222222222223,10.310344827586206,,,False,Monday,21.0,11.0,November,4.0,3.2222222222222223,7.57,44.54,Mid,,0.0,13870.04
AUC-1649,Electronics 2050,General Items,General,Dubai,Auction,Closed,2025-09-14 09:00:00,2025-09-16 07:00:00,1.917,2025-11-08 12:00:00,4114.05,4334.14,4807.0,0.9016,20,7,433,0.0534971621638045,220.09,22.575,2.857142857142857,21.65,,,False,Sunday,9.0,9.0,September,3.0,2.857142857142857,2.32,41.39,Low,,0.0,4334.14
AUC-1650,Tools 1222,General Items,General,Ajman,Auction,Closed,2025-09-07 11:00:00,2025-09-09 17:00:00,2.25,2025-11-08 12:00:00,10369.0,14444.52,12336.81,1.1708,60,19,1699,0.3930485099816762,4075.52,77.225,3.1578947368421053,28.316666666666663,,,False,Sunday,11.0,9.0,September,3.0,3.1578947368421053,15.05,49.03,Mid,,0.0,14444.52
AUC-1651,Other 9336,General Items,General,Ajman,Auction,Closed,2025-09-22 21:00:00,2025-09-24 04:00:00,1.292,2025-11-08 12:00:00,10893.0,18358.52,11784.19,1.5579,59,29,1029,0.6853502249150831,7465.52,62.475,2.034482758620689,17.440677966101696,,,False,Monday,21.0,9.0,September,3.0,2.034482758620689,24.92,54.95,Mid,,0.0,18358.52
AUC-1652,Collectibles 2620,General Items,General,Dubai,Auction,Closed,2025-10-28 17:00:00,2025-10-31 02:00:00,2.375,2025-11-08 12:00:00,11619.0,23812.03,13049.7,1.8247,23,15,268,1.049404423788622,12193.03,21.95,1.5333333333333334,11.652173913043478,,,False,Tuesday,17.0,10.0,October,4.0,1.5333333333333334,35.7,61.42,Mid,,0.0,23812.03
AUC-1653,Other 6412,General Items,General,Dubai,Auction,Closed,2025-09-18 13:00:00,2025-09-19 22:00:00,1.439,2025-11-08 12:00:00,18714.0,32055.1,22128.63,1.4486,65,32,1009,0.7128940899861066,13341.1,65.725,2.03125,15.523076923076925,,,False,Thursday,13.0,9.0,September,3.0,2.03125,25.86,55.52,Mid,,0.0,32055.1
AUC-1654,Collectibles 8315,General Items,General,Fujairah,Auction,Closed,2025-09-26 21:00:00,2025-09-29 18:00:00,2.984,2025-11-08 12:00:00,4315.0,7996.2,4950.66,1.6152,71,23,717,0.8531170336037079,3681.2,59.175,3.0869565217391304,10.098591549295774,,,False,Friday,21.0,9.0,September,3.0,3.0869565217391304,30.94,18.56,Low,,0.0,0.0
AUC-1655,Furniture 7899,General Items,General,Abu Dhabi,Auction,Closed,2025-10-17 15:00:00,2025-10-18 12:00:00,0.875,2025-11-08 12:00:00,8419.0,17777.65,9515.4,1.8683,21,14,459,1.1116106425941326,9358.65,25.475,1.5,21.857142857142858,,,False,Friday,15.0,10.0,October,4.0,1.5,37.69,62.61,Low,,0.0,17777.65
AUC-1656,Electronics 9538,General Items,General,Sharjah,Auction,Closed,2025-09-12 19:00:00,2025-09-14 22:00:00,2.178,2025-11-08 12:00:00,13095.0,15245.25,14868.2,1.0254,67,25,842,0.1642038946162657,2150.25,60.8,2.68,12.567164179104475,,,False,Friday,19.0,9.0,September,3.0,2.68,7.38,4.43,Mid,,0.0,0.0
AUC-1657,Collectibles 1483,General Items,General,Ajman,Auction,Closed,2025-10-03 07:00:00,2025-10-04 23:00:00,1.667,2025-11-08 12:00:00,9841.0,19002.99,11792.68,1.6114,56,16,580,0.9310019306981,9161.99,46.5,3.5,10.357142857142858,,,False,Friday,7.0,10.0,October,4.0,3.5,33.0,59.8,Low,,0.0,19002.99
AUC-1658,Furniture 4663,General Items,General,Ajman,BuyNow,Closed,2025-09-13 22:00:00,2025-09-16 18:00:00,2.982,2025-11-08 12:00:00,5396.0,10410.69,6070.17,1.7151,85,26,874,0.9293346923647148,5014.69,70.85,3.269230769230769,10.282352941176471,,,False,Saturday,22.0,9.0,September,3.0,3.269230769230769,33.98,20.39,Low,,0.0,0.0
AUC-1659,Tools 5554,General Items,General,Fujairah,Auction,Closed,2025-09-27 00:00:00,2025-09-27 18:00:00,0.821,2025-11-08 12:00:00,308.0,353.48,324.3,1.09,93,34,2245,0.1476623376623377,45.48,111.125,2.735294117647059,24.13978494623656,,,False,Saturday,0.0,9.0,September,3.0,2.735294117647059,8.02,4.81,Low,,0.0,0.0
AUC-1660,Other 7264,General Items,General,Abu Dhabi,Auction,Closed,2025-10-20 02:00:00,2025-10-20 19:00:00,0.79,2025-11-08 12:00:00,2383.0,4644.38,2683.02,1.731,82,27,1891,0.9489634913973984,2261.38,95.025,3.037037037037037,23.0609756097561,,,False,Monday,2.0,10.0,October,4.0,3.037037037037037,34.19,60.51,Low,,0.0,4644.38
AUC-1661,Other 6603,General Items,General,Sharjah,Auction,Closed,2025-09-07 17:00:00,2025-09-10 07:00:00,2.583,2025-11-08 12:00:00,2221.0,4093.19,2386.44,1.7152,7,5,198,0.8429491220171095,1872.19,9.7,1.4,28.285714285714285,,,False,Sunday,17.0,9.0,September,3.0,1.4,28.32,56.99,Low,,0.0,4093.19
AUC-1662,Other 6038,General Items,General,Ras Al Khaimah,Auction,Closed,2025-10-01 03:00:00,2025-10-03 20:00:00,2.708,2025-11-08 12:00:00,779.31,1581.28,821.48,1.9249,7,3,72,1.0290770040163737,801.97,6.05,2.333333333333333,10.285714285714286,,,False,Wednesday,3.0,10.0,October,4.0,2.333333333333333,34.56,60.74,Low,,0.0,1581.28
AUC-1663,Electronics 3761,General Items,General,Sharjah,Auction,Closed,2025-10-04 07:00:00,2025-10-06 13:00:00,2.393,2025-11-08 12:00:00,11281.0,17780.43,13428.12,1.3241,68,28,1269,0.5761395266377094,6499.43,72.725,2.4285714285714284,18.66176470588235,,,False,Saturday,7.0,10.0,October,4.0,2.4285714285714284,21.24,52.74,Mid,,0.0,17780.43
AUC-1664,Furniture 1958,General Items,General,Abu Dhabi,Auction,Closed,2025-10-12 19:00:00,2025-10-14 07:00:00,1.604,2025-11-08 12:00:00,18944.0,27681.29,20112.48,1.3763,87,29,976,0.4612167440878378,8737.29,75.15,3.0,11.218390804597702,,,False,Sunday,19.0,10.0,October,4.0,3.0,18.56,11.14,Mid,,0.0,0.0
AUC-1665,Electronics 4884,General Items,General,Abu Dhabi,Auction,Closed,2025-10-28 09:00:00,2025-10-29 16:00:00,1.292,2025-11-08 12:00:00,19926.0,24852.38,22397.52,1.1096,37,20,919,0.2472337649302419,4926.38,46.475,1.85,24.83783783783784,,,False,Tuesday,9.0,10.0,October,4.0,1.85,9.6,45.76,Mid,,0.0,24852.38
AUC-1666,Electronics 3336,General Items,General,Umm Al Quwain,Auction,Closed,2025-09-24 22:00:00,2025-09-26 23:00:00,2.042,2025-11-08 12:00:00,7788.0,11899.33,8713.21,1.3657,13,9,240,0.5279057524396508,4111.33,14.75,1.4444444444444444,18.46153846153846,,,False,Wednesday,22.0,9.0,September,3.0,1.4444444444444444,17.99,50.79,Low,,0.0,11899.33
AUC-1667,Collectibles 5988,General Items,General,Dubai,Auction,Closed,2025-10-10 21:00:00,2025-10-13 03:00:00,2.381,2025-11-08 12:00:00,16934.0,34810.79,18495.87,1.8821,84,30,1734,1.055674382898311,17876.79,92.85,2.8,20.642857142857142,,,False,Friday,21.0,10.0,October,4.0,2.8,38.03,62.82,Mid,,0.0,34810.79
AUC-1668,Collectibles 8173,General Items,General,Umm Al Quwain,Auction,Closed,2025-09-10 22:00:00,2025-09-11 20:00:00,0.917,2025-11-08 12:00:00,4122.0,4854.52,4813.27,1.0086,37,16,418,0.1777098495875789,732.52,32.95,2.3125,11.297297297297296,,,False,Wednesday,22.0,9.0,September,3.0,2.3125,7.31,44.39,Low,,0.0,4854.52
AUC-1669,Collectibles 5972,General Items,General,Dubai,Auction,Closed,2025-09-10 13:00:00,2025-09-10 17:00:00,0.167,2025-11-08 12:00:00,1317.0,1443.84,1471.24,0.9814,31,10,338,0.0963097949886104,126.84,26.45,3.1,10.903225806451612,,,False,Wednesday,13.0,9.0,September,3.0,3.1,4.33,42.6,Low,,0.0,1443.84
AUC-1670,Other 6246,General Items,General,Umm Al Quwain,Auction,Closed,2025-09-21 14:00:00,2025-09-21 23:00:00,0.375,2025-11-08 12:00:00,6714.0,13472.61,7952.37,1.6942,30,13,589,1.006644325290438,6758.61,32.975,2.3076923076923075,19.633333333333333,,,False,Sunday,14.0,9.0,September,3.0,2.3076923076923075,34.58,60.75,Low,,0.0,13472.61
AUC-1671,Furniture 1376,General Items,General,Umm Al Quwain,Auction,Closed,2025-10-22 18:00:00,2025-10-23 21:00:00,1.125,2025-11-08 12:00:00,12080.0,18277.76,13583.33,1.3456,35,11,525,0.5130596026490065,6197.76,33.375,3.1818181818181817,15.0,,,False,Wednesday,18.0,10.0,October,4.0,3.1818181818181817,18.09,50.85,Mid,,0.0,18277.76
AUC-1672,Collectibles 6801,General Items,General,Ajman,Auction,Closed,2025-09-23 22:00:00,2025-09-26 00:00:00,2.083,2025-11-08 12:00:00,4737.0,7008.34,5379.42,1.3028,24,10,687,0.4794891281401731,2271.34,31.675,2.4,28.625,,,False,Tuesday,22.0,9.0,September,3.0,2.4,16.82,50.09,Low,,0.0,7008.34
AUC-1673,Collectibles 4954,General Items,General,Fujairah,BuyNow,Closed,2025-11-04 04:00:00,2025-11-05 13:00:00,1.375,2025-11-08 12:00:00,1904.0,2761.28,2059.31,1.3409,36,12,1039,0.4502521008403362,857.28,46.975,3.0,28.86111111111111,,,False,Tuesday,4.0,11.0,November,4.0,3.0,16.23,49.74,Low,,0.0,2761.28
AUC-1674,Collectibles 2113,General Items,General,Ras Al Khaimah,Auction,Closed,2025-09-17 06:00:00,2025-09-19 04:00:00,1.98,2025-11-08 12:00:00,15145.0,27260.61,16520.29,1.6501,66,23,850,0.7999742489270386,12115.61,60.0,2.869565217391304,12.87878787878788,,,False,Wednesday,6.0,9.0,September,3.0,2.869565217391304,28.86,57.32,Mid,,0.0,27260.61
AUC-1675,Furniture 2924,General Items,General,Ras Al Khaimah,Auction,Closed,2025-10-07 23:00:00,2025-10-09 10:00:00,1.458,2025-11-08 12:00:00,12905.0,15079.2,14601.52,1.0327,2,1,59,0.1684773343665246,2174.2,2.725,2.0,29.5,,,False,Tuesday,23.0,10.0,October,4.0,2.0,5.68,43.41,Mid,,0.0,15079.2
AUC-1676,Furniture 8025,General Items,General,Fujairah,Auction,Closed,2025-09-11 10:00:00,2025-09-12 07:00:00,0.875,2025-11-08 12:00:00,315.0,563.5,352.08,1.6005,25,13,278,0.7888888888888889,248.5,22.7,1.9230769230769231,11.12,,,False,Thursday,10.0,9.0,September,3.0,1.9230769230769231,27.25,56.35,Low,,0.0,563.5
AUC-1677,Tools 9249,General Items,General,Umm Al Quwain,Auction,Closed,2025-10-13 20:00:00,2025-10-16 02:00:00,2.25,2025-11-08 12:00:00,8461.0,11402.81,9378.2,1.2159,20,6,309,0.347690580309656,2941.81,19.225,3.333333333333333,15.45,,,False,Monday,20.0,10.0,October,4.0,3.333333333333333,12.23,47.34,Low,,0.0,11402.81
AUC-1678,Electronics 5569,General Items,General,Abu Dhabi,Auction,Closed,2025-10-20 16:00:00,2025-10-22 21:00:00,2.208,2025-11-08 12:00:00,9773.0,17158.94,11389.87,1.5065,40,23,1121,0.7557495139670519,7385.94,53.775,1.7391304347826086,28.025,,,False,Monday,16.0,10.0,October,4.0,1.7391304347826086,26.47,15.88,Low,,0.0,0.0
AUC-1679,Electronics 9788,General Items,General,Fujairah,Auction,Closed,2025-09-05 19:00:00,2025-09-08 16:00:00,3.011,2025-11-08 12:00:00,8200.0,12409.07,9299.05,1.3344,95,34,1486,0.5133012195121951,4209.07,93.15,2.794117647058824,15.642105263157896,,,False,Friday,19.0,9.0,September,3.0,2.794117647058824,19.92,51.95,Low,,0.0,12409.07
AUC-1680,Other 2620,General Items,General,Abu Dhabi,Auction,Closed,2025-10-04 21:00:00,2025-10-07 09:00:00,2.5,2025-11-08 12:00:00,14509.05,28183.72,15766.92,1.7875,41,27,1080,0.9424924443709272,13674.67,54.25,1.5185185185185186,26.341463414634145,,,False,Saturday,21.0,10.0,October,4.0,1.5185185185185186,32.74,59.64,Mid,,0.0,28183.72
AUC-1681,Other 3696,General Items,General,Umm Al Quwain,Auction,Closed,2025-09-16 01:00:00,2025-09-17 06:00:00,1.208,2025-11-08 12:00:00,714.0,953.75,791.95,1.2043,26,9,294,0.3357843137254901,239.75,22.6,2.888888888888889,11.307692307692308,,,False,Tuesday,1.0,9.0,September,3.0,2.888888888888889,12.02,47.21,Low,,0.0,953.75
AUC-1682,Electronics 9369,General Items,General,Ajman,Auction,Closed,2025-09-12 00:00:00,2025-09-14 03:00:00,2.125,2025-11-08 12:00:00,8306.0,13181.16,9398.07,1.4025,31,18,922,0.5869443775583915,4875.16,43.05,1.7222222222222223,29.741935483870968,,,False,Friday,0.0,9.0,September,3.0,1.7222222222222223,20.53,52.32,Low,,0.0,13181.16
AUC-1683,Collectibles 2576,General Items,General,Ajman,BuyNow,Closed,2025-10-05 23:00:00,2025-10-07 02:00:00,1.125,2025-11-08 12:00:00,16372.0,26094.66,17697.41,1.4745,3,1,52,0.5938590276081114,9722.66,3.05,3.0,17.333333333333332,,,False,Sunday,23.0,10.0,October,4.0,3.0,19.89,51.93,Mid,,0.0,26094.66
AUC-1684,Electronics 6933,General Items,General,Dubai,Auction,Closed,2025-10-08 18:00:00,2025-10-11 09:00:00,2.625,2025-11-08 12:00:00,17730.0,26431.66,21072.13,1.2543,37,15,917,0.4907873660462493,8701.66,45.175,2.466666666666667,24.783783783783782,,,False,Wednesday,18.0,10.0,October,4.0,2.466666666666667,17.44,50.46,Mid,,0.0,26431.66
AUC-1685,Furniture 2975,General Items,General,Umm Al Quwain,Auction,Closed,2025-10-03 06:00:00,2025-10-05 03:00:00,1.875,2025-11-08 12:00:00,15433.0,20437.19,17518.0,1.1666,17,10,174,0.324252575649582,5004.19,15.35,1.7,10.235294117647058,,,False,Friday,6.0,10.0,October,4.0,1.7,11.35,46.81,Mid,,0.0,20437.19
AUC-1686,Electronics 3980,General Items,General,Dubai,Auction,Closed,2025-09-15 13:00:00,2025-09-18 01:00:00,2.5,2025-11-08 12:00:00,548.0,998.84,612.3,1.6313,42,18,1173,0.8227007299270074,450.84,54.825,2.333333333333333,27.928571428571427,,,False,Monday,13.0,9.0,September,3.0,2.333333333333333,28.63,57.18,Low,,0.0,998.84
AUC-1687,Electronics 5299,General Items,General,Sharjah,BuyNow,Closed,2025-09-10 06:00:00,2025-09-11 05:00:00,0.958,2025-11-08 12:00:00,2190.0,3483.05,2393.54,1.4552,45,14,849,0.5904337899543379,1293.05,47.225,3.2142857142857144,18.866666666666667,,,False,Wednesday,6.0,9.0,September,3.0,3.2142857142857144,21.05,52.63,Low,,0.0,3483.05
AUC-1688,Collectibles 4239,General Items,General,Dubai,Auction,Closed,2025-10-19 07:00:00,2025-10-19 12:00:00,0.342,2025-11-08 12:00:00,15311.0,24135.13,17385.72,1.3882,66,24,872,0.5763261707269284,8824.13,60.8,2.75,13.212121212121213,,,False,Sunday,7.0,10.0,October,4.0,2.75,21.28,52.77,Mid,,0.0,24135.13
AUC-1689,Collectibles 8869,General Items,General,Sharjah,BuyNow,Closed,2025-09-23 22:00:00,2025-09-24 11:00:00,0.601,2025-11-08 12:00:00,21189.12,29530.85,23819.85,1.2398,66,19,1781,0.3936798696689622,8341.73,82.275,3.473684210526316,26.984848484848484,,,False,Tuesday,22.0,9.0,September,3.0,3.473684210526316,15.15,49.09,Mid,,0.0,29530.85
AUC-1690,Electronics 9754,General Items,General,Abu Dhabi,BuyNow,Closed,2025-10-18 23:00:00,2025-10-20 15:00:00,1.732,2025-11-08 12:00:00,3874.0,7767.38,4281.6,1.8141,96,32,2491,1.0050025813113062,3893.38,118.275,3.0,25.947916666666668,,,False,Saturday,23.0,10.0,October,4.0,3.0,36.82,62.09,Low,,0.0,7767.38
AUC-1691,Tools 5499,General Items,General,Fujairah,Auction,Closed,2025-09-29 02:00:00,2025-10-01 23:00:00,2.875,2025-11-08 12:00:00,4068.0,4716.82,4537.75,1.0395,8,3,104,0.1594936086529006,648.82,7.35,2.6666666666666665,13.0,,,False,Monday,2.0,9.0,September,3.0,2.6666666666666665,5.57,3.34,Low,,0.0,0.0
AUC-1692,Electronics 5726,General Items,General,Ajman,Auction,Closed,2025-09-17 20:00:00,2025-09-19 18:00:00,2.023,2025-11-08 12:00:00,13633.14,22502.72,15480.5,1.4536,82,33,1872,0.6505896660637243,8869.58,96.05,2.484848484848485,22.82926829268293,,,False,Wednesday,20.0,9.0,September,3.0,2.484848484848485,24.54,54.72,Mid,,0.0,22502.72
AUC-1693,Furniture 1498,General Items,General,Fujairah,Auction,Closed,2025-09-12 10:00:00,2025-09-14 21:00:00,2.527,2025-11-08 12:00:00,18052.0,20165.49,20170.5,0.9998,91,27,1460,0.1170778861068026,2113.49,88.75,3.3703703703703702,16.043956043956044,,,False,Friday,10.0,9.0,September,3.0,3.3703703703703702,6.33,43.8,Mid,,0.0,20165.49
AUC-1694,Electronics 3107,General Items,General,Ajman,Auction,Closed,2025-10-10 22:00:00,2025-10-12 09:00:00,1.458,2025-11-08 12:00:00,15096.0,19522.46,16843.99,1.159,60,25,645,0.2932207207207206,4426.46,52.375,2.4,10.75,,,False,Friday,22.0,10.0,October,4.0,2.4,11.7,7.02,Mid,,0.0,0.0
AUC-1695,Furniture 1358,General Items,General,Dubai,Auction,Closed,2025-10-12 23:00:00,2025-10-15 20:00:00,2.945,2025-11-08 12:00:00,15614.0,26556.46,17322.44,1.5331,62,29,1501,0.7008108108108108,10942.46,75.775,2.1379310344827585,24.20967741935484,,,False,Sunday,23.0,10.0,October,4.0,2.1379310344827585,25.14,55.08,Mid,,0.0,26556.46
AUC-1696,Other 8708,General Items,General,Dubai,BuyNow,Closed,2025-10-20 01:00:00,2025-10-22 20:00:00,2.792,2025-11-08 12:00:00,3577.0,6426.61,3804.9,1.689,6,2,180,0.7966480290746435,2849.61,8.0,3.0,30.0,,,False,Monday,1.0,10.0,October,4.0,3.0,26.75,56.05,Low,,0.0,6426.61
AUC-1697,Collectibles 3046,General Items,General,Dubai,Auction,Closed,2025-10-29 17:00:00,2025-10-30 11:00:00,0.75,2025-11-08 12:00:00,21805.63,42873.77,26155.29,1.6392,27,8,515,0.9661789180133752,21068.14,28.375,3.375,19.074074074074076,,,False,Wednesday,17.0,10.0,October,4.0,3.375,33.1,59.86,Mid,,0.0,42873.77
AUC-1698,Collectibles 4065,General Items,General,Dubai,Auction,Closed,2025-10-14 17:00:00,2025-10-17 07:00:00,2.583,2025-11-08 12:00:00,2153.42,3466.53,2279.42,1.5208,2,1,20,0.6097788633893992,1313.11,1.75,2.0,10.0,,,False,Tuesday,17.0,10.0,October,4.0,2.0,20.4,12.24,Low,,0.0,0.0
AUC-1699,Electronics 8584,General Items,General,Fujairah,Auction,Closed,2025-09-15 22:00:00,2025-09-16 03:00:00,0.208,2025-11-08 12:00:00,8885.0,17631.02,10516.6,1.6765,42,28,1130,0.9843579065841306,8746.02,56.25,1.5,26.904761904761905,,,False,Monday,22.0,9.0,September,3.0,1.5,34.3,60.58,Low,,0.0,17631.02
AUC-1700,Collectibles 7418,General Items,General,Umm Al Quwain,Auction,Closed,2025-10-11 07:00:00,2025-10-13 03:00:00,1.833,2025-11-08 12:00:00,2010.0,3863.61,2233.66,1.7297,34,13,590,0.9221940298507464,1853.61,35.0,2.6153846153846154,17.352941176470587,,,False,Saturday,7.0,10.0,October,4.0,2.6153846153846154,31.8,59.08,Low,,0.0,3863.61
AUC-1701,Collectibles 6592,General Items,General,Ajman,BuyNow,Closed,2025-10-17 05:00:00,2025-10-18 14:00:00,1.375,2025-11-08 12:00:00,8656.0,16111.89,9462.5,1.7027,38,13,652,0.8613551293900185,7455.89,38.55,2.923076923076923,17.157894736842106,,,False,Friday,5.0,10.0,October,4.0,2.923076923076923,29.84,57.9,Low,,0.0,16111.89
AUC-1702,Other 1346,General Items,General,Sharjah,Auction,Closed,2025-09-23 09:00:00,2025-09-24 09:00:00,1.0,2025-11-08 12:00:00,2239.0,3183.35,2391.15,1.3313,43,21,500,0.4217731129968736,944.35,39.25,2.0476190476190474,11.627906976744184,,,False,Tuesday,9.0,9.0,September,3.0,2.0476190476190474,15.71,49.43,Low,,0.0,3183.35
AUC-1703,Electronics 6066,General Items,General,Fujairah,Auction,Closed,2025-10-23 16:00:00,2025-10-26 11:00:00,2.792,2025-11-08 12:00:00,13450.38,19829.3,14968.68,1.3247,44,15,662,0.4742557459343156,6378.92,42.3,2.933333333333333,15.045454545454543,,,False,Thursday,16.0,10.0,October,4.0,2.933333333333333,17.08,10.25,Mid,,0.0,0.0
AUC-1704,Furniture 6047,General Items,General,Dubai,BuyNow,Closed,2025-10-20 20:00:00,2025-10-22 21:00:00,2.042,2025-11-08 12:00:00,17429.0,24731.62,20885.71,1.1841,53,22,718,0.4189924837913821,7302.62,49.95,2.409090909090909,13.547169811320757,,,False,Monday,20.0,10.0,October,4.0,2.409090909090909,15.44,49.26,Mid,,0.0,24731.62
AUC-1705,Tools 3870,General Items,General,Fujairah,BuyNow,Closed,2025-09-11 12:00:00,2025-09-12 01:00:00,0.625,2025-11-08 12:00:00,3484.0,7171.34,3734.91,1.9201,61,32,850,1.0583639494833526,3687.34,59.75,1.90625,13.934426229508198,,,False,Thursday,12.0,9.0,September,3.0,1.90625,37.08,22.25,Low,,0.0,0.0
AUC-1706,Furniture 7703,General Items,General,Fujairah,Auction,Closed,2025-11-02 22:00:00,2025-11-03 11:00:00,0.542,2025-11-08 12:00:00,16415.29,19754.7,18331.35,1.0776,32,12,383,0.2034328970124804,3339.41,28.575,2.6666666666666665,11.96875,,,False,Sunday,22.0,11.0,November,4.0,2.6666666666666665,7.99,44.79,Mid,,0.0,19754.7
AUC-1707,Electronics 9363,General Items,General,Ras Al Khaimah,Auction,Closed,2025-10-13 19:00:00,2025-10-14 06:00:00,0.521,2025-11-08 12:00:00,5739.0,6390.12,6834.28,0.935,65,31,725,0.1134553058024045,651.12,58.375,2.096774193548387,11.153846153846152,,,False,Monday,19.0,10.0,October,4.0,2.096774193548387,6.23,43.74,Low,,0.0,6390.12
AUC-1708,Electronics 3331,General Items,General,Abu Dhabi,Auction,Closed,2025-10-03 10:00:00,2025-10-04 10:00:00,1.0,2025-11-08 12:00:00,10859.0,18105.14,12973.85,1.3955,57,19,1345,0.667293489271572,7246.14,66.875,3.0,23.59649122807017,,,False,Friday,10.0,10.0,October,4.0,3.0,23.96,54.38,Mid,,0.0,18105.14
AUC-1709,Other 3980,General Items,General,Umm Al Quwain,Auction,Closed,2025-10-24 15:00:00,2025-10-24 23:00:00,0.333,2025-11-08 12:00:00,19536.0,36905.28,22519.9,1.6388,16,13,307,0.889090909090909,17369.28,18.925,1.2307692307692308,19.1875,,,False,Friday,15.0,10.0,October,4.0,1.2307692307692308,30.13,58.08,Mid,,0.0,36905.28
AUC-1710,Furniture 3900,General Items,General,Umm Al Quwain,Auction,Closed,2025-10-21 07:00:00,2025-10-22 04:00:00,1.014,2025-11-08 12:00:00,19551.0,28449.92,22102.78,1.2872,99,32,2816,0.4551644417165361,8898.92,127.9,3.09375,28.444444444444443,,,False,Tuesday,7.0,10.0,October,4.0,3.09375,18.63,11.18,Mid,,0.0,0.0
AUC-1711,Electronics 8513,General Items,General,Ajman,Auction,Closed,2025-10-23 03:00:00,2025-10-25 11:00:00,2.333,2025-11-08 12:00:00,15482.0,30480.06,17930.24,1.6999,32,17,408,0.9687417646298928,14998.06,30.45,1.8823529411764703,12.75,,,False,Thursday,3.0,10.0,October,4.0,1.8823529411764703,33.3,59.98,Mid,,0.0,30480.06
AUC-1712,Collectibles 1699,General Items,General,Fujairah,BuyNow,Closed,2025-10-15 14:00:00,2025-10-18 05:00:00,2.625,2025-11-08 12:00:00,8127.0,15465.89,8870.69,1.7435,17,5,396,0.9030257167466468,7338.89,19.65,3.4,23.294117647058822,,,False,Wednesday,14.0,10.0,October,4.0,3.4,30.55,18.33,Low,,0.0,0.0
AUC-1713,Furniture 9062,General Items,General,Umm Al Quwain,Auction,Closed,2025-09-12 06:00:00,2025-09-14 15:00:00,2.375,2025-11-08 12:00:00,19233.0,35936.73,20196.36,1.7794,29,10,701,0.8684932147870849,16703.73,34.525,2.9,24.17241379310345,,,False,Friday,6.0,9.0,September,3.0,2.9,29.87,57.92,Mid,,0.0,35936.73
AUC-1714,Electronics 7974,General Items,General,Ajman,BuyNow,Closed,2025-10-11 17:00:00,2025-10-13 06:00:00,1.542,2025-11-08 12:00:00,11960.0,24129.52,13624.52,1.771,51,29,1028,1.0175183946488295,12169.52,58.45,1.7586206896551724,20.15686274509804,,,False,Saturday,17.0,10.0,October,4.0,1.7586206896551724,35.61,21.37,Mid,,0.0,0.0
AUC-1715,Other 5349,General Items,General,Sharjah,BuyNow,Closed,2025-10-10 19:00:00,2025-10-12 22:00:00,2.259,2025-11-08 12:00:00,8701.0,10024.97,10094.49,0.9931,62,18,859,0.1521629697735891,1323.97,56.975,3.4444444444444446,13.85483870967742,,,False,Friday,19.0,10.0,October,4.0,3.4444444444444446,6.95,44.17,Low,,0.0,10024.97
AUC-1716,Other 6251,General Items,General,Fujairah,Auction,Closed,2025-10-11 22:00:00,2025-10-14 18:00:00,2.833,2025-11-08 12:00:00,8518.0,12489.88,9334.91,1.338,47,20,1216,0.4662925569382483,3971.88,58.9,2.35,25.872340425531917,,,False,Saturday,22.0,10.0,October,4.0,2.35,17.17,10.3,Low,,0.0,0.0
AUC-1717,Collectibles 9047,General Items,General,Fujairah,Auction,Closed,2025-09-10 20:00:00,2025-09-11 03:00:00,0.292,2025-11-08 12:00:00,20769.7,43136.76,24048.19,1.7938,58,24,767,1.0769081883705591,22367.06,54.175,2.4166666666666665,13.224137931034482,,,False,Wednesday,20.0,9.0,September,3.0,2.4166666666666665,37.94,62.76,Mid,,0.0,43136.76
AUC-1718,Tools 7927,General Items,General,Abu Dhabi,Auction,Closed,2025-10-28 17:00:00,2025-10-31 10:00:00,2.708,2025-11-08 12:00:00,8951.0,9661.88,10360.64,0.9326,23,7,277,0.0794190593229805,710.88,20.175,3.2857142857142856,12.043478260869565,,,False,Tuesday,17.0,10.0,October,4.0,3.2857142857142856,3.4,42.04,Low,,0.0,9661.88
AUC-1719,Electronics 3490,General Items,General,Ras Al Khaimah,Auction,Closed,2025-09-13 22:00:00,2025-09-16 03:00:00,2.208,2025-11-08 12:00:00,12139.0,22833.41,13961.45,1.6355,13,4,262,0.8809959634236757,10694.41,14.05,3.25,20.153846153846157,,,False,Saturday,22.0,9.0,September,3.0,3.25,29.71,57.83,Mid,,0.0,22833.41
AUC-1720,Electronics 1453,General Items,General,Abu Dhabi,Auction,Closed,2025-10-17 16:00:00,2025-10-18 22:00:00,1.25,2025-11-08 12:00:00,6610.0,11820.75,7028.96,1.6817,42,15,537,0.7883131618759456,5210.75,38.175,2.8,12.785714285714286,,,False,Friday,16.0,10.0,October,4.0,2.8,27.41,56.45,Low,,0.0,11820.75
AUC-1721,Collectibles 6925,General Items,General,Ras Al Khaimah,Auction,Closed,2025-09-09 16:00:00,2025-09-11 02:00:00,1.565,2025-11-08 12:00:00,18587.0,37929.25,19736.45,1.9218,110,32,1203,1.040633238284823,19342.25,93.075,3.4375,10.936363636363636,,,False,Tuesday,16.0,9.0,September,3.0,3.4375,38.64,23.18,Mid,,0.0,0.0
AUC-1722,Tools 2312,General Items,General,Fujairah,Auction,Closed,2025-10-18 07:00:00,2025-10-19 16:00:00,1.375,2025-11-08 12:00:00,14452.0,29489.11,15818.66,1.8642,10,5,208,1.0404864378632717,15037.11,11.45,2.0,20.8,,,False,Saturday,7.0,10.0,October,4.0,2.0,34.98,60.99,Mid,,0.0,29489.11
AUC-1723,Collectibles 1791,General Items,General,Umm Al Quwain,Auction,Closed,2025-11-02 02:00:00,2025-11-02 16:00:00,0.583,2025-11-08 12:00:00,16523.0,23887.56,18335.35,1.3028,43,25,818,0.4457156690673607,7364.56,48.2,1.72,19.023255813953487,,,False,Sunday,2.0,11.0,November,4.0,1.72,16.28,9.77,Mid,,0.0,0.0
AUC-1724,Electronics 9839,General Items,General,Dubai,Auction,Closed,2025-10-06 17:00:00,2025-10-07 12:00:00,0.792,2025-11-08 12:00:00,17767.0,35982.41,19082.81,1.8856,43,34,724,1.025238363257725,18215.41,48.1,1.2647058823529411,16.837209302325583,,,False,Monday,17.0,10.0,October,4.0,1.2647058823529411,35.53,61.32,Mid,,0.0,35982.41
AUC-1725,Furniture 5264,General Items,General,Ajman,Auction,Closed,2025-10-23 20:00:00,2025-10-24 20:00:00,1.0,2025-11-08 12:00:00,9535.0,19994.5,11050.65,1.8094,8,4,183,1.0969585736759309,10459.5,9.575,2.0,22.875,,,False,Thursday,20.0,10.0,October,4.0,2.0,36.81,62.09,Low,,0.0,19994.5
AUC-1726,Other 6856,General Items,General,Sharjah,Auction,Closed,2025-09-23 04:00:00,2025-09-23 08:00:00,0.167,2025-11-08 12:00:00,422.0,531.2,496.44,1.07,13,5,357,0.2587677725118484,109.2,16.675,2.6,27.46153846153846,,,False,Tuesday,4.0,9.0,September,3.0,2.6,9.05,5.43,Low,,0.0,0.0
AUC-1727,Collectibles 2955,General Items,General,Fujairah,Auction,Closed,2025-09-26 23:00:00,2025-09-28 13:00:00,1.583,2025-11-08 12:00:00,3022.0,4378.44,3202.05,1.3674,57,30,1551,0.4488550628722699,1356.44,74.775,1.9,27.210526315789476,,,False,Friday,23.0,9.0,September,3.0,1.9,16.72,10.03,Low,,0.0,0.0
AUC-1728,Other 1915,General Items,General,Ajman,BuyNow,Closed,2025-09-25 08:00:00,2025-09-26 20:00:00,1.5,2025-11-08 12:00:00,4282.0,8804.77,4768.58,1.8464,10,4,218,1.0562283979448857,4522.77,11.45,2.5,21.8,,,False,Thursday,8.0,9.0,September,3.0,2.5,35.55,61.33,Low,,0.0,8804.77
AUC-1729,Electronics 1564,General Items,General,Sharjah,BuyNow,Closed,2025-10-25 19:00:00,2025-10-26 21:00:00,1.083,2025-11-08 12:00:00,15428.0,26494.14,16203.61,1.6351,34,26,678,0.7172763806066891,11066.14,40.45,1.3076923076923077,19.94117647058824,,,False,Saturday,19.0,10.0,October,4.0,1.3076923076923077,25.07,55.04,Mid,,0.0,26494.14
AUC-1730,Tools 4188,General Items,General,Abu Dhabi,Auction,Closed,2025-09-25 19:00:00,2025-09-26 10:00:00,0.625,2025-11-08 12:00:00,19831.0,27749.73,20826.03,1.3325,56,28,565,0.3993106752054863,7918.73,49.125,2.0,10.089285714285714,,,False,Thursday,19.0,9.0,September,3.0,2.0,15.36,49.22,Mid,,0.0,27749.73
AUC-1731,Electronics 1033,General Items,General,Sharjah,Auction,Closed,2025-10-16 18:00:00,2025-10-19 15:00:00,2.875,2025-11-08 12:00:00,2354.0,4791.75,2713.02,1.7662,32,11,405,1.0355777400169923,2437.75,28.875,2.909090909090909,12.65625,,,False,Thursday,18.0,10.0,October,4.0,2.909090909090909,35.59,61.35,Low,,0.0,4791.75
AUC-1732,Electronics 4780,General Items,General,Dubai,Auction,Closed,2025-09-07 06:00:00,2025-09-09 08:00:00,2.083,2025-11-08 12:00:00,4710.0,5502.36,5140.26,1.0704,14,10,261,0.1682292993630572,792.36,16.025,1.4,18.642857142857142,,,False,Sunday,6.0,9.0,September,3.0,1.4,6.06,3.64,Low,,0.0,0.0
AUC-1733,Electronics 3922,General Items,General,Abu Dhabi,Auction,Closed,2025-09-23 12:00:00,2025-09-25 00:00:00,1.5,2025-11-08 12:00:00,7016.0,9804.01,8380.51,1.1699,51,18,524,0.3973788483466363,2788.01,43.1,2.833333333333333,10.27450980392157,,,False,Tuesday,12.0,9.0,September,3.0,2.833333333333333,15.06,49.04,Low,,0.0,9804.01
AUC-1734,Furniture 5740,General Items,General,Fujairah,Auction,Closed,2025-09-30 19:00:00,2025-10-03 00:00:00,2.208,2025-11-08 12:00:00,12102.0,19575.0,13380.21,1.463,53,18,604,0.6175012394645513,7473.0,46.1,2.9444444444444446,11.39622641509434,,,False,Tuesday,19.0,9.0,September,3.0,2.9444444444444446,22.54,53.52,Mid,,0.0,19575.0
AUC-1735,Furniture 6305,General Items,General,Ras Al Khaimah,Auction,Closed,2025-09-14 21:00:00,2025-09-16 02:00:00,1.312,2025-11-08 12:00:00,16153.0,20147.78,17947.17,1.1226,75,30,1448,0.2473088590354732,3994.78,81.2,2.5,19.30666666666667,,,False,Sunday,21.0,9.0,September,3.0,2.5,10.38,46.23,Mid,,0.0,20147.78
AUC-1736,Tools 3775,General Items,General,Fujairah,BuyNow,Closed,2025-10-02 02:00:00,2025-10-02 20:00:00,0.885,2025-11-08 12:00:00,18044.0,38733.58,21022.11,1.8425,68,21,1600,1.146618266459765,20689.58,79.25,3.238095238095238,23.529411764705884,,,False,Thursday,2.0,10.0,October,4.0,3.238095238095238,40.52,64.31,Mid,,0.0,38733.58
AUC-1737,Furniture 5096,General Items,General,Ras Al Khaimah,Auction,Closed,2025-10-02 14:00:00,2025-10-04 15:00:00,2.109,2025-11-08 12:00:00,6321.0,9777.01,7084.47,1.3801,112,33,2970,0.5467505141591521,3456.01,138.5,3.393939393939394,26.517857142857142,,,False,Thursday,14.0,10.0,October,4.0,3.393939393939394,21.94,53.16,Low,,0.0,9777.01
AUC-1738,Tools 1702,General Items,General,Abu Dhabi,Auction,Closed,2025-10-21 06:00:00,2025-10-23 14:00:00,2.333,2025-11-08 12:00:00,6669.0,8176.39,7349.37,1.1125,12,9,323,0.2260293897136003,1507.39,16.325,1.3333333333333333,26.916666666666668,,,False,Tuesday,6.0,10.0,October,4.0,1.3333333333333333,7.98,44.79,Low,,0.0,8176.39
AUC-1739,Other 3715,General Items,General,Sharjah,BuyNow,Closed,2025-09-25 13:00:00,2025-09-27 13:00:00,2.0,2025-11-08 12:00:00,8887.0,12443.91,10333.32,1.2043,28,10,605,0.4002374254529087,3556.91,31.625,2.8,21.607142857142858,,,False,Thursday,13.0,9.0,September,3.0,2.8,14.1,8.46,Low,,0.0,0.0
AUC-1740,Tools 9802,General Items,General,Ajman,Auction,Closed,2025-10-14 07:00:00,2025-10-16 01:00:00,1.75,2025-11-08 12:00:00,9695.0,18945.28,10613.43,1.785,16,9,448,0.9541289324394016,9250.28,21.45,1.7777777777777777,28.0,,,False,Tuesday,7.0,10.0,October,4.0,1.7777777777777777,32.27,59.36,Low,,0.0,18945.28
AUC-1741,Tools 9919,General Items,General,Ras Al Khaimah,Auction,Closed,2025-11-04 10:00:00,2025-11-04 14:00:00,0.167,2025-11-08 12:00:00,21495.13,44660.43,22960.94,1.9451,49,23,624,1.0776999255180126,23165.3,45.85,2.130434782608696,12.73469387755102,,,False,Tuesday,10.0,11.0,November,4.0,2.130434782608696,37.44,22.46,Mid,,0.0,0.0
AUC-1742,Tools 5371,General Items,General,Abu Dhabi,BuyNow,Closed,2025-09-18 06:00:00,2025-09-20 05:00:00,1.958,2025-11-08 12:00:00,15964.0,32630.08,16809.24,1.9412,5,2,117,1.043978952643448,16666.08,5.925,2.5,23.4,,,False,Thursday,6.0,9.0,September,3.0,2.5,34.94,60.96,Mid,,0.0,32630.08
AUC-1743,Other 9454,General Items,General,Fujairah,Auction,Closed,2025-11-01 22:00:00,2025-11-03 20:00:00,2.019,2025-11-08 12:00:00,7667.0,8328.67,9009.29,0.9245,85,30,1845,0.086301030389983,661.67,96.125,2.833333333333333,21.705882352941178,,,False,Saturday,22.0,11.0,November,4.0,2.833333333333333,5.49,43.29,Low,,0.0,8328.67
AUC-1744,Furniture 5511,General Items,General,Abu Dhabi,Auction,Closed,2025-09-26 16:00:00,2025-09-28 00:00:00,1.425,2025-11-08 12:00:00,21953.72,45806.57,25417.38,1.8022,85,27,922,1.0865060682198733,23852.85,72.3,3.1481481481481484,10.847058823529412,,,False,Friday,16.0,9.0,September,3.0,3.1481481481481484,39.28,63.57,Mid,,0.0,45806.57
AUC-1745,Electronics 2130,General Items,General,Abu Dhabi,Auction,Closed,2025-10-27 18:00:00,2025-10-28 14:00:00,0.918,2025-11-08 12:00:00,10360.79,18860.22,11585.08,1.628,96,34,1879,0.8203457458359835,8499.43,103.475,2.823529411764706,19.572916666666668,,,False,Monday,18.0,10.0,October,4.0,2.823529411764706,30.29,58.17,Mid,,0.0,18860.22
AUC-1746,Collectibles 8810,General Items,General,Dubai,BuyNow,Closed,2025-10-09 21:00:00,2025-10-12 19:00:00,3.049,2025-11-08 12:00:00,17373.0,32377.92,20192.15,1.6035,99,33,2363,0.8636919357623898,15004.92,116.825,3.0,23.86868686868687,,,False,Thursday,21.0,10.0,October,4.0,3.0,31.85,59.11,Mid,,0.0,32377.92
AUC-1747,Tools 4735,General Items,General,Dubai,Auction,Closed,2025-09-15 18:00:00,2025-09-16 23:00:00,1.208,2025-11-08 12:00:00,16328.0,21917.96,17861.81,1.2271,8,3,127,0.3423542381185693,5589.96,7.925,2.6666666666666665,15.875,,,False,Monday,18.0,9.0,September,3.0,2.6666666666666665,11.65,46.99,Mid,,0.0,21917.96
AUC-1748,Furniture 6511,General Items,General,Ras Al Khaimah,Auction,Closed,2025-10-31 17:00:00,2025-11-01 15:00:00,0.917,2025-11-08 12:00:00,13489.0,24412.54,15108.5,1.6158,38,26,628,0.8098109570761362,10923.54,41.2,1.4615384615384617,16.526315789473685,,,False,Friday,17.0,10.0,October,4.0,1.4615384615384617,28.29,56.97,Mid,,0.0,24412.54
AUC-1749,Collectibles 6838,General Items,General,Sharjah,Auction,Closed,2025-09-25 11:00:00,2025-09-27 15:00:00,2.167,2025-11-08 12:00:00,9378.0,16186.18,11182.23,1.4475,22,18,224,0.7259735551290254,6808.18,21.1,1.2222222222222223,10.181818181818182,,,False,Thursday,11.0,9.0,September,3.0,1.2222222222222223,25.06,55.04,Low,,0.0,16186.18
AUC-1750,Electronics 3772,General Items,General,Sharjah,Auction,Closed,2025-09-30 03:00:00,2025-10-01 15:00:00,1.557,2025-11-08 12:00:00,7291.0,11628.57,8086.22,1.4381,63,26,660,0.5949211356466877,4337.57,54.5,2.423076923076923,10.476190476190476,,,False,Tuesday,3.0,9.0,September,3.0,2.423076923076923,22.12,53.27,Low,,0.0,11628.57
AUC-1751,Tools 7600,General Items,General,Umm Al Quwain,Auction,Closed,2025-09-14 14:00:00,2025-09-16 07:00:00,1.825,2025-11-08 12:00:00,17713.0,22224.24,20702.73,1.0735,85,30,2492,0.2546852594139898,4511.24,112.3,2.833333333333333,29.31764705882353,,,False,Sunday,14.0,9.0,September,3.0,2.833333333333333,11.16,46.7,Mid,,0.0,22224.24
AUC-1752,Collectibles 5511,General Items,General,Ajman,Auction,Closed,2025-10-26 09:00:00,2025-10-28 09:00:00,2.0,2025-11-08 12:00:00,19947.0,40352.08,21930.27,1.84,29,20,456,1.0229648568707077,20405.08,30.9,1.45,15.724137931034482,,,False,Sunday,9.0,10.0,October,4.0,1.45,35.08,61.05,Mid,,0.0,40352.08
AUC-1753,Other 4296,General Items,General,Sharjah,Auction,Closed,2025-09-20 02:00:00,2025-09-21 07:00:00,1.208,2025-11-08 12:00:00,4370.0,4632.33,5103.08,0.9078,2,1,27,0.0600297482837528,262.33,1.925,2.0,13.5,,,False,Saturday,2.0,9.0,September,3.0,2.0,2.06,41.24,Low,,0.0,4632.33
AUC-1754,Tools 3680,General Items,General,Ras Al Khaimah,Auction,Closed,2025-10-10 04:00:00,2025-10-10 18:00:00,0.583,2025-11-08 12:00:00,14767.0,16449.35,15950.06,1.0313,54,30,636,0.1139263222049162,1682.35,50.4,1.8,11.77777777777778,,,False,Friday,4.0,10.0,October,4.0,1.8,5.91,43.55,Mid,,0.0,16449.35
AUC-1755,Electronics 7715,General Items,General,Ajman,Auction,Closed,2025-10-12 20:00:00,2025-10-13 11:00:00,0.625,2025-11-08 12:00:00,17395.0,26099.58,18786.82,1.3892,38,15,742,0.5004070135096294,8704.58,41.3,2.533333333333333,19.526315789473685,,,False,Sunday,20.0,10.0,October,4.0,2.533333333333333,17.84,50.7,Mid,,0.0,26099.58
AUC-1756,Electronics 3243,General Items,General,Dubai,Auction,Closed,2025-10-14 15:00:00,2025-10-17 10:00:00,2.792,2025-11-08 12:00:00,18321.0,27825.16,21106.32,1.3183,34,16,955,0.5187577097320015,9504.16,44.875,2.125,28.08823529411765,,,False,Tuesday,15.0,10.0,October,4.0,2.125,18.36,51.02,Mid,,0.0,27825.16
AUC-1757,Electronics 2117,General Items,General,Fujairah,Auction,Closed,2025-10-13 05:00:00,2025-10-14 19:00:00,1.583,2025-11-08 12:00:00,16023.0,31977.11,18601.0,1.7191,33,20,707,0.9957005554515383,15954.11,39.175,1.65,21.424242424242426,,,False,Monday,5.0,10.0,October,4.0,1.65,34.3,60.58,Mid,,0.0,31977.11
AUC-1758,Collectibles 8934,General Items,General,Dubai,Auction,Closed,2025-10-05 12:00:00,2025-10-06 20:00:00,1.333,2025-11-08 12:00:00,3241.65,5575.13,3809.14,1.4636,38,31,865,0.7198432896827233,2333.48,48.375,1.2258064516129032,22.76315789473684,,,False,Sunday,12.0,10.0,October,4.0,1.2258064516129032,25.19,55.11,Low,,0.0,5575.13
AUC-1759,Tools 3985,General Items,General,Dubai,Auction,Closed,2025-10-30 17:00:00,2025-10-31 18:00:00,1.042,2025-11-08 12:00:00,2095.0,4346.08,2427.14,1.7906,35,18,848,1.0745011933174224,2251.08,43.2,1.9444444444444444,24.228571428571428,,,False,Thursday,17.0,10.0,October,4.0,1.9444444444444444,36.93,62.16,Low,,0.0,4346.08
AUC-1760,Tools 6768,General Items,General,Umm Al Quwain,BuyNow,Closed,2025-10-11 01:00:00,2025-10-13 06:00:00,2.208,2025-11-08 12:00:00,8704.0,12528.46,9899.13,1.2656,19,8,216,0.4393910845588234,3824.46,16.9,2.375,11.36842105263158,,,False,Saturday,1.0,10.0,October,4.0,2.375,15.36,9.22,Low,,0.0,0.0
AUC-1761,Collectibles 7447,General Items,General,Ajman,BuyNow,Closed,2025-09-26 15:00:00,2025-09-29 09:00:00,2.842,2025-11-08 12:00:00,1963.0,3549.6,2341.37,1.516,83,25,2483,0.80825267447784,1586.6,109.825,3.32,29.91566265060241,,,False,Friday,15.0,9.0,September,3.0,3.32,29.2,57.52,Low,,0.0,3549.6
AUC-1762,Tools 8544,General Items,General,Dubai,Auction,Closed,2025-10-06 18:00:00,2025-10-09 02:00:00,2.333,2025-11-08 12:00:00,19117.0,38721.78,22308.91,1.7357,38,22,1081,1.0255155097557147,19604.78,51.525,1.7272727272727273,28.44736842105263,,,False,Monday,18.0,10.0,October,4.0,1.7272727272727273,35.37,61.22,Mid,,0.0,38721.78
AUC-1763,Other 6630,General Items,General,Ras Al Khaimah,Auction,Closed,2025-10-26 22:00:00,2025-10-28 14:00:00,1.667,2025-11-08 12:00:00,19600.0,39660.0,20738.21,1.9124,7,3,139,1.023469387755102,20060.0,7.725,2.333333333333333,19.857142857142858,,,False,Sunday,22.0,10.0,October,4.0,2.333333333333333,34.33,60.6,Mid,,0.0,39660.0
AUC-1764,Tools 7370,General Items,General,Dubai,Auction,Closed,2025-10-16 00:00:00,2025-10-17 12:00:00,1.5,2025-11-08 12:00:00,18846.0,32018.3,22015.61,1.4543,48,19,1295,0.6989440730128409,13172.3,61.125,2.526315789473684,26.979166666666668,,,False,Thursday,0.0,10.0,October,4.0,2.526315789473684,24.72,14.83,Mid,,0.0,0.0
AUC-1765,Electronics 8534,General Items,General,Ajman,Auction,Closed,2025-10-08 23:00:00,2025-10-11 13:00:00,2.708,2025-11-08 12:00:00,10391.0,21170.28,11094.49,1.9082,73,27,846,1.0373669521701472,10779.28,64.4,2.703703703703704,11.58904109589041,,,False,Wednesday,23.0,10.0,October,4.0,2.703703703703704,37.31,62.39,Mid,,0.0,21170.28
AUC-1766,Furniture 9489,General Items,General,Ras Al Khaimah,Auction,Closed,2025-09-25 07:00:00,2025-09-27 21:00:00,2.668,2025-11-08 12:00:00,14778.0,29151.32,16395.66,1.778,61,31,1089,0.9726160508864528,14373.32,65.475,1.967741935483871,17.852459016393443,,,False,Thursday,7.0,9.0,September,3.0,1.967741935483871,34.6,60.76,Mid,,0.0,29151.32
AUC-1767,Other 1421,General Items,General,Sharjah,BuyNow,Closed,2025-09-13 04:00:00,2025-09-14 10:00:00,1.25,2025-11-08 12:00:00,26269.12,54155.74,30503.22,1.7754,14,10,158,1.06157419814596,27886.62,13.45,1.4,11.285714285714286,,,False,Saturday,4.0,9.0,September,3.0,1.4,35.94,21.56,Mid,,0.0,0.0
AUC-1768,Electronics 7688,General Items,General,Abu Dhabi,Auction,Closed,2025-10-02 08:00:00,2025-10-05 05:00:00,2.875,2025-11-08 12:00:00,18319.0,25399.94,21785.7,1.1659,60,18,643,0.386535291227687,7080.94,50.575,3.333333333333333,10.716666666666669,,,False,Thursday,8.0,10.0,October,4.0,3.333333333333333,15.03,49.02,Mid,,0.0,25399.94
AUC-1769,Electronics 2569,General Items,General,Sharjah,Auction,Closed,2025-09-25 04:00:00,2025-09-27 16:00:00,2.621,2025-11-08 12:00:00,2364.0,5135.86,2617.09,1.9624,98,29,1722,1.172529610829103,2771.86,99.3,3.3793103448275863,17.571428571428573,,,False,Thursday,4.0,9.0,September,3.0,3.3793103448275863,42.33,65.4,Low,,0.0,5135.86
AUC-1770,Electronics 9020,General Items,General,Fujairah,BuyNow,Closed,2025-10-31 20:00:00,2025-11-03 09:00:00,2.542,2025-11-08 12:00:00,13747.0,17224.08,14831.43,1.1613,44,20,980,0.2529337309958537,3477.08,51.5,2.2,22.272727272727277,,,False,Friday,20.0,10.0,October,4.0,2.2,9.92,45.95,Mid,,0.0,17224.08
AUC-1771,Other 1436,General Items,General,Fujairah,Auction,Closed,2025-09-10 18:00:00,2025-09-11 01:00:00,0.292,2025-11-08 12:00:00,10941.0,17817.57,12153.75,1.466,38,15,716,0.6285138469975322,6876.57,40.65,2.533333333333333,18.84210526315789,,,False,Wednesday,18.0,9.0,September,3.0,2.533333333333333,22.19,53.31,Mid,,0.0,17817.57
AUC-1772,Collectibles 3220,General Items,General,Ajman,Auction,Closed,2025-10-19 21:00:00,2025-10-20 09:00:00,0.5,2025-11-08 12:00:00,4144.0,8298.17,4405.48,1.8836,9,7,174,1.0024541505791509,4154.17,10.6,1.2857142857142858,19.33333333333333,,,False,Sunday,21.0,10.0,October,4.0,1.2857142857142858,33.76,60.26,Low,,0.0,8298.17
AUC-1773,Electronics 2728,General Items,General,Ras Al Khaimah,Auction,Closed,2025-10-16 12:00:00,2025-10-17 12:00:00,1.0,2025-11-08 12:00:00,19505.35,21585.16,20947.73,1.0304,3,2,44,0.1066276688190676,2079.81,3.1,1.5,14.666666666666666,,,False,Thursday,12.0,10.0,October,4.0,1.5,3.67,42.2,Mid,,0.0,21585.16
AUC-1774,Electronics 6430,General Items,General,Fujairah,Auction,Closed,2025-10-23 01:00:00,2025-10-25 08:00:00,2.292,2025-11-08 12:00:00,21438.48,44407.24,25465.69,1.7438,33,24,740,1.071380060526679,22968.76,41.0,1.375,22.424242424242426,,,False,Thursday,1.0,10.0,October,4.0,1.375,36.91,62.15,Mid,,0.0,44407.24
AUC-1775,Furniture 1038,General Items,General,Ras Al Khaimah,BuyNow,Closed,2025-11-01 04:00:00,2025-11-01 13:00:00,0.476,2025-11-08 12:00:00,9125.0,11406.18,10057.26,1.1341,96,33,2088,0.2499923287671233,2281.18,108.45,2.909090909090909,21.75,,,False,Saturday,4.0,11.0,November,4.0,2.909090909090909,11.37,46.82,Low,,0.0,11406.18
AUC-1776,Tools 1153,General Items,General,Dubai,Auction,Closed,2025-09-20 05:00:00,2025-09-20 14:00:00,0.375,2025-11-08 12:00:00,16875.0,28792.31,18216.4,1.5806,36,21,411,0.706210962962963,11917.31,33.525,1.7142857142857142,11.416666666666666,,,False,Saturday,5.0,9.0,September,3.0,1.7142857142857142,24.84,54.9,Mid,,0.0,28792.31
AUC-1777,Other 5537,General Items,General,Abu Dhabi,Auction,Closed,2025-10-24 00:00:00,2025-10-24 06:00:00,0.25,2025-11-08 12:00:00,12535.0,22178.91,13316.79,1.6655,44,27,461,0.7693585959313921,9643.91,40.275,1.6296296296296295,10.477272727272728,,,False,Friday,0.0,10.0,October,4.0,1.6296296296296295,26.99,56.19,Mid,,0.0,22178.91
AUC-1778,Other 9744,General Items,General,Dubai,Auction,Closed,2025-10-21 06:00:00,2025-10-21 23:00:00,0.708,2025-11-08 12:00:00,1764.0,3303.84,2018.38,1.6369,29,24,343,0.8729251700680273,1539.84,29.075,1.2083333333333333,11.827586206896552,,,False,Tuesday,6.0,10.0,October,4.0,1.2083333333333333,30.16,58.1,Low,,0.0,3303.84
AUC-1779,Other 5754,General Items,General,Umm Al Quwain,BuyNow,Closed,2025-10-25 13:00:00,2025-10-28 07:00:00,2.75,2025-11-08 12:00:00,11311.0,20020.77,12816.58,1.5621,15,12,300,0.7700265228538591,8709.77,18.0,1.25,20.0,,,False,Saturday,13.0,10.0,October,4.0,1.25,26.21,55.73,Mid,,0.0,20020.77
AUC-1780,Furniture 5012,General Items,General,Ajman,Auction,Closed,2025-09-07 23:00:00,2025-09-10 04:00:00,2.208,2025-11-08 12:00:00,18040.53,30282.51,21110.38,1.4345,38,18,421,0.6785820593962595,12241.98,34.025,2.111111111111111,11.078947368421051,,,False,Sunday,23.0,9.0,September,3.0,2.111111111111111,23.9,54.34,Mid,,0.0,30282.51
AUC-1781,Furniture 6920,General Items,General,Dubai,Auction,Closed,2025-09-20 03:00:00,2025-09-22 07:00:00,2.167,2025-11-08 12:00:00,1896.0,2699.86,2217.63,1.2175,24,10,665,0.4239767932489452,803.86,31.125,2.4,27.70833333333333,,,False,Saturday,3.0,9.0,September,3.0,2.4,14.92,48.95,Low,,0.0,2699.86
AUC-1782,Furniture 5965,General Items,General,Abu Dhabi,Auction,Closed,2025-09-11 21:00:00,2025-09-12 20:00:00,0.958,2025-11-08 12:00:00,7747.0,10966.52,8684.02,1.2628,20,8,335,0.4155828062475797,3219.52,20.375,2.5,16.75,,,False,Thursday,21.0,9.0,September,3.0,2.5,14.56,48.74,Low,,0.0,10966.52
AUC-1783,Furniture 4463,General Items,General,Ajman,BuyNow,Closed,2025-09-15 02:00:00,2025-09-17 00:00:00,1.917,2025-11-08 12:00:00,15230.0,30505.49,17322.25,1.7611,47,21,754,1.0029868680236376,15275.49,47.6,2.238095238095238,16.04255319148936,,,False,Monday,2.0,9.0,September,3.0,2.238095238095238,35.12,21.07,Mid,,0.0,0.0
AUC-1784,Other 6296,General Items,General,Ras Al Khaimah,Auction,Closed,2025-09-11 20:00:00,2025-09-14 04:00:00,2.333,2025-11-08 12:00:00,16733.0,32375.03,18123.57,1.7863,50,22,1352,0.9348012908623676,15642.03,64.3,2.272727272727273,27.04,,,False,Thursday,20.0,9.0,September,3.0,2.272727272727273,32.72,59.63,Mid,,0.0,32375.03
AUC-1785,Tools 1028,General Items,General,Fujairah,Auction,Closed,2025-10-08 19:00:00,2025-10-10 11:00:00,1.725,2025-11-08 12:00:00,3020.0,3808.18,3226.14,1.1804,100,34,1877,0.2609867549668873,788.18,105.425,2.9411764705882355,18.77,,,False,Wednesday,19.0,10.0,October,4.0,2.9411764705882355,11.75,47.05,Low,,0.0,3808.18
AUC-1786,Other 3200,General Items,General,Abu Dhabi,BuyNow,Closed,2025-10-25 04:00:00,2025-10-27 18:00:00,2.583,2025-11-08 12:00:00,3254.0,4616.13,3704.38,1.2461,17,9,233,0.4186017209588199,1362.13,16.575,1.8888888888888888,13.705882352941176,,,False,Saturday,4.0,10.0,October,4.0,1.8888888888888888,14.44,8.66,Low,,0.0,0.0
AUC-1787,Electronics 7064,General Items,General,Ajman,Auction,Closed,2025-10-17 16:00:00,2025-10-19 10:00:00,1.75,2025-11-08 12:00:00,10607.0,18911.59,12641.0,1.4961,17,10,235,0.7829348543414726,8304.59,16.875,1.7,13.823529411764708,,,False,Friday,16.0,10.0,October,4.0,1.7,26.61,55.97,Mid,,0.0,18911.59
AUC-1788,Collectibles 4073,General Items,General,Dubai,Auction,Closed,2025-10-20 02:00:00,2025-10-21 04:00:00,1.083,2025-11-08 12:00:00,16165.0,31759.72,17956.5,1.7687,19,6,228,0.96472131147541,15594.72,16.7,3.1666666666666665,12.0,,,False,Monday,2.0,10.0,October,4.0,3.1666666666666665,32.72,59.63,Mid,,0.0,31759.72
AUC-1789,Tools 1488,General Items,General,Sharjah,Auction,Closed,2025-09-23 11:00:00,2025-09-25 10:00:00,2.035,2025-11-08 12:00:00,6008.97,12924.48,6866.54,1.8822,92,33,2289,1.1508644576358342,6915.51,111.475,2.787878787878788,24.880434782608692,,,False,Tuesday,11.0,9.0,September,3.0,2.787878787878788,41.6,64.96,Low,,0.0,12924.48
AUC-1790,Furniture 2119,General Items,General,Ajman,Auction,Closed,2025-11-02 23:00:00,2025-11-05 19:00:00,2.888,2025-11-08 12:00:00,26858.35,53811.58,29978.97,1.795,62,27,631,1.0035326071780286,26953.23,53.525,2.2962962962962963,10.17741935483871,,,False,Sunday,23.0,11.0,November,4.0,2.2962962962962963,35.7,21.42,Mid,,0.0,0.0
AUC-1791,Electronics 8794,General Items,General,Dubai,Auction,Closed,2025-10-27 14:00:00,2025-10-30 02:00:00,2.5,2025-11-08 12:00:00,14264.0,18580.78,16073.3,1.156,22,12,642,0.3026346045989904,4316.78,30.05,1.8333333333333333,29.181818181818183,,,False,Monday,14.0,10.0,October,4.0,1.8333333333333333,10.77,46.46,Mid,,0.0,18580.78
AUC-1792,Furniture 3965,General Items,General,Sharjah,Auction,Closed,2025-09-26 11:00:00,2025-09-28 00:00:00,1.542,2025-11-08 12:00:00,4147.0,6216.21,4424.79,1.4049,50,33,541,0.4989655172413793,2069.21,46.775,1.5151515151515151,10.82,,,False,Friday,11.0,9.0,September,3.0,1.5151515151515151,18.57,51.14,Low,,0.0,6216.21
AUC-1793,Furniture 1203,General Items,General,Ras Al Khaimah,Auction,Closed,2025-10-28 23:00:00,2025-10-30 19:00:00,1.833,2025-11-08 12:00:00,12691.0,24180.92,13350.75,1.8112,31,24,407,0.9053597037270504,11489.92,31.675,1.2916666666666667,13.129032258064516,,,False,Tuesday,23.0,10.0,October,4.0,1.2916666666666667,31.24,58.74,Mid,,0.0,24180.92
AUC-1794,Tools 7558,General Items,General,Abu Dhabi,Auction,Closed,2025-11-02 09:00:00,2025-11-05 07:00:00,2.917,2025-11-08 12:00:00,10396.0,16029.27,11351.54,1.4121,54,17,550,0.5418689880723355,5633.27,45.0,3.176470588235294,10.185185185185183,,,False,Sunday,9.0,11.0,November,4.0,3.176470588235294,19.96,51.98,Mid,,0.0,16029.27
AUC-1795,Collectibles 5773,General Items,General,Abu Dhabi,Auction,Closed,2025-10-29 18:00:00,2025-11-01 00:00:00,2.25,2025-11-08 12:00:00,586.0,1054.48,644.35,1.6365,33,13,617,0.7994539249146758,468.48,35.175,2.5384615384615383,18.696969696969692,,,False,Wednesday,18.0,10.0,October,4.0,2.5384615384615383,27.71,56.63,Low,,0.0,1054.48
AUC-1796,Furniture 5062,General Items,General,Ras Al Khaimah,BuyNow,Closed,2025-09-25 07:00:00,2025-09-26 21:00:00,1.583,2025-11-08 12:00:00,5477.0,7249.73,6498.02,1.1157,26,20,659,0.3236680664597406,1772.73,34.475,1.3,25.346153846153847,,,False,Thursday,7.0,9.0,September,3.0,1.3,11.78,47.07,Low,,0.0,7249.73
AUC-1797,Tools 9053,General Items,General,Umm Al Quwain,Auction,Closed,2025-10-29 05:00:00,2025-10-30 04:00:00,0.958,2025-11-08 12:00:00,9266.0,14677.36,9827.11,1.4936,5,3,73,0.5840017267429312,5411.36,5.075,1.6666666666666667,14.6,,,False,Wednesday,5.0,10.0,October,4.0,1.6666666666666667,19.63,51.78,Low,,0.0,14677.36
AUC-1798,Furniture 3823,General Items,General,Sharjah,Auction,Closed,2025-10-27 11:00:00,2025-10-30 04:00:00,2.708,2025-11-08 12:00:00,18657.0,24027.69,20113.99,1.1946,11,6,262,0.2878646084579513,5370.69,13.55,1.8333333333333333,23.818181818181817,,,False,Monday,11.0,10.0,October,4.0,1.8333333333333333,9.92,45.95,Mid,,0.0,24027.69
AUC-1799,Collectibles 6151,General Items,General,Sharjah,Auction,Closed,2025-10-21 21:00:00,2025-10-24 19:00:00,2.917,2025-11-08 12:00:00,17009.0,25041.47,18259.67,1.3714,58,32,1311,0.4722482215297784,8032.47,69.775,1.8125,22.603448275862068,,,False,Tuesday,21.0,10.0,October,4.0,1.8125,17.55,50.53,Mid,,0.0,25041.47
AUC-1800,Tools 7703,General Items,General,Ajman,Auction,Closed,2025-09-22 09:00:00,2025-09-22 17:00:00,0.333,2025-11-08 12:00:00,18212.0,38240.46,19524.64,1.9586,20,8,451,1.0997397320448057,20028.46,23.275,2.5,22.55,,,False,Monday,9.0,9.0,September,3.0,2.5,37.35,62.41,Mid,,0.0,38240.46
AUC-1801,Electronics 6475,General Items,General,Dubai,Auction,Closed,2025-10-26 06:00:00,2025-10-26 12:00:00,0.25,2025-11-08 12:00:00,19807.0,21571.08,22204.87,0.9715,13,6,146,0.0890634624122785,1764.08,11.65,2.1666666666666665,11.23076923076923,,,False,Sunday,6.0,10.0,October,4.0,2.1666666666666665,3.46,42.08,Mid,,0.0,21571.08
AUC-1802,Electronics 2871,General Items,General,Fujairah,Auction,Closed,2025-11-04 05:00:00,2025-11-04 16:00:00,0.543,2025-11-08 12:00:00,19813.3,41855.42,22534.24,1.8574,97,30,1355,1.112491104460135,22042.12,89.875,3.2333333333333334,13.969072164948454,,,False,Tuesday,5.0,11.0,November,4.0,3.2333333333333334,40.31,24.19,Mid,,0.0,0.0
AUC-1803,Tools 7133,General Items,General,Umm Al Quwain,Auction,Closed,2025-09-13 01:00:00,2025-09-14 07:00:00,1.329,2025-11-08 12:00:00,10653.0,16594.99,12643.32,1.3126,94,33,2560,0.5577762132732565,5941.99,119.25,2.8484848484848486,27.23404255319149,,,False,Saturday,1.0,9.0,September,3.0,2.8484848484848486,21.9,53.14,Mid,,0.0,16594.99
AUC-1804,Other 7689,General Items,General,Sharjah,Auction,Closed,2025-09-15 10:00:00,2025-09-16 00:00:00,0.696,2025-11-08 12:00:00,6209.0,8468.38,6693.78,1.2651,92,28,1101,0.3638879046545336,2259.38,80.525,3.2857142857142856,11.967391304347826,,,False,Monday,10.0,9.0,September,3.0,3.2857142857142856,14.57,48.74,Low,,0.0,8468.38
AUC-1805,Other 2101,General Items,General,Dubai,Auction,Closed,2025-10-24 14:00:00,2025-10-27 05:00:00,2.625,2025-11-08 12:00:00,8426.0,14359.1,9234.94,1.5549,13,4,176,0.7041419416093045,5933.1,11.9,3.25,13.538461538461538,,,False,Friday,14.0,10.0,October,4.0,3.25,23.92,54.35,Low,,0.0,14359.1
AUC-1806,Other 2488,General Items,General,Umm Al Quwain,BuyNow,Closed,2025-10-20 00:00:00,2025-10-22 18:00:00,2.867,2025-11-08 12:00:00,4445.0,8751.31,5046.23,1.7342,96,29,1010,0.9687986501687288,4306.31,80.5,3.310344827586207,10.520833333333334,,,False,Monday,0.0,10.0,October,4.0,3.310344827586207,35.7,61.42,Low,,0.0,8751.31
AUC-1807,Tools 7073,General Items,General,Ajman,BuyNow,Closed,2025-10-26 16:00:00,2025-10-27 08:00:00,0.667,2025-11-08 12:00:00,2985.0,4820.45,3209.4,1.502,35,10,814,0.6148911222780569,1835.45,40.35,3.5,23.257142857142856,,,False,Sunday,16.0,10.0,October,4.0,3.5,21.57,52.94,Low,,0.0,4820.45
AUC-1808,Collectibles 2070,General Items,General,Ras Al Khaimah,Auction,Closed,2025-09-22 17:00:00,2025-09-25 05:00:00,2.5,2025-11-08 12:00:00,11879.0,23959.06,12854.14,1.8639,2,1,36,1.016925667143699,12080.06,2.15,2.0,18.0,,,False,Monday,17.0,9.0,September,3.0,2.0,33.97,20.38,Mid,,0.0,0.0
AUC-1809,Other 8922,General Items,General,Dubai,Auction,Closed,2025-10-22 04:00:00,2025-10-22 17:00:00,0.542,2025-11-08 12:00:00,11372.0,14361.94,12071.98,1.1897,54,32,1376,0.2629212099894478,2989.94,69.4,1.6875,25.48148148148148,,,False,Wednesday,4.0,10.0,October,4.0,1.6875,10.35,46.21,Mid,,0.0,14361.94
AUC-1810,Furniture 1985,General Items,General,Sharjah,Auction,Closed,2025-09-10 14:00:00,2025-09-12 23:00:00,2.375,2025-11-08 12:00:00,16361.0,25096.5,17350.18,1.4465,16,10,351,0.5339221318990282,8735.5,19.275,1.6,21.9375,,,False,Wednesday,14.0,9.0,September,3.0,1.6,18.29,10.97,Mid,,0.0,0.0
AUC-1811,Collectibles 9767,General Items,General,Umm Al Quwain,Auction,Closed,2025-09-17 12:00:00,2025-09-18 16:00:00,1.28,2025-11-08 12:00:00,3586.0,7007.21,4206.84,1.6657,61,23,1334,0.9540462911321808,3421.21,69.6,2.652173913043478,21.868852459016395,,,False,Wednesday,12.0,9.0,September,3.0,2.652173913043478,33.49,60.09,Low,,0.0,7007.21
AUC-1812,Electronics 7042,General Items,General,Ras Al Khaimah,BuyNow,Closed,2025-10-02 11:00:00,2025-10-02 17:00:00,0.25,2025-11-08 12:00:00,20868.85,33930.04,23949.77,1.4167,8,3,129,0.6258701365911395,13061.19,7.975,2.6666666666666665,16.125,,,False,Thursday,11.0,10.0,October,4.0,2.6666666666666665,21.14,12.68,Mid,,0.0,0.0
AUC-1813,Other 4987,General Items,General,Fujairah,BuyNow,Closed,2025-11-06 03:00:00,2025-11-07 12:00:00,1.375,2025-11-08 12:00:00,1265.0,2145.48,1407.46,1.5244,10,7,102,0.6960316205533597,880.48,9.3,1.4285714285714286,10.2,,,False,Thursday,3.0,11.0,November,4.0,1.4285714285714286,23.59,54.15,Low,,0.0,2145.48
AUC-1814,Electronics 3415,General Items,General,Ajman,Auction,Closed,2025-09-12 22:00:00,2025-09-15 09:00:00,2.607,2025-11-08 12:00:00,5305.38,7094.54,5578.84,1.2717,93,30,1835,0.3372350331173261,1789.16,99.875,3.1,19.731182795698924,,,False,Friday,22.0,9.0,September,3.0,3.1,13.82,48.29,Low,,0.0,7094.54
AUC-1815,Collectibles 4100,General Items,General,Ajman,BuyNow,Closed,2025-09-22 07:00:00,2025-09-25 02:00:00,2.848,2025-11-08 12:00:00,11331.0,21739.57,12111.68,1.7949,63,21,712,0.918592357250022,10408.57,54.55,3.0,11.301587301587302,,,False,Monday,7.0,9.0,September,3.0,3.0,32.93,19.76,Mid,,0.0,0.0
AUC-1816,Other 7735,General Items,General,Ajman,Auction,Closed,2025-09-20 09:00:00,2025-09-20 21:00:00,0.598,2025-11-08 12:00:00,7858.0,13316.12,8258.23,1.6125,90,34,950,0.694594044286078,5458.12,77.25,2.647058823529412,10.555555555555555,,,False,Saturday,9.0,9.0,September,3.0,2.647058823529412,26.41,55.85,Low,,0.0,13316.12
AUC-1817,Other 7779,General Items,General,Fujairah,BuyNow,Closed,2025-10-31 16:00:00,2025-11-03 04:00:00,2.5,2025-11-08 12:00:00,8304.0,17742.32,9086.69,1.9526,15,7,251,1.1365992292870906,9438.32,15.525,2.142857142857143,16.733333333333334,,,False,Friday,16.0,10.0,October,4.0,2.142857142857143,38.4,63.04,Low,,0.0,17742.32
AUC-1818,Other 2877,General Items,General,Sharjah,Auction,Closed,2025-09-24 15:00:00,2025-09-25 14:00:00,0.958,2025-11-08 12:00:00,13058.0,20463.62,14969.95,1.367,48,31,567,0.5671327921580639,7405.62,45.925,1.5483870967741935,11.8125,,,False,Wednesday,15.0,9.0,September,3.0,1.5483870967741935,20.82,52.49,Mid,,0.0,20463.62
AUC-1819,Furniture 5885,General Items,General,Fujairah,Auction,Closed,2025-09-18 04:00:00,2025-09-19 15:00:00,1.584,2025-11-08 12:00:00,1020.0,1494.77,1127.98,1.3252,71,30,777,0.4654607843137254,474.77,62.425,2.3666666666666667,10.943661971830986,,,False,Thursday,4.0,9.0,September,3.0,2.3666666666666667,18.14,50.88,Low,,0.0,1494.77
AUC-1820,Electronics 9935,General Items,General,Ras Al Khaimah,Auction,Closed,2025-09-10 04:00:00,2025-09-10 15:00:00,0.458,2025-11-08 12:00:00,3769.0,8078.53,4018.2,2.0105,50,32,646,1.1434146988591138,4309.53,49.15,1.5625,12.92,,,False,Wednesday,4.0,9.0,September,3.0,1.5625,39.69,63.81,Low,,0.0,8078.53
AUC-1821,Electronics 3315,General Items,General,Ajman,BuyNow,Closed,2025-10-01 06:00:00,2025-10-04 04:00:00,2.917,2025-11-08 12:00:00,2218.0,4781.29,2480.66,1.9274,5,2,58,1.1556762849413886,2563.29,4.45,2.5,11.6,,,False,Wednesday,6.0,10.0,October,4.0,2.5,38.71,23.23,Low,,0.0,0.0
AUC-1822,Electronics 7239,General Items,General,Umm Al Quwain,Auction,Closed,2025-10-05 08:00:00,2025-10-07 17:00:00,2.375,2025-11-08 12:00:00,6764.0,14466.33,7296.24,1.9827,8,4,156,1.138724127735068,7702.33,8.9,2.0,19.5,,,False,Sunday,8.0,10.0,October,4.0,2.0,38.22,62.93,Low,,0.0,14466.33
AUC-1823,Furniture 2549,General Items,General,Dubai,Auction,Closed,2025-10-10 18:00:00,2025-10-12 17:00:00,1.958,2025-11-08 12:00:00,7038.56,15330.2,8031.24,1.9088,34,19,478,1.178030733559137,8291.64,33.7,1.7894736842105263,14.058823529411764,,,False,Friday,18.0,10.0,October,4.0,1.7894736842105263,40.29,64.17,Low,,0.0,15330.2
AUC-1824,Collectibles 8505,General Items,General,Dubai,Auction,Closed,2025-09-24 02:00:00,2025-09-26 07:00:00,2.208,2025-11-08 12:00:00,3175.0,4116.32,3512.08,1.172,9,4,126,0.2964787401574802,941.32,8.65,2.25,14.0,,,False,Wednesday,2.0,9.0,September,3.0,2.25,10.15,46.09,Low,,0.0,4116.32
AUC-1825,Other 2531,General Items,General,Ajman,Auction,Closed,2025-09-10 01:00:00,2025-09-12 16:00:00,2.625,2025-11-08 12:00:00,16735.0,29110.18,18728.41,1.5543,8,3,123,0.7394789363609202,12375.18,7.825,2.6666666666666665,15.375,,,False,Wednesday,1.0,9.0,September,3.0,2.6666666666666665,24.93,54.96,Mid,,0.0,29110.18
AUC-1826,Furniture 3678,General Items,General,Dubai,BuyNow,Closed,2025-10-02 19:00:00,2025-10-03 08:00:00,0.542,2025-11-08 12:00:00,15896.0,22527.71,19015.95,1.1847,57,28,678,0.4171936336185203,6631.71,52.45,2.0357142857142856,11.894736842105264,,,False,Thursday,19.0,10.0,October,4.0,2.0357142857142856,16.11,9.67,Mid,,0.0,0.0
AUC-1827,Tools 5132,General Items,General,Sharjah,Auction,Closed,2025-10-23 20:00:00,2025-10-24 16:00:00,0.946,2025-11-08 12:00:00,20412.14,36197.23,23696.3,1.5275,82,24,1994,0.7733187211140039,15785.09,96.85,3.4166666666666665,24.317073170731707,,,False,Thursday,20.0,10.0,October,4.0,3.4166666666666665,28.33,17.0,Mid,,0.0,0.0
AUC-1828,Tools 4335,General Items,General,Ras Al Khaimah,Auction,Closed,2025-11-05 19:00:00,2025-11-06 01:00:00,0.25,2025-11-08 12:00:00,3985.0,4725.98,4647.49,1.0169,35,29,470,0.1859422835633625,740.98,36.5,1.206896551724138,13.428571428571429,,,False,Wednesday,19.0,11.0,November,4.0,1.206896551724138,7.49,44.49,Low,,0.0,4725.98
AUC-1829,Other 2530,General Items,General,Sharjah,Auction,Closed,2025-09-29 18:00:00,2025-10-01 07:00:00,1.592,2025-11-08 12:00:00,3027.0,4047.93,3556.24,1.1383,106,32,2685,0.3372745292368681,1020.93,128.125,3.3125,25.33018867924528,,,False,Monday,18.0,9.0,September,3.0,3.3125,14.38,48.63,Low,,0.0,4047.93
AUC-1830,Other 6768,General Items,General,Abu Dhabi,Auction,Closed,2025-09-15 11:00:00,2025-09-17 00:00:00,1.542,2025-11-08 12:00:00,2225.0,3274.29,2349.65,1.3935,6,5,64,0.471591011235955,1049.29,5.85,1.2,10.666666666666666,,,False,Monday,11.0,9.0,September,3.0,1.2,15.96,9.58,Low,,0.0,0.0
AUC-1831,Tools 1177,General Items,General,Ajman,Auction,Closed,2025-11-03 23:00:00,2025-11-04 05:00:00,0.25,2025-11-08 12:00:00,20103.49,25627.29,22140.03,1.1575,49,29,661,0.2747682118875876,5523.8,48.275,1.6896551724137931,13.489795918367347,,,False,Monday,23.0,11.0,November,4.0,1.6896551724137931,10.63,46.38,Mid,,0.0,25627.29
AUC-1832,Furniture 9850,General Items,General,Abu Dhabi,Auction,Closed,2025-10-13 07:00:00,2025-10-15 07:00:00,2.0,2025-11-08 12:00:00,4769.0,8574.75,5207.91,1.6465,7,2,191,0.7980184525057664,3805.75,8.775,3.5,27.285714285714285,,,False,Monday,7.0,10.0,October,4.0,3.5,26.83,16.1,Low,,0.0,0.0
AUC-1833,Tools 1468,General Items,General,Ajman,Auction,Closed,2025-09-12 00:00:00,2025-09-12 04:00:00,0.167,2025-11-08 12:00:00,4572.89,8313.59,5216.89,1.5936,37,13,542,0.818016615313292,3740.7,35.3,2.8461538461538463,14.64864864864865,,,False,Friday,0.0,9.0,September,3.0,2.8461538461538463,28.5,57.1,Low,,0.0,8313.59
AUC-1834,Furniture 4004,General Items,General,Umm Al Quwain,Auction,Closed,2025-10-05 15:00:00,2025-10-08 00:00:00,2.375,2025-11-08 12:00:00,5774.0,10520.01,6326.86,1.6628,30,11,528,0.82196224454451,4746.01,30.95,2.727272727272727,17.6,,,False,Sunday,15.0,10.0,October,4.0,2.727272727272727,28.21,56.93,Low,,0.0,10520.01
AUC-1835,Tools 9368,General Items,General,Fujairah,Auction,Closed,2025-10-22 20:00:00,2025-10-24 23:00:00,2.125,2025-11-08 12:00:00,10421.15,21081.57,11861.62,1.7773,26,9,298,1.022960037999645,10660.42,22.7,2.888888888888889,11.461538461538462,,,False,Wednesday,20.0,10.0,October,4.0,2.888888888888889,35.06,61.04,Mid,,0.0,21081.57
AUC-1836,Electronics 2395,General Items,General,Ras Al Khaimah,Auction,Closed,2025-10-15 01:00:00,2025-10-17 12:00:00,2.458,2025-11-08 12:00:00,17458.0,36265.36,20559.07,1.764,53,25,624,1.0772917860006874,18807.36,48.35,2.12,11.773584905660377,,,False,Wednesday,1.0,10.0,October,4.0,2.12,37.95,62.77,Mid,,0.0,36265.36
AUC-1837,Furniture 1656,General Items,General,Abu Dhabi,Auction,Closed,2025-10-13 10:00:00,2025-10-13 22:00:00,0.5,2025-11-08 12:00:00,1205.0,1637.55,1396.53,1.1726,15,5,398,0.3589626556016597,432.55,18.7,3.0,26.53333333333333,,,False,Monday,10.0,10.0,October,4.0,3.0,12.44,47.46,Low,,0.0,1637.55
AUC-1838,Furniture 7694,General Items,General,Umm Al Quwain,BuyNow,Closed,2025-10-28 03:00:00,2025-10-30 18:00:00,2.625,2025-11-08 12:00:00,10076.0,17096.6,11251.27,1.5195,44,28,848,0.6967645891226676,7020.6,50.2,1.5714285714285714,19.272727272727277,,,False,Tuesday,3.0,10.0,October,4.0,1.5714285714285714,24.85,14.91,Mid,,0.0,0.0
AUC-1839,Collectibles 1658,General Items,General,Ras Al Khaimah,BuyNow,Closed,2025-09-27 12:00:00,2025-09-29 05:00:00,1.795,2025-11-08 12:00:00,946.0,1237.37,1092.47,1.1326,91,30,968,0.3080021141649047,291.37,77.2,3.033333333333333,10.637362637362637,,,False,Saturday,12.0,9.0,September,3.0,3.033333333333333,13.53,48.12,Low,,0.0,1237.37
AUC-1840,Other 9095,General Items,General,Fujairah,Auction,Closed,2025-09-30 15:00:00,2025-10-03 05:00:00,2.653,2025-11-08 12:00:00,9017.45,17676.72,9785.43,1.8064,77,23,1492,0.9602792363694836,8659.27,81.55,3.347826086956522,19.376623376623375,,,False,Tuesday,15.0,9.0,September,3.0,3.347826086956522,34.14,60.48,Low,,0.0,17676.72
AUC-1841,Tools 5060,General Items,General,Dubai,Auction,Closed,2025-09-28 06:00:00,2025-09-30 09:00:00,2.125,2025-11-08 12:00:00,9238.0,16078.22,10897.84,1.4754,10,3,300,0.7404438190084434,6840.22,13.25,3.333333333333333,30.0,,,False,Sunday,6.0,9.0,September,3.0,3.333333333333333,24.96,54.98,Low,,0.0,16078.22
AUC-1842,Electronics 8823,General Items,General,Umm Al Quwain,BuyNow,Closed,2025-09-30 11:00:00,2025-10-02 11:00:00,2.127,2025-11-08 12:00:00,7297.0,11553.44,8240.78,1.402,61,21,1591,0.5833136905577635,4256.44,75.525,2.9047619047619047,26.081967213114755,,,False,Tuesday,11.0,9.0,September,3.0,2.9047619047619047,21.53,12.92,Low,,0.0,0.0
AUC-1843,Collectibles 3205,General Items,General,Abu Dhabi,Auction,Closed,2025-11-06 00:00:00,2025-11-06 06:00:00,0.25,2025-11-08 12:00:00,21900.1,43632.42,25833.87,1.689,59,22,707,0.9923388477678184,21732.32,52.675,2.6818181818181817,11.983050847457626,,,False,Thursday,0.0,11.0,November,4.0,2.6818181818181817,35.03,61.02,Mid,,0.0,43632.42
AUC-1844,Other 2270,General Items,General,Dubai,Auction,Closed,2025-10-25 22:00:00,2025-10-28 01:00:00,2.125,2025-11-08 12:00:00,14019.0,17561.25,15745.69,1.1153,31,13,845,0.2526749411512947,3542.25,39.875,2.3846153846153846,27.258064516129032,,,False,Saturday,22.0,10.0,October,4.0,2.3846153846153846,9.5,45.7,Mid,,0.0,17561.25
AUC-1845,Collectibles 9663,General Items,General,Ajman,Auction,Closed,2025-10-27 21:00:00,2025-10-29 07:00:00,1.417,2025-11-08 12:00:00,5110.93,7293.73,5888.06,1.2387,27,13,545,0.4270846988708511,2182.8,30.375,2.076923076923077,20.185185185185187,,,False,Monday,21.0,10.0,October,4.0,2.076923076923077,15.16,49.1,Low,,0.0,7293.73
AUC-1846,Collectibles 7858,General Items,General,Sharjah,Auction,Closed,2025-10-30 02:00:00,2025-11-01 15:00:00,2.542,2025-11-08 12:00:00,15918.0,22256.34,18890.73,1.1782,51,16,1004,0.3981869581605729,6338.34,54.6,3.1875,19.686274509803923,,,False,Thursday,2.0,10.0,October,4.0,3.1875,15.03,9.02,Mid,,0.0,0.0
AUC-1847,Furniture 9197,General Items,General,Dubai,Auction,Closed,2025-09-22 05:00:00,2025-09-24 07:00:00,2.181,2025-11-08 12:00:00,6590.0,11415.01,7678.53,1.4866,91,34,2431,0.7321714719271624,4825.01,114.775,2.676470588235294,26.714285714285715,,,False,Monday,5.0,9.0,September,3.0,2.676470588235294,27.01,56.21,Low,,0.0,11415.01
AUC-1848,Collectibles 3878,General Items,General,Sharjah,Auction,Closed,2025-10-30 07:00:00,2025-10-30 16:00:00,0.375,2025-11-08 12:00:00,16599.0,35329.84,19895.59,1.7758,2,1,57,1.128431833242966,18730.84,2.675,2.0,28.5,,,False,Thursday,7.0,10.0,October,4.0,2.0,37.68,62.61,Mid,,0.0,35329.84
AUC-1849,Furniture 4642,General Items,General,Fujairah,Auction,Closed,2025-09-24 23:00:00,2025-09-27 15:00:00,2.667,2025-11-08 12:00:00,15055.0,17436.06,17914.92,0.9733,54,18,753,0.1581574227831286,2381.06,50.325,3.0,13.944444444444445,,,False,Wednesday,23.0,9.0,September,3.0,3.0,6.85,44.11,Mid,,0.0,17436.06
AUC-1850,Other 6194,General Items,General,Ajman,BuyNow,Closed,2025-10-27 20:00:00,2025-10-28 04:00:00,0.333,2025-11-08 12:00:00,9037.0,15618.82,9634.23,1.6212,15,11,187,0.7283191324554609,6581.82,14.925,1.3636363636363635,12.466666666666669,,,False,Monday,20.0,10.0,October,4.0,1.3636363636363635,24.79,14.87,Low,,0.0,0.0
AUC-1851,Tools 5038,General Items,General,Ajman,Auction,Closed,2025-10-30 02:00:00,2025-10-31 02:00:00,1.0,2025-11-08 12:00:00,3092.0,3595.55,3521.22,1.0211,58,19,768,0.1628557567917206,503.55,52.95,3.0526315789473686,13.241379310344827,,,False,Thursday,2.0,10.0,October,4.0,3.0526315789473686,7.45,44.47,Low,,0.0,3595.55
AUC-1852,Tools 3183,General Items,General,Umm Al Quwain,Auction,Closed,2025-10-28 18:00:00,2025-10-29 12:00:00,0.75,2025-11-08 12:00:00,19294.0,34116.33,22113.67,1.5428,3,1,31,0.7682352026536748,14822.33,2.525,3.0,10.333333333333334,,,False,Tuesday,18.0,10.0,October,4.0,3.0,25.72,55.43,Mid,,0.0,34116.33
AUC-1853,Tools 4375,General Items,General,Ajman,Auction,Closed,2025-10-04 15:00:00,2025-10-07 13:00:00,2.917,2025-11-08 12:00:00,7478.0,14564.35,8340.14,1.7463,55,32,1499,0.9476263706873496,7086.35,72.975,1.71875,27.25454545454545,,,False,Saturday,15.0,10.0,October,4.0,1.71875,33.41,60.05,Low,,0.0,14564.35
AUC-1854,Other 6478,General Items,General,Sharjah,Auction,Closed,2025-09-29 04:00:00,2025-09-29 18:00:00,0.583,2025-11-08 12:00:00,5376.0,9774.55,6327.49,1.5448,21,16,575,0.8181826636904761,4398.55,28.875,1.3125,27.38095238095238,,,False,Monday,4.0,9.0,September,3.0,1.3125,28.04,56.82,Low,,0.0,9774.55
AUC-1855,Tools 1340,General Items,General,Sharjah,Auction,Closed,2025-09-17 00:00:00,2025-09-19 13:00:00,2.636,2025-11-08 12:00:00,4430.0,7941.88,4734.44,1.6775,94,33,1112,0.7927494356659143,3511.88,83.05,2.8484848484848486,11.829787234042554,,,False,Wednesday,0.0,9.0,September,3.0,2.8484848484848486,29.25,57.55,Low,,0.0,7941.88
AUC-1856,Collectibles 4023,General Items,General,Ras Al Khaimah,Auction,Closed,2025-10-30 11:00:00,2025-10-31 06:00:00,0.792,2025-11-08 12:00:00,7933.0,11191.95,8421.49,1.329,10,6,134,0.4108092777007438,3258.95,9.85,1.6666666666666667,13.4,,,False,Thursday,11.0,10.0,October,4.0,1.6666666666666667,14.03,48.42,Low,,0.0,11191.95
AUC-1857,Tools 3635,General Items,General,Abu Dhabi,Auction,Closed,2025-09-29 17:00:00,2025-10-01 17:00:00,2.074,2025-11-08 12:00:00,17206.0,32908.29,20419.64,1.6116,70,20,803,0.9126054864582124,15702.29,60.075,3.5,11.471428571428572,,,False,Monday,17.0,9.0,September,3.0,3.5,32.98,19.79,Mid,,0.0,0.0
AUC-1858,Collectibles 1632,General Items,General,Sharjah,Auction,Closed,2025-09-21 09:00:00,2025-09-21 19:00:00,0.417,2025-11-08 12:00:00,7515.0,9957.93,7964.2,1.2503,29,24,655,0.3250738522954092,2442.93,36.875,1.2083333333333333,22.58620689655172,,,False,Sunday,9.0,9.0,September,3.0,1.2083333333333333,11.81,47.09,Low,,0.0,9957.93
AUC-1859,Collectibles 2103,General Items,General,Umm Al Quwain,BuyNow,Closed,2025-10-18 22:00:00,2025-10-20 04:00:00,1.25,2025-11-08 12:00:00,15064.0,26577.89,18008.46,1.4759,48,28,484,0.7643315188528943,11513.89,43.1,1.7142857142857142,10.083333333333334,,,False,Saturday,22.0,10.0,October,4.0,1.7142857142857142,27.27,56.36,Mid,,0.0,26577.89
AUC-1860,Tools 5460,General Items,General,Ras Al Khaimah,Auction,Closed,2025-11-01 07:00:00,2025-11-03 05:00:00,1.917,2025-11-08 12:00:00,799.0,1091.11,930.89,1.1721,1,1,25,0.3655944931163953,292.11,1.375,1.0,25.0,,,False,Saturday,7.0,11.0,November,4.0,1.0,12.22,7.33,Low,,0.0,0.0
AUC-1861,Electronics 1921,General Items,General,Ajman,BuyNow,Closed,2025-10-26 10:00:00,2025-10-28 14:00:00,2.279,2025-11-08 12:00:00,13535.0,21244.13,15280.03,1.3903,66,22,1068,0.5695700036941264,7709.13,65.2,3.0,16.181818181818183,,,False,Sunday,10.0,10.0,October,4.0,3.0,20.99,52.59,Mid,,0.0,21244.13
AUC-1862,Collectibles 4103,General Items,General,Umm Al Quwain,Auction,Closed,2025-10-30 13:00:00,2025-11-02 04:00:00,2.625,2025-11-08 12:00:00,17847.0,34614.9,20185.01,1.7149,15,6,240,0.9395360564800808,16767.9,15.0,2.5,16.0,,,False,Thursday,13.0,10.0,October,4.0,2.5,31.83,59.1,Mid,,0.0,34614.9
AUC-1863,Other 6047,General Items,General,Fujairah,Auction,Closed,2025-09-12 03:00:00,2025-09-14 14:00:00,2.458,2025-11-08 12:00:00,8771.0,9216.52,9269.1,0.9943,47,15,850,0.0507946642344089,445.52,48.5,3.1333333333333333,18.08510638297872,,,False,Friday,3.0,9.0,September,3.0,3.1333333333333333,3.34,42.0,Low,,0.0,9216.52
AUC-1864,Collectibles 8863,General Items,General,Sharjah,Auction,Closed,2025-10-14 10:00:00,2025-10-16 01:00:00,1.625,2025-11-08 12:00:00,12680.0,16002.06,14148.01,1.131,7,2,143,0.2619921135646687,3322.06,7.575,3.5,20.428571428571427,,,False,Tuesday,10.0,10.0,October,4.0,3.5,8.96,45.38,Mid,,0.0,16002.06
AUC-1865,Other 1888,General Items,General,Ras Al Khaimah,Auction,Closed,2025-10-05 17:00:00,2025-10-06 17:00:00,1.0,2025-11-08 12:00:00,14333.85,26265.69,16609.86,1.5813,5,2,54,0.8324239475088687,11931.84,4.35,2.5,10.8,,,False,Sunday,17.0,10.0,October,4.0,2.5,27.93,16.76,Mid,,0.0,0.0
AUC-1866,Tools 4911,General Items,General,Umm Al Quwain,Auction,Closed,2025-09-21 03:00:00,2025-09-22 00:00:00,0.875,2025-11-08 12:00:00,19952.0,33386.36,22065.69,1.513,47,27,488,0.6733340016038493,13434.36,42.45,1.7407407407407407,10.382978723404255,,,False,Sunday,3.0,9.0,September,3.0,1.7407407407407407,24.21,54.53,Mid,,0.0,33386.36
AUC-1867,Collectibles 1926,General Items,General,Dubai,Auction,Closed,2025-10-13 05:00:00,2025-10-16 04:00:00,2.958,2025-11-08 12:00:00,10072.0,14224.86,11497.49,1.2372,35,25,549,0.4123173153296267,4152.86,37.475,1.4,15.685714285714283,,,False,Monday,5.0,10.0,October,4.0,1.4,15.02,49.01,Mid,,0.0,14224.86
AUC-1868,Tools 4856,General Items,General,Ajman,Auction,Closed,2025-09-27 19:00:00,2025-09-29 16:00:00,1.96,2025-11-08 12:00:00,13834.0,26379.84,15786.6,1.671,99,31,1629,0.9068844874945786,12545.84,97.975,3.193548387096774,16.454545454545453,,,False,Saturday,19.0,9.0,September,3.0,3.193548387096774,33.23,19.94,Mid,,0.0,0.0
AUC-1869,Other 5324,General Items,General,Ajman,Auction,Closed,2025-10-31 01:00:00,2025-11-02 18:00:00,2.708,2025-11-08 12:00:00,6335.0,7611.45,7125.14,1.0683,42,24,695,0.2014917127071823,1276.45,44.375,1.75,16.547619047619047,,,False,Friday,1.0,10.0,October,4.0,1.75,8.08,4.85,Low,,0.0,0.0
AUC-1870,Furniture 8192,General Items,General,Umm Al Quwain,BuyNow,Closed,2025-10-09 00:00:00,2025-10-10 09:00:00,1.514,2025-11-08 12:00:00,7329.0,13216.13,8040.22,1.6438,68,21,1363,0.8032651112020739,5887.13,73.325,3.238095238095238,20.044117647058822,,,False,Thursday,0.0,10.0,October,4.0,3.238095238095238,29.03,17.42,Low,,0.0,0.0
AUC-1871,Collectibles 4980,General Items,General,Abu Dhabi,Auction,Closed,2025-10-31 15:00:00,2025-11-02 04:00:00,1.542,2025-11-08 12:00:00,15452.0,31941.54,18010.9,1.7735,13,4,139,1.0671460005177325,16489.54,10.975,3.25,10.692307692307692,,,False,Friday,15.0,10.0,October,4.0,3.25,36.01,61.61,Mid,,0.0,31941.54
AUC-1872,Other 9418,General Items,General,Ras Al Khaimah,Auction,Closed,2025-10-21 22:00:00,2025-10-24 10:00:00,2.624,2025-11-08 12:00:00,4599.0,7506.06,5176.96,1.4499,71,27,1444,0.6321069797782127,2907.06,78.35,2.6296296296296298,20.338028169014084,,,False,Tuesday,22.0,10.0,October,4.0,2.6296296296296298,23.29,53.97,Low,,0.0,7506.06
AUC-1873,Collectibles 2238,General Items,General,Fujairah,BuyNow,Closed,2025-10-18 11:00:00,2025-10-20 16:00:00,2.208,2025-11-08 12:00:00,5276.0,5776.36,6072.61,0.9512,21,8,460,0.0948369977255496,500.36,24.0,2.625,21.904761904761905,,,False,Saturday,11.0,10.0,October,4.0,2.625,3.82,2.29,Low,,0.0,0.0
AUC-1874,Electronics 1478,General Items,General,Fujairah,BuyNow,Closed,2025-09-24 14:00:00,2025-09-25 07:00:00,0.708,2025-11-08 12:00:00,4980.0,9096.97,5558.93,1.6365,14,4,322,0.8267008032128512,4116.97,16.05,3.5,23.0,,,False,Wednesday,14.0,9.0,September,3.0,3.5,27.95,16.77,Low,,0.0,0.0
AUC-1875,Collectibles 1040,General Items,General,Umm Al Quwain,Auction,Closed,2025-09-26 11:00:00,2025-09-28 02:00:00,1.763,2025-11-08 12:00:00,18258.0,32249.22,19984.29,1.6137,73,25,1357,0.7663062767006245,13991.22,76.675,2.92,18.58904109589041,,,False,Friday,11.0,9.0,September,3.0,2.92,27.49,56.49,Mid,,0.0,32249.22
AUC-1876,Other 4210,General Items,General,Umm Al Quwain,Auction,Closed,2025-09-23 13:00:00,2025-09-24 07:00:00,0.75,2025-11-08 12:00:00,7459.0,10270.88,8125.92,1.264,55,20,948,0.376978147204719,2811.88,56.2,2.75,17.236363636363638,,,False,Tuesday,13.0,9.0,September,3.0,2.75,14.32,48.59,Low,,0.0,10270.88
AUC-1877,Furniture 2736,General Items,General,Ras Al Khaimah,Auction,Closed,2025-11-01 22:00:00,2025-11-04 05:00:00,2.292,2025-11-08 12:00:00,14680.0,25608.37,15914.37,1.6091,13,6,136,0.7444393732970026,10928.37,11.4,2.1666666666666665,10.461538461538462,,,False,Saturday,22.0,11.0,November,4.0,2.1666666666666665,25.29,55.17,Mid,,0.0,25608.37
AUC-1878,Tools 1824,General Items,General,Ras Al Khaimah,Auction,Closed,2025-09-08 17:00:00,2025-09-08 23:00:00,0.25,2025-11-08 12:00:00,16823.0,19411.03,18236.26,1.0644,44,19,721,0.1538387921298222,2588.03,44.775,2.3157894736842106,16.386363636363637,,,False,Monday,17.0,9.0,September,3.0,2.3157894736842106,6.7,44.02,Mid,,0.0,19411.03
AUC-1879,Electronics 3122,General Items,General,Ras Al Khaimah,Auction,Closed,2025-11-01 01:00:00,2025-11-03 13:00:00,2.5,2025-11-08 12:00:00,25330.55,52577.86,29939.62,1.7561,50,24,597,1.0756698926789985,27247.31,45.925,2.083333333333333,11.94,,,False,Saturday,1.0,11.0,November,4.0,2.083333333333333,37.79,62.67,Mid,,0.0,52577.86
AUC-1880,Tools 9773,General Items,General,Ras Al Khaimah,Auction,Closed,2025-09-16 04:00:00,2025-09-18 23:00:00,2.792,2025-11-08 12:00:00,1278.0,2529.93,1384.36,1.8275,57,17,1057,0.979600938967136,1251.93,59.175,3.3529411764705883,18.54385964912281,,,False,Tuesday,4.0,9.0,September,3.0,3.3529411764705883,34.57,60.74,Low,,0.0,2529.93
AUC-1881,Electronics 8201,General Items,General,Dubai,Auction,Closed,2025-09-24 03:00:00,2025-09-24 08:00:00,0.262,2025-11-08 12:00:00,19264.0,26747.25,22815.22,1.1723,67,25,725,0.3884577450166113,7483.25,57.875,2.68,10.82089552238806,,,False,Wednesday,3.0,9.0,September,3.0,2.68,14.93,48.96,Mid,,0.0,26747.25
AUC-1882,Electronics 1167,General Items,General,Sharjah,Auction,Closed,2025-09-30 17:00:00,2025-10-02 15:00:00,1.917,2025-11-08 12:00:00,6086.0,7231.3,6506.83,1.1113,54,18,795,0.1881860006572461,1145.3,51.375,3.0,14.72222222222222,,,False,Tuesday,17.0,9.0,September,3.0,3.0,8.11,44.87,Low,,0.0,7231.3
AUC-1883,Collectibles 9238,General Items,General,Umm Al Quwain,BuyNow,Closed,2025-10-12 03:00:00,2025-10-12 12:00:00,0.375,2025-11-08 12:00:00,11672.0,22378.63,12406.26,1.8038,17,13,178,0.9172918094585332,10706.63,16.2,1.3076923076923077,10.470588235294118,,,False,Sunday,3.0,10.0,October,4.0,1.3076923076923077,31.24,58.74,Mid,,0.0,22378.63
AUC-1884,Tools 2847,General Items,General,Abu Dhabi,BuyNow,Closed,2025-09-21 15:00:00,2025-09-22 19:00:00,1.167,2025-11-08 12:00:00,16169.0,33095.48,18156.28,1.8228,25,8,438,1.0468476714700974,16926.48,25.45,3.125,17.52,,,False,Sunday,15.0,9.0,September,3.0,3.125,35.73,21.44,Mid,,0.0,0.0
AUC-1885,Furniture 4653,General Items,General,Fujairah,BuyNow,Closed,2025-09-22 19:00:00,2025-09-23 21:00:00,1.083,2025-11-08 12:00:00,3157.0,4188.2,3585.84,1.168,19,9,466,0.3266392144440924,1031.2,23.4,2.111111111111111,24.526315789473685,,,False,Monday,19.0,9.0,September,3.0,2.111111111111111,11.52,46.91,Low,,0.0,4188.2
AUC-1886,Tools 3948,General Items,General,Ajman,Auction,Closed,2025-10-28 19:00:00,2025-10-30 10:00:00,1.733,2025-11-08 12:00:00,13416.0,15180.74,15534.78,0.9772,81,28,1320,0.1315399522957662,1764.74,80.5,2.892857142857143,16.296296296296298,,,False,Tuesday,19.0,10.0,October,4.0,2.892857142857143,7.1,44.26,Mid,,0.0,15180.74
AUC-1887,Furniture 4644,General Items,General,Umm Al Quwain,Auction,Closed,2025-09-17 22:00:00,2025-09-20 16:00:00,2.75,2025-11-08 12:00:00,3292.0,6149.69,3705.8,1.6595,17,13,507,0.8680710814094774,2857.69,24.425,1.3076923076923077,29.823529411764707,,,False,Wednesday,22.0,9.0,September,3.0,1.3076923076923077,29.45,57.67,Low,,0.0,6149.69
AUC-1888,Tools 7845,General Items,General,Ras Al Khaimah,Auction,Closed,2025-11-01 12:00:00,2025-11-02 23:00:00,1.604,2025-11-08 12:00:00,4055.0,5179.52,4621.05,1.1209,81,25,1732,0.2773168927250309,1124.52,90.05,3.24,21.382716049382715,,,False,Saturday,12.0,11.0,November,4.0,3.24,11.62,46.97,Low,,0.0,5179.52
AUC-1889,Other 7411,General Items,General,Abu Dhabi,Auction,Closed,2025-10-06 21:00:00,2025-10-08 04:00:00,1.292,2025-11-08 12:00:00,3805.0,4737.8,4520.22,1.0481,35,13,435,0.2451511169513798,932.8,31.625,2.6923076923076925,12.428571428571429,,,False,Monday,21.0,10.0,October,4.0,2.6923076923076925,9.18,45.51,Low,,0.0,4737.8
AUC-1890,Other 6345,General Items,General,Umm Al Quwain,Auction,Closed,2025-09-29 05:00:00,2025-09-29 15:00:00,0.417,2025-11-08 12:00:00,5642.0,12030.96,6716.38,1.7913,41,18,954,1.1323927685218007,6388.96,48.85,2.2777777777777777,23.26829268292683,,,False,Monday,5.0,9.0,September,3.0,2.2777777777777777,39.06,23.44,Low,,0.0,0.0
AUC-1891,Tools 6641,General Items,General,Abu Dhabi,Auction,Closed,2025-09-16 17:00:00,2025-09-19 09:00:00,2.667,2025-11-08 12:00:00,6185.0,9955.47,6976.55,1.427,40,21,441,0.609615198059822,3770.47,36.275,1.9047619047619049,11.025,,,False,Tuesday,17.0,9.0,September,3.0,1.9047619047619049,21.84,53.1,Low,,0.0,9955.47
AUC-1892,Tools 7547,General Items,General,Dubai,Auction,Closed,2025-10-09 13:00:00,2025-10-10 14:00:00,1.042,2025-11-08 12:00:00,11366.0,14161.46,13122.13,1.0792,33,17,963,0.2459493225409114,2795.46,44.825,1.9411764705882355,29.181818181818183,,,False,Thursday,13.0,10.0,October,4.0,1.9411764705882355,9.19,45.51,Mid,,0.0,14161.46
AUC-1893,Collectibles 2657,General Items,General,Ajman,Auction,Closed,2025-10-22 05:00:00,2025-10-23 16:00:00,1.458,2025-11-08 12:00:00,5291.0,5670.56,5894.11,0.9621,49,26,1206,0.0717369117369118,379.56,61.15,1.8846153846153848,24.612244897959183,,,False,Wednesday,5.0,10.0,October,4.0,1.8846153846153848,3.81,42.29,Low,,0.0,5670.56
AUC-1894,Other 4560,General Items,General,Sharjah,Auction,Closed,2025-10-08 14:00:00,2025-10-09 00:00:00,0.417,2025-11-08 12:00:00,8836.0,10396.18,9334.58,1.1137,48,32,480,0.1765708465368945,1560.18,44.0,1.5,10.0,,,False,Wednesday,14.0,10.0,October,4.0,1.5,7.7,4.62,Low,,0.0,0.0
AUC-1895,Tools 1969,General Items,General,Umm Al Quwain,Auction,Closed,2025-10-21 15:00:00,2025-10-22 14:00:00,1.066,2025-11-08 12:00:00,7363.0,7959.87,8285.57,0.9607,68,30,735,0.0810634252342795,596.87,59.875,2.2666666666666666,10.808823529411764,,,False,Tuesday,15.0,10.0,October,4.0,2.2666666666666666,5.22,43.13,Low,,0.0,7959.87
AUC-1896,Tools 7336,General Items,General,Ras Al Khaimah,Auction,Closed,2025-10-05 06:00:00,2025-10-06 23:00:00,1.766,2025-11-08 12:00:00,3007.0,4258.81,3565.36,1.1945,72,32,1020,0.4162986365147989,1251.81,69.5,2.25,14.166666666666666,,,False,Sunday,6.0,10.0,October,4.0,2.25,16.28,49.77,Low,,0.0,4258.81
AUC-1897,Electronics 4938,General Items,General,Sharjah,Auction,Closed,2025-10-08 17:00:00,2025-10-11 10:00:00,2.708,2025-11-08 12:00:00,2149.0,4112.1,2405.05,1.7098,4,2,91,0.913494648673802,1963.1,4.775,2.0,22.75,,,False,Wednesday,17.0,10.0,October,4.0,2.0,30.58,58.35,Low,,0.0,4112.1
AUC-1898,Other 6734,General Items,General,Dubai,BuyNow,Closed,2025-09-21 03:00:00,2025-09-22 05:00:00,1.186,2025-11-08 12:00:00,1104.0,2020.84,1257.28,1.6073,73,26,2074,0.8304710144927535,916.84,94.85,2.8076923076923075,28.410958904109588,,,False,Sunday,3.0,9.0,September,3.0,2.8076923076923075,29.98,57.99,Low,,0.0,2020.84
AUC-1899,Tools 6082,General Items,General,Abu Dhabi,Auction,Closed,2025-10-22 00:00:00,2025-10-23 18:00:00,1.75,2025-11-08 12:00:00,1433.0,2527.27,1628.5,1.5519,54,25,1001,0.7636217725052338,1094.27,58.275,2.16,18.53703703703704,,,False,Wednesday,0.0,10.0,October,4.0,2.16,27.34,56.4,Low,,0.0,2527.27
AUC-1900,Furniture 3462,General Items,General,Ras Al Khaimah,Auction,Closed,2025-10-24 05:00:00,2025-10-26 20:00:00,2.625,2025-11-08 12:00:00,17456.0,22022.23,19549.78,1.1265,21,15,220,0.2615851283226397,4566.23,19.75,1.4,10.476190476190476,,,False,Friday,5.0,10.0,October,4.0,1.4,9.53,45.72,Mid,,0.0,22022.23
AUC-1901,Electronics 2248,General Items,General,Ras Al Khaimah,BuyNow,Closed,2025-10-08 13:00:00,2025-10-09 17:00:00,1.167,2025-11-08 12:00:00,17651.0,34656.11,19550.26,1.7727,35,11,628,0.9634077389383038,17005.11,35.95,3.1818181818181817,17.942857142857143,,,False,Wednesday,13.0,10.0,October,4.0,3.1818181818181817,33.11,59.87,Mid,,0.0,34656.11
AUC-1902,Tools 9755,General Items,General,Umm Al Quwain,Auction,Closed,2025-11-02 18:00:00,2025-11-03 18:00:00,1.0,2025-11-08 12:00:00,13421.0,29163.25,15267.96,1.9101,4,2,44,1.1729565606139631,15742.25,3.6,2.0,11.0,,,False,Sunday,18.0,11.0,November,4.0,2.0,39.25,63.55,Mid,,0.0,29163.25
AUC-1903,Furniture 3639,General Items,General,Sharjah,Auction,Closed,2025-10-24 09:00:00,2025-10-24 16:00:00,0.354,2025-11-08 12:00:00,17310.0,34270.89,20212.69,1.6955,79,29,874,0.9798318890814558,16960.89,68.6,2.7241379310344827,11.063291139240508,,,False,Friday,9.0,10.0,October,4.0,2.7241379310344827,35.35,61.21,Mid,,0.0,34270.89
AUC-1904,Furniture 1985,General Items,General,Abu Dhabi,Auction,Closed,2025-10-14 19:00:00,2025-10-17 12:00:00,2.857,2025-11-08 12:00:00,16082.0,34402.59,18663.59,1.8433,97,29,2487,1.139198482775774,18320.59,117.925,3.3448275862068964,25.63917525773196,,,False,Tuesday,19.0,10.0,October,4.0,3.3448275862068964,41.31,64.79,Mid,,0.0,34402.59
AUC-1905,Electronics 3753,General Items,General,Umm Al Quwain,Auction,Closed,2025-10-09 00:00:00,2025-10-09 11:00:00,0.458,2025-11-08 12:00:00,2562.0,5091.31,2794.58,1.8219,9,3,130,0.98724043715847,2529.31,8.5,3.0,14.444444444444445,,,False,Thursday,0.0,10.0,October,4.0,3.0,33.16,59.9,Low,,0.0,5091.31
AUC-1906,Collectibles 9120,General Items,General,Umm Al Quwain,Auction,Closed,2025-10-21 01:00:00,2025-10-21 19:00:00,0.75,2025-11-08 12:00:00,7065.0,8760.44,7506.02,1.1671,49,20,552,0.2399773531493277,1695.44,43.3,2.45,11.26530612244898,,,False,Tuesday,1.0,10.0,October,4.0,2.45,9.83,45.9,Low,,0.0,8760.44
AUC-1907,Collectibles 3351,General Items,General,Ras Al Khaimah,BuyNow,Closed,2025-10-04 06:00:00,2025-10-04 19:00:00,0.542,2025-11-08 12:00:00,4325.0,9198.74,5023.47,1.8312,47,19,959,1.126876300578035,4873.74,52.225,2.473684210526316,20.404255319148938,,,False,Saturday,6.0,10.0,October,4.0,2.473684210526316,39.11,63.47,Low,,0.0,9198.74
AUC-1908,Other 9880,General Items,General,Dubai,BuyNow,Closed,2025-09-13 21:00:00,2025-09-16 01:00:00,2.167,2025-11-08 12:00:00,3221.0,6260.56,3633.96,1.7228,19,6,275,0.9436696678050296,3039.56,17.875,3.1666666666666665,14.473684210526317,,,False,Saturday,21.0,9.0,September,3.0,3.1666666666666665,32.04,59.22,Low,,0.0,6260.56
AUC-1909,Tools 5146,General Items,General,Sharjah,Auction,Closed,2025-10-05 07:00:00,2025-10-06 11:00:00,1.167,2025-11-08 12:00:00,3198.0,4848.32,3784.02,1.2813,59,19,1281,0.5160475297060662,1650.32,66.275,3.1052631578947367,21.71186440677966,,,False,Sunday,7.0,10.0,October,4.0,3.1052631578947367,19.02,51.41,Low,,0.0,4848.32
AUC-1910,Furniture 8755,General Items,General,Dubai,Auction,Closed,2025-10-18 16:00:00,2025-10-20 19:00:00,2.125,2025-11-08 12:00:00,19283.0,22284.0,22471.76,0.9916,45,28,474,0.1556293107918892,3001.0,41.35,1.6071428571428572,10.533333333333331,,,False,Saturday,16.0,10.0,October,4.0,1.6071428571428572,6.64,43.98,Mid,,0.0,22284.0
AUC-1911,Furniture 6876,General Items,General,Ajman,Auction,Closed,2025-11-02 07:00:00,2025-11-04 04:00:00,1.875,2025-11-08 12:00:00,21211.06,34758.52,22929.61,1.5159,32,12,696,0.638697924573312,13547.46,36.4,2.6666666666666665,21.75,,,False,Sunday,7.0,11.0,November,4.0,2.6666666666666665,22.21,53.33,Mid,,0.0,34758.52
AUC-1912,Electronics 1395,General Items,General,Ajman,Auction,Closed,2025-10-29 11:00:00,2025-10-29 16:00:00,0.327,2025-11-08 12:00:00,1207.0,1528.86,1327.56,1.1516,80,25,899,0.2666611433305715,321.86,68.725,3.2,11.2375,,,False,Wednesday,11.0,10.0,October,4.0,3.2,11.03,46.62,Low,,0.0,1528.86
AUC-1913,Other 5583,General Items,General,Fujairah,Auction,Closed,2025-10-03 21:00:00,2025-10-04 21:00:00,1.104,2025-11-08 12:00:00,18017.0,21183.66,20556.68,1.0305,101,33,2864,0.1757595604151634,3166.66,130.35,3.060606060606061,28.35643564356436,,,False,Friday,21.0,10.0,October,4.0,3.060606060606061,8.83,45.3,Mid,,0.0,21183.66
AUC-1914,Other 4751,General Items,General,Abu Dhabi,Auction,Closed,2025-09-27 03:00:00,2025-09-27 07:00:00,0.167,2025-11-08 12:00:00,16096.0,18355.26,17216.8,1.0661,24,16,487,0.1403615805168985,2259.26,28.175,1.5,20.291666666666668,,,False,Saturday,3.0,9.0,September,3.0,1.5,5.51,43.31,Mid,,0.0,18355.26
AUC-1915,Tools 2812,General Items,General,Abu Dhabi,BuyNow,Closed,2025-11-04 19:00:00,2025-11-05 03:00:00,0.333,2025-11-08 12:00:00,4004.0,8717.4,4466.94,1.9515,9,4,268,1.177172827172827,4713.4,12.2,2.25,29.77777777777778,,,False,Tuesday,19.0,11.0,November,4.0,2.25,39.55,63.73,Low,,0.0,8717.4
AUC-1916,Electronics 5949,General Items,General,Ras Al Khaimah,Auction,Closed,2025-10-25 17:00:00,2025-10-27 05:00:00,1.5,2025-11-08 12:00:00,7778.0,9963.45,8809.32,1.131,26,11,679,0.2809784006171253,2185.45,32.725,2.363636363636364,26.115384615384617,,,False,Saturday,17.0,10.0,October,4.0,2.363636363636364,10.29,46.17,Low,,0.0,9963.45
AUC-1917,Furniture 1926,General Items,General,Fujairah,Auction,Closed,2025-10-17 20:00:00,2025-10-18 18:00:00,0.917,2025-11-08 12:00:00,2544.0,5040.02,2789.76,1.8066,9,5,112,0.9811399371069184,2496.02,8.55,1.8,12.444444444444445,,,False,Friday,20.0,10.0,October,4.0,1.8,33.02,19.81,Low,,0.0,0.0
AUC-1918,Electronics 7283,General Items,General,Abu Dhabi,Auction,Closed,2025-10-18 23:00:00,2025-10-19 09:00:00,0.417,2025-11-08 12:00:00,13699.0,17885.93,14988.34,1.1933,33,12,394,0.3056376377837798,4186.93,29.35,2.75,11.93939393939394,,,False,Saturday,23.0,10.0,October,4.0,2.75,11.12,46.67,Mid,,0.0,17885.93
AUC-1919,Furniture 8396,General Items,General,Abu Dhabi,Auction,Closed,2025-09-10 04:00:00,2025-09-11 11:00:00,1.292,2025-11-08 12:00:00,5010.0,9134.01,5407.98,1.689,50,22,583,0.8231556886227546,4124.01,45.075,2.272727272727273,11.66,,,False,Wednesday,4.0,9.0,September,3.0,2.272727272727273,29.05,57.43,Low,,0.0,9134.01
AUC-1920,Furniture 1832,General Items,General,Sharjah,Auction,Closed,2025-10-24 18:00:00,2025-10-26 04:00:00,1.417,2025-11-08 12:00:00,10467.0,21047.05,11098.31,1.8964,13,7,239,1.0108006114454953,10580.05,14.225,1.8571428571428568,18.384615384615383,,,False,Friday,18.0,10.0,October,4.0,1.8571428571428568,34.16,60.5,Mid,,0.0,21047.05
AUC-1921,Furniture 5313,General Items,General,Dubai,Auction,Closed,2025-10-31 16:00:00,2025-11-03 15:00:00,2.958,2025-11-08 12:00:00,8035.0,14334.52,9349.24,1.5332,36,18,860,0.7840099564405726,6299.52,44.0,2.0,23.88888888888889,,,False,Friday,16.0,10.0,October,4.0,2.0,27.43,56.46,Low,,0.0,14334.52
AUC-1922,Other 6895,General Items,General,Umm Al Quwain,Auction,Closed,2025-10-14 18:00:00,2025-10-16 18:00:00,2.103,2025-11-08 12:00:00,2164.0,3760.19,2373.49,1.5842,108,34,2801,0.7376109057301294,1596.19,132.525,3.176470588235294,25.935185185185187,,,False,Tuesday,18.0,10.0,October,4.0,3.176470588235294,27.83,56.7,Low,,0.0,3760.19
AUC-1923,Collectibles 1559,General Items,General,Sharjah,BuyNow,Closed,2025-10-28 18:00:00,2025-10-30 00:00:00,1.25,2025-11-08 12:00:00,5835.0,11940.92,6809.86,1.7535,29,9,329,1.0464301628106256,6105.92,24.975,3.2222222222222223,11.344827586206897,,,False,Tuesday,18.0,10.0,October,4.0,3.2222222222222223,35.94,21.56,Low,,0.0,0.0
AUC-1924,Electronics 4503,General Items,General,Abu Dhabi,Auction,Closed,2025-10-29 19:00:00,2025-10-31 07:00:00,1.647,2025-11-08 12:00:00,10489.0,19897.02,11143.27,1.7856,92,30,935,0.8969415578224808,9408.02,76.875,3.066666666666667,10.16304347826087,,,False,Wednesday,19.0,10.0,October,4.0,3.066666666666667,33.14,59.88,Mid,,0.0,19897.02
AUC-1925,Other 3322,General Items,General,Abu Dhabi,BuyNow,Closed,2025-10-13 06:00:00,2025-10-13 16:00:00,0.417,2025-11-08 12:00:00,7353.0,11236.91,8449.09,1.33,36,11,384,0.5282075343397252,3883.91,30.35,3.272727272727273,10.666666666666666,,,False,Monday,6.0,10.0,October,4.0,3.272727272727273,18.89,51.33,Low,,0.0,11236.91
AUC-1926,Furniture 1353,General Items,General,Abu Dhabi,Auction,Closed,2025-10-18 12:00:00,2025-10-19 18:00:00,1.396,2025-11-08 12:00:00,15746.0,29819.07,18507.82,1.6112,71,21,1789,0.893755239425886,14073.07,85.475,3.380952380952381,25.197183098591548,,,False,Saturday,12.0,10.0,October,4.0,3.380952380952381,32.18,59.31,Mid,,0.0,29819.07
AUC-1927,Other 8235,General Items,General,Sharjah,Auction,Closed,2025-10-31 11:00:00,2025-11-02 06:00:00,1.792,2025-11-08 12:00:00,10907.0,12211.55,11591.69,1.0535,14,6,202,0.119606674612634,1304.55,13.55,2.333333333333333,14.428571428571429,,,False,Friday,11.0,10.0,October,4.0,2.333333333333333,4.43,42.66,Mid,,0.0,12211.55
AUC-1928,Tools 5001,General Items,General,Abu Dhabi,Auction,Closed,2025-10-01 20:00:00,2025-10-02 01:00:00,0.208,2025-11-08 12:00:00,15788.0,18306.12,18635.99,0.9823,14,10,160,0.1594958196098302,2518.12,13.5,1.4,11.428571428571429,,,False,Wednesday,20.0,10.0,October,4.0,1.4,5.88,43.53,Mid,,0.0,18306.12
AUC-1929,Collectibles 7764,General Items,General,Abu Dhabi,Auction,Closed,2025-10-05 02:00:00,2025-10-07 20:00:00,2.896,2025-11-08 12:00:00,9153.0,17242.02,9638.05,1.789,91,30,1011,0.8837561455260571,8089.02,78.275,3.033333333333333,11.10989010989011,,,False,Sunday,2.0,10.0,October,4.0,3.033333333333333,32.78,59.67,Low,,0.0,17242.02
AUC-1930,Electronics 6283,General Items,General,Fujairah,Auction,Closed,2025-11-01 05:00:00,2025-11-02 20:00:00,1.625,2025-11-08 12:00:00,5554.0,7919.83,6316.64,1.2538,56,21,586,0.4259686712279438,2365.83,47.9,2.6666666666666665,10.464285714285714,,,False,Saturday,5.0,11.0,November,4.0,2.6666666666666665,16.22,49.73,Low,,0.0,7919.83
AUC-1931,Other 8881,General Items,General,Fujairah,Auction,Closed,2025-09-14 09:00:00,2025-09-16 18:00:00,2.375,2025-11-08 12:00:00,12195.0,13874.54,14418.63,0.9623,42,20,463,0.1377236572365724,1679.54,37.575,2.1,11.023809523809524,,,False,Sunday,9.0,9.0,September,3.0,2.1,6.17,43.7,Mid,,0.0,13874.54
AUC-1932,Tools 9972,General Items,General,Sharjah,Auction,Closed,2025-10-20 06:00:00,2025-10-21 04:00:00,1.038,2025-11-08 12:00:00,19498.0,27536.13,22678.49,1.2142,62,18,697,0.4122540773412658,8038.13,52.925,3.4444444444444446,11.241935483870968,,,False,Monday,6.0,10.0,October,4.0,3.4444444444444446,15.99,9.59,Mid,,0.0,0.0
AUC-1933,Electronics 6418,General Items,General,Dubai,Auction,Closed,2025-09-08 06:00:00,2025-09-10 18:00:00,2.5,2025-11-08 12:00:00,18523.0,25315.07,21149.16,1.197,18,9,185,0.3666830427036657,6792.07,15.875,2.0,10.27777777777778,,,False,Monday,6.0,9.0,September,3.0,2.0,12.87,47.72,Mid,,0.0,25315.07
AUC-1934,Furniture 4169,General Items,General,Ajman,BuyNow,Closed,2025-09-11 11:00:00,2025-09-12 15:00:00,1.277,2025-11-08 12:00:00,16506.0,28290.56,17778.78,1.5913,105,32,1730,0.7139561371622442,11784.56,103.75,3.28125,16.476190476190474,,,False,Thursday,11.0,9.0,September,3.0,3.28125,26.8,56.08,Mid,,0.0,28290.56
AUC-1935,Tools 4805,General Items,General,Umm Al Quwain,BuyNow,Closed,2025-10-09 14:00:00,2025-10-12 09:00:00,2.792,2025-11-08 12:00:00,2109.0,2858.75,2529.85,1.13,36,14,363,0.3555002370791844,749.75,30.575,2.571428571428572,10.083333333333334,,,False,Thursday,14.0,10.0,October,4.0,2.571428571428572,13.04,47.82,Low,,0.0,2858.75
AUC-1936,Electronics 8427,General Items,General,Umm Al Quwain,Auction,Closed,2025-10-23 14:00:00,2025-10-25 05:00:00,1.625,2025-11-08 12:00:00,12545.8,13229.57,13694.93,0.966,1,1,17,0.0545019050200067,683.77,1.175,1.0,17.0,,,False,Thursday,14.0,10.0,October,4.0,1.0,1.86,41.12,Mid,,0.0,13229.57
AUC-1937,Electronics 4839,General Items,General,Umm Al Quwain,Auction,Closed,2025-09-16 07:00:00,2025-09-18 06:00:00,2.041,2025-11-08 12:00:00,16872.0,28691.27,18237.93,1.5732,99,31,1975,0.7005257230915126,11819.27,106.625,3.193548387096774,19.949494949494948,,,False,Tuesday,7.0,9.0,September,3.0,3.193548387096774,26.81,56.09,Mid,,0.0,28691.27
AUC-1938,Collectibles 5677,General Items,General,Abu Dhabi,BuyNow,Closed,2025-10-15 23:00:00,2025-10-16 16:00:00,0.708,2025-11-08 12:00:00,487.0,519.96,583.44,0.8912,6,2,79,0.0676796714579056,32.96,5.475,3.0,13.166666666666666,,,False,Wednesday,23.0,10.0,October,4.0,3.0,2.45,41.47,Low,,0.0,519.96
AUC-1939,Furniture 2745,General Items,General,Ajman,Auction,Closed,2025-10-25 22:00:00,2025-10-28 21:00:00,3.019,2025-11-08 12:00:00,4713.0,8305.59,5636.96,1.4734,83,31,927,0.7622724379376193,3592.59,72.425,2.677419354838709,11.16867469879518,,,False,Saturday,22.0,10.0,October,4.0,2.677419354838709,28.11,56.87,Low,,0.0,8305.59
AUC-1940,Other 9909,General Items,General,Ras Al Khaimah,Auction,Closed,2025-10-03 20:00:00,2025-10-04 13:00:00,0.708,2025-11-08 12:00:00,11305.0,23566.19,12702.26,1.8553,26,10,311,1.084581158779301,12261.19,23.275,2.6,11.961538461538462,,,False,Friday,20.0,10.0,October,4.0,2.6,37.14,62.28,Mid,,0.0,23566.19
AUC-1941,Furniture 6856,General Items,General,Ajman,Auction,Closed,2025-10-08 18:00:00,2025-10-09 00:00:00,0.25,2025-11-08 12:00:00,4177.0,7140.11,4575.95,1.5604,5,3,99,0.7093871199425424,2963.11,5.725,1.6666666666666667,19.8,,,False,Wednesday,18.0,10.0,October,4.0,1.6666666666666667,23.82,54.29,Low,,0.0,7140.11
AUC-1942,Furniture 3971,General Items,General,Ras Al Khaimah,Auction,Closed,2025-09-15 04:00:00,2025-09-16 13:00:00,1.375,2025-11-08 12:00:00,1248.0,2715.64,1469.89,1.8475,14,8,163,1.1759935897435896,1467.64,13.075,1.75,11.642857142857142,,,False,Monday,4.0,9.0,September,3.0,1.75,39.62,63.77,Low,,0.0,2715.64
AUC-1943,Electronics 6265,General Items,General,Ras Al Khaimah,Auction,Closed,2025-09-22 08:00:00,2025-09-24 20:00:00,2.5,2025-11-08 12:00:00,4262.0,7153.37,4755.21,1.5043,29,23,466,0.6784068512435476,2891.37,31.9,1.2608695652173914,16.06896551724138,,,False,Monday,8.0,9.0,September,3.0,1.2608695652173914,23.72,54.23,Low,,0.0,7153.37
AUC-1944,Tools 4609,General Items,General,Ajman,Auction,Closed,2025-09-12 19:00:00,2025-09-15 13:00:00,2.75,2025-11-08 12:00:00,13649.0,22450.26,15548.85,1.4439,30,19,804,0.644828192541578,8801.26,39.85,1.5789473684210529,26.8,,,False,Friday,19.0,9.0,September,3.0,1.5789473684210529,22.49,53.49,Mid,,0.0,22450.26
AUC-1945,Electronics 2393,General Items,General,Ras Al Khaimah,Auction,Closed,2025-09-21 15:00:00,2025-09-24 05:00:00,2.583,2025-11-08 12:00:00,3392.0,7303.83,3645.68,2.0034,12,6,214,1.1532517688679245,3911.83,12.85,2.0,17.833333333333332,,,False,Sunday,15.0,9.0,September,3.0,2.0,38.81,63.29,Low,,0.0,7303.83
AUC-1946,Other 8871,General Items,General,Abu Dhabi,Auction,Closed,2025-09-28 14:00:00,2025-09-30 07:00:00,1.708,2025-11-08 12:00:00,2009.0,3092.15,2157.5,1.4332,27,11,790,0.5391488302638129,1083.15,36.0,2.4545454545454546,29.25925925925926,,,False,Sunday,14.0,9.0,September,3.0,2.4545454545454546,18.89,51.33,Low,,0.0,3092.15
AUC-1947,Collectibles 8970,General Items,General,Abu Dhabi,Auction,Closed,2025-10-05 08:00:00,2025-10-08 02:00:00,2.75,2025-11-08 12:00:00,8541.0,13497.31,9018.07,1.4967,12,8,139,0.5802962182414236,4956.31,11.475,1.5,11.583333333333334,,,False,Sunday,8.0,10.0,October,4.0,1.5,19.82,51.89,Low,,0.0,13497.31
AUC-1948,Tools 8513,General Items,General,Sharjah,Auction,Closed,2025-09-07 10:00:00,2025-09-08 23:00:00,1.542,2025-11-08 12:00:00,14069.0,17390.0,15030.25,1.157,57,23,922,0.2360508920321273,3321.0,57.3,2.4782608695652173,16.17543859649123,,,False,Sunday,10.0,9.0,September,3.0,2.4782608695652173,9.61,45.77,Mid,,0.0,17390.0
AUC-1949,Electronics 4315,General Items,General,Dubai,Auction,Closed,2025-09-09 05:00:00,2025-09-10 17:00:00,1.5,2025-11-08 12:00:00,5674.0,9735.26,6720.06,1.4487,54,30,1231,0.7157666549171661,4061.26,65.275,1.8,22.796296296296298,,,False,Tuesday,5.0,9.0,September,3.0,1.8,25.61,55.37,Low,,0.0,9735.26
AUC-1950,Tools 3307,General Items,General,Fujairah,BuyNow,Closed,2025-09-17 16:00:00,2025-09-18 08:00:00,0.667,2025-11-08 12:00:00,19575.0,37115.95,20917.96,1.7744,16,9,444,0.896089399744572,17540.95,21.35,1.7777777777777777,27.75,,,False,Wednesday,16.0,9.0,September,3.0,1.7777777777777777,30.41,58.25,Mid,,0.0,37115.95
AUC-1951,Collectibles 1447,General Items,General,Dubai,BuyNow,Closed,2025-09-19 21:00:00,2025-09-22 06:00:00,2.508,2025-11-08 12:00:00,17894.0,20768.05,20293.04,1.0234,105,31,2046,0.1606152900413546,2874.05,111.4,3.3870967741935485,19.485714285714284,,,False,Friday,21.0,9.0,September,3.0,3.3870967741935485,8.91,45.35,Mid,,0.0,20768.05
AUC-1952,Furniture 7583,General Items,General,Fujairah,Auction,Closed,2025-10-03 00:00:00,2025-10-04 01:00:00,1.042,2025-11-08 12:00:00,15883.0,16773.88,17614.64,0.9523,49,14,1127,0.0560901592898067,890.88,56.175,3.5,23.0,,,False,Friday,0.0,10.0,October,4.0,3.5,3.37,42.02,Mid,,0.0,16773.88
AUC-1953,Other 3950,General Items,General,Ras Al Khaimah,Auction,Closed,2025-10-21 20:00:00,2025-10-22 13:00:00,0.708,2025-11-08 12:00:00,8076.0,11339.77,9650.83,1.175,9,3,216,0.4041319960376424,3263.77,10.65,3.0,24.0,,,False,Tuesday,20.0,10.0,October,4.0,3.0,13.75,8.25,Low,,0.0,0.0
AUC-1954,Tools 9029,General Items,General,Ras Al Khaimah,Auction,Closed,2025-09-14 18:00:00,2025-09-15 23:00:00,1.208,2025-11-08 12:00:00,19709.0,27272.71,20781.16,1.3124,15,11,319,0.3837693439545385,7563.71,18.225,1.3636363636363635,21.266666666666666,,,False,Sunday,18.0,9.0,September,3.0,1.3636363636363635,13.36,48.02,Mid,,0.0,27272.71
AUC-1955,Electronics 8827,General Items,General,Dubai,Auction,Closed,2025-11-05 11:00:00,2025-11-07 08:00:00,1.928,2025-11-08 12:00:00,13420.0,27063.34,15448.59,1.7518,86,30,1020,1.0166423248882266,13643.34,76.0,2.8666666666666667,11.86046511627907,,,False,Wednesday,11.0,11.0,November,4.0,2.8666666666666667,37.12,62.27,Mid,,0.0,27063.34
AUC-1956,Electronics 2153,General Items,General,Fujairah,Auction,Closed,2025-10-23 15:00:00,2025-10-24 13:00:00,0.917,2025-11-08 12:00:00,15702.0,28570.47,18713.62,1.5267,45,28,1170,0.8195433702713031,12868.47,58.75,1.6071428571428572,26.0,,,False,Thursday,15.0,10.0,October,4.0,1.6071428571428572,28.78,57.27,Mid,,0.0,28570.47
AUC-1957,Tools 9251,General Items,General,Fujairah,Auction,Closed,2025-10-13 07:00:00,2025-10-14 11:00:00,1.31,2025-11-08 12:00:00,9599.0,19835.81,11130.62,1.7821,63,25,1744,1.0664454630690698,10236.81,81.35,2.52,27.682539682539684,,,False,Monday,7.0,10.0,October,4.0,2.52,37.66,62.6,Low,,0.0,19835.81
AUC-1958,Electronics 2262,General Items,General,Sharjah,Auction,Closed,2025-10-01 12:00:00,2025-10-02 14:00:00,1.083,2025-11-08 12:00:00,516.0,1074.27,600.88,1.7878,46,14,467,1.0819186046511629,558.27,38.175,3.2857142857142856,10.152173913043478,,,False,Wednesday,12.0,10.0,October,4.0,3.2857142857142856,37.68,62.61,Low,,0.0,1074.27
AUC-1959,Other 5413,General Items,General,Sharjah,Auction,Closed,2025-10-03 06:00:00,2025-10-05 02:00:00,1.833,2025-11-08 12:00:00,20585.7,35039.4,24442.09,1.4336,56,27,938,0.7021233186143779,14453.7,58.2,2.074074074074074,16.75,,,False,Friday,6.0,10.0,October,4.0,2.074074074074074,25.09,55.05,Mid,,0.0,35039.4
AUC-1960,Furniture 5264,General Items,General,Abu Dhabi,BuyNow,Closed,2025-10-25 11:00:00,2025-10-27 15:00:00,2.246,2025-11-08 12:00:00,21593.94,44410.77,25327.5,1.7535,83,25,860,1.056631165966007,22816.83,69.25,3.32,10.36144578313253,,,False,Saturday,11.0,10.0,October,4.0,3.32,38.15,62.89,Mid,,0.0,44410.77
AUC-1961,Collectibles 9606,General Items,General,Fujairah,Auction,Closed,2025-10-29 13:00:00,2025-10-31 14:00:00,2.19,2025-11-08 12:00:00,6014.0,6687.37,7012.23,0.9537,76,27,1476,0.1119670768207515,673.37,81.65,2.814814814814815,19.42105263157895,,,False,Wednesday,13.0,10.0,October,4.0,2.814814814814815,6.06,43.64,Low,,0.0,6687.37
AUC-1962,Tools 6915,General Items,General,Ras Al Khaimah,Auction,Closed,2025-10-24 20:00:00,2025-10-25 09:00:00,0.542,2025-11-08 12:00:00,16521.0,23560.91,18800.94,1.2532,36,19,1014,0.4261188790024817,7039.91,48.1,1.894736842105263,28.166666666666668,,,False,Friday,20.0,10.0,October,4.0,1.894736842105263,15.26,49.16,Mid,,0.0,23560.91
AUC-1963,Tools 8876,General Items,General,Umm Al Quwain,Auction,Closed,2025-10-17 09:00:00,2025-10-18 12:00:00,1.125,2025-11-08 12:00:00,27675.35,39562.86,33146.11,1.1936,26,18,546,0.4295342244994192,11887.51,31.15,1.4444444444444444,21.0,,,False,Friday,9.0,10.0,October,4.0,1.4444444444444444,15.09,49.05,Mid,,0.0,39562.86
AUC-1964,Electronics 6361,General Items,General,Dubai,Auction,Closed,2025-11-05 08:00:00,2025-11-07 08:00:00,2.104,2025-11-08 12:00:00,19757.0,21573.56,23064.97,0.9353,101,33,1266,0.091945133370451,1816.56,90.4,3.060606060606061,12.534653465346535,,,False,Wednesday,8.0,11.0,November,4.0,3.060606060606061,5.78,43.47,Mid,,0.0,21573.56
AUC-1965,Tools 8426,General Items,General,Dubai,Auction,Closed,2025-09-25 23:00:00,2025-09-26 17:00:00,0.837,2025-11-08 12:00:00,19070.0,27771.96,22833.22,1.2163,74,33,753,0.4563167278447823,8701.96,64.075,2.242424242424242,10.175675675675675,,,False,Thursday,23.0,9.0,September,3.0,2.242424242424242,17.89,10.73,Mid,,0.0,0.0
AUC-1966,Furniture 8668,General Items,General,Ras Al Khaimah,Auction,Closed,2025-10-23 13:00:00,2025-10-23 21:00:00,0.333,2025-11-08 12:00:00,13316.61,18203.3,14389.95,1.265,26,19,327,0.3669620121036809,4886.69,25.925,1.368421052631579,12.576923076923077,,,False,Thursday,13.0,10.0,October,4.0,1.368421052631579,13.2,47.92,Mid,,0.0,18203.3
AUC-1967,Collectibles 8736,General Items,General,Dubai,Auction,Closed,2025-10-16 01:00:00,2025-10-17 02:00:00,1.042,2025-11-08 12:00:00,17362.0,36174.85,19569.02,1.8486,10,7,101,1.0835646814883078,18812.85,9.275,1.4285714285714286,10.1,,,False,Thursday,1.0,10.0,October,4.0,1.4285714285714286,36.5,61.9,Mid,,0.0,36174.85
AUC-1968,Electronics 4704,General Items,General,Abu Dhabi,Auction,Closed,2025-10-15 13:00:00,2025-10-17 15:00:00,2.083,2025-11-08 12:00:00,383.0,448.74,422.31,1.0626,48,14,1321,0.171644908616188,65.74,60.525,3.4285714285714284,27.52083333333333,,,False,Wednesday,13.0,10.0,October,4.0,3.4285714285714284,7.38,44.43,Low,,0.0,448.74
AUC-1969,Collectibles 4436,General Items,General,Ras Al Khaimah,Auction,Closed,2025-10-05 23:00:00,2025-10-08 00:00:00,2.042,2025-11-08 12:00:00,16628.0,28553.72,18145.64,1.5736,32,18,398,0.7172071205196056,11925.72,30.45,1.7777777777777777,12.4375,,,False,Sunday,23.0,10.0,October,4.0,1.7777777777777777,24.95,54.97,Mid,,0.0,28553.72
AUC-1970,Collectibles 9862,General Items,General,Abu Dhabi,Auction,Closed,2025-09-16 09:00:00,2025-09-16 21:00:00,0.557,2025-11-08 12:00:00,174.0,225.75,208.16,1.0845,82,24,935,0.2974137931034483,51.75,70.375,3.4166666666666665,11.402439024390244,,,False,Tuesday,9.0,9.0,September,3.0,3.4166666666666665,12.91,47.75,Low,,0.0,225.75
AUC-1971,Collectibles 7807,General Items,General,Umm Al Quwain,Auction,Closed,2025-10-28 06:00:00,2025-10-30 08:00:00,2.083,2025-11-08 12:00:00,4545.0,7988.81,5195.18,1.5377,30,11,327,0.7577139713971398,3443.81,25.925,2.727272727272727,10.9,,,False,Tuesday,6.0,10.0,October,4.0,2.727272727272727,26.35,55.81,Low,,0.0,7988.81
AUC-1972,Collectibles 9254,General Items,General,Ras Al Khaimah,Auction,Closed,2025-10-17 17:00:00,2025-10-18 10:00:00,0.708,2025-11-08 12:00:00,3476.0,5527.69,4046.2,1.3661,4,2,61,0.5902445339470654,2051.69,4.025,2.0,15.25,,,False,Friday,17.0,10.0,October,4.0,2.0,19.8,51.88,Low,,0.0,5527.69
AUC-1973,Other 6195,General Items,General,Sharjah,Auction,Closed,2025-09-24 19:00:00,2025-09-27 01:00:00,2.25,2025-11-08 12:00:00,2564.0,3446.52,2749.73,1.2534,58,28,1255,0.3441965678627145,882.52,67.375,2.071428571428572,21.63793103448276,,,False,Wednesday,19.0,9.0,September,3.0,2.071428571428572,13.58,48.15,Low,,0.0,3446.52
AUC-1974,Other 9360,General Items,General,Umm Al Quwain,Auction,Closed,2025-11-03 09:00:00,2025-11-05 03:00:00,1.881,2025-11-08 12:00:00,880.0,1485.15,963.11,1.542,99,33,1027,0.6876704545454546,605.15,83.425,3.0,10.373737373737374,,,False,Monday,9.0,11.0,November,4.0,3.0,26.45,55.87,Low,,0.0,1485.15
AUC-1975,Tools 7476,General Items,General,Ajman,Auction,Closed,2025-09-18 03:00:00,2025-09-18 15:00:00,0.5,2025-11-08 12:00:00,17093.0,22176.03,18109.46,1.2246,7,3,144,0.2973749488094541,5083.03,7.85,2.333333333333333,20.571428571428573,,,False,Thursday,3.0,9.0,September,3.0,2.333333333333333,10.14,46.08,Mid,,0.0,22176.03
AUC-1976,Tools 7682,General Items,General,Abu Dhabi,Auction,Closed,2025-09-09 11:00:00,2025-09-10 14:00:00,1.125,2025-11-08 12:00:00,6218.0,12413.19,7428.11,1.6711,15,11,423,0.996331617883564,6195.19,20.825,1.3636363636363635,28.2,,,False,Tuesday,11.0,9.0,September,3.0,1.3636363636363635,33.68,60.21,Low,,0.0,12413.19
AUC-1977,Tools 2599,General Items,General,Fujairah,Auction,Closed,2025-09-29 03:00:00,2025-10-01 14:00:00,2.458,2025-11-08 12:00:00,18536.0,25117.88,21424.65,1.1724,26,15,660,0.3550863185153216,6581.88,33.25,1.7333333333333334,25.384615384615383,,,False,Monday,3.0,9.0,September,3.0,1.7333333333333334,12.67,47.6,Mid,,0.0,25117.88
AUC-1978,Collectibles 6101,General Items,General,Umm Al Quwain,Auction,Closed,2025-09-09 12:00:00,2025-09-10 21:00:00,1.456,2025-11-08 12:00:00,16214.0,22016.99,17694.7,1.2443,83,26,988,0.3578999629949427,5802.99,72.7,3.1923076923076925,11.903614457831326,,,False,Tuesday,12.0,9.0,September,3.0,3.1923076923076925,15.02,9.01,Mid,,0.0,0.0
AUC-1979,Furniture 7581,General Items,General,Dubai,BuyNow,Closed,2025-10-11 11:00:00,2025-10-13 13:00:00,2.151,2025-11-08 12:00:00,19224.0,26654.84,20258.86,1.3157,76,27,2108,0.3865397419891802,7430.84,97.45,2.814814814814815,27.73684210526316,,,False,Saturday,11.0,10.0,October,4.0,2.814814814814815,15.52,49.31,Mid,,0.0,26654.84
AUC-1980,Collectibles 7848,General Items,General,Abu Dhabi,Auction,Closed,2025-10-12 03:00:00,2025-10-14 09:00:00,2.25,2025-11-08 12:00:00,3950.0,4896.13,4433.89,1.1043,28,12,548,0.239526582278481,946.13,30.7,2.333333333333333,19.571428571428573,,,False,Sunday,3.0,10.0,October,4.0,2.333333333333333,8.99,5.39,Low,,0.0,0.0
AUC-1981,Other 9617,General Items,General,Umm Al Quwain,BuyNow,Closed,2025-10-31 17:00:00,2025-10-31 23:00:00,0.25,2025-11-08 12:00:00,7780.0,14315.73,8259.29,1.7333,19,11,213,0.8400681233933162,6535.73,17.575,1.7272727272727273,11.210526315789474,,,False,Friday,17.0,10.0,October,4.0,1.7272727272727273,28.74,57.24,Low,,0.0,14315.73
AUC-1982,Tools 3942,General Items,General,Fujairah,Auction,Closed,2025-11-02 15:00:00,2025-11-05 10:00:00,2.792,2025-11-08 12:00:00,5482.0,11395.06,6479.39,1.7587,32,14,806,1.0786318861729296,5913.06,39.65,2.2857142857142856,25.1875,,,False,Sunday,15.0,11.0,November,4.0,2.2857142857142856,36.91,62.15,Low,,0.0,11395.06
AUC-1983,Other 3723,General Items,General,Ajman,Auction,Closed,2025-10-22 22:00:00,2025-10-24 00:00:00,1.083,2025-11-08 12:00:00,11191.0,14850.53,13401.53,1.1081,27,9,316,0.3270065230989188,3659.53,23.65,3.0,11.703703703703704,,,False,Wednesday,22.0,10.0,October,4.0,3.0,11.9,47.14,Mid,,0.0,14850.53
AUC-1984,Collectibles 9724,General Items,General,Fujairah,BuyNow,Closed,2025-10-07 15:00:00,2025-10-10 00:00:00,2.375,2025-11-08 12:00:00,14281.0,20884.78,16372.34,1.2756,21,15,467,0.4624171976752327,6603.78,25.925,1.4,22.23809523809524,,,False,Tuesday,15.0,10.0,October,4.0,1.4,16.16,49.7,Mid,,0.0,20884.78
AUC-1985,Tools 9874,General Items,General,Ajman,Auction,Closed,2025-10-06 02:00:00,2025-10-07 13:00:00,1.458,2025-11-08 12:00:00,3487.0,4247.25,4077.51,1.0416,31,9,686,0.2180240894751935,760.25,34.9,3.4444444444444446,22.12903225806452,,,False,Monday,2.0,10.0,October,4.0,3.4444444444444446,8.33,45.0,Low,,0.0,4247.25
AUC-1986,Electronics 2618,General Items,General,Fujairah,Auction,Closed,2025-10-23 06:00:00,2025-10-25 01:00:00,1.792,2025-11-08 12:00:00,1665.86,3274.45,1877.65,1.7439,10,3,131,0.9656213607385976,1608.59,9.025,3.333333333333333,13.1,,,False,Thursday,6.0,10.0,October,4.0,3.333333333333333,32.49,59.49,Low,,0.0,3274.45
AUC-1987,Corporate Surplus 4405,General Items,General,Dubai,BuyNow,Closed,2025-10-01 02:00:00,2025-10-02 06:00:00,1.167,2025-11-08 12:00:00,47318.0,90389.22,51693.56,1.7486,48,25,1217,0.91025022190287,43071.22,60.675,1.92,25.354166666666668,,,False,Wednesday,2.0,10.0,October,4.0,1.92,31.87,59.12,Mid,,0.0,90389.22
AUC-1988,Other 9531,General Items,General,Abu Dhabi,Auction,Closed,2025-10-25 21:00:00,2025-10-28 11:00:00,2.669,2025-11-08 12:00:00,24621.0,29834.62,26584.86,1.1222,86,27,1366,0.2117550058892814,5213.62,83.9,3.185185185185185,15.883720930232558,,,False,Saturday,21.0,10.0,October,4.0,3.185185185185185,9.67,45.8,Mid,,0.0,29834.62
AUC-1989,Government Surplus 2797,General Items,General,Ras Al Khaimah,Auction,Closed,2025-10-18 19:00:00,2025-10-19 06:00:00,0.458,2025-11-08 12:00:00,12292.0,18976.99,13872.03,1.368,28,10,744,0.543848844777091,6684.99,35.1,2.8,26.571428571428573,,,False,Saturday,19.0,10.0,October,4.0,2.8,18.99,51.39,Mid,,0.0,18976.99
AUC-1990,Other 8047,General Items,General,Fujairah,Auction,Closed,2025-10-24 14:00:00,2025-10-27 06:00:00,2.667,2025-11-08 12:00:00,39045.0,55837.97,41566.21,1.3434,38,14,1040,0.430092713535664,16792.97,48.5,2.7142857142857144,27.36842105263158,,,False,Friday,14.0,10.0,October,4.0,2.7142857142857144,15.38,49.23,Mid,,0.0,55837.97
AUC-1991,Government Surplus 2010,General Items,General,Umm Al Quwain,Auction,Closed,2025-09-25 23:00:00,2025-09-26 17:00:00,0.75,2025-11-08 12:00:00,41485.0,44015.48,49739.69,0.8849,21,14,506,0.0609974689646861,2530.48,26.65,1.5,24.09523809523809,,,False,Thursday,23.0,9.0,September,3.0,1.5,2.72,41.63,Mid,,0.0,44015.48
AUC-1992,Government Surplus 2604,General Items,General,Ras Al Khaimah,Auction,Closed,2025-10-05 19:00:00,2025-10-08 11:00:00,2.667,2025-11-08 12:00:00,49328.0,63143.42,58966.94,1.0708,3,1,64,0.2800725754135582,13815.42,3.35,3.0,21.33333333333333,,,False,Sunday,19.0,10.0,October,4.0,3.0,9.44,45.66,Mid,,0.0,63143.42
AUC-1993,Government Surplus 8063,General Items,General,Fujairah,Auction,Closed,2025-09-24 04:00:00,2025-09-24 09:00:00,0.208,2025-11-08 12:00:00,33071.0,55369.47,39652.03,1.3964,42,19,467,0.6742605303740438,22298.47,37.425,2.210526315789474,11.11904761904762,,,False,Wednesday,4.0,9.0,September,3.0,2.210526315789474,24.05,14.43,Mid,,0.0,0.0
AUC-1994,Corporate Surplus 6466,General Items,General,Fujairah,BuyNow,Closed,2025-11-03 19:00:00,2025-11-03 23:00:00,0.167,2025-11-08 12:00:00,11299.0,18475.87,12564.02,1.4705,49,16,1336,0.6351774493317992,7176.87,61.9,3.0625,27.26530612244898,,,False,Monday,19.0,11.0,November,4.0,3.0625,22.5,13.5,Mid,,0.0,0.0
AUC-1995,Corporate Surplus 5992,General Items,General,Abu Dhabi,Auction,Closed,2025-10-12 19:00:00,2025-10-13 05:00:00,0.417,2025-11-08 12:00:00,941.0,1413.99,1021.86,1.3837,60,32,1097,0.5026461211477152,472.99,65.425,1.875,18.28333333333333,,,False,Sunday,19.0,10.0,October,4.0,1.875,18.46,51.08,Low,,0.0,1413.99
AUC-1996,Other 8708,General Items,General,Umm Al Quwain,Auction,Closed,2025-09-08 17:00:00,2025-09-10 10:00:00,1.708,2025-11-08 12:00:00,5034.0,9464.35,5995.4,1.5786,25,13,710,0.8800854191497816,4430.35,33.5,1.9230769230769231,28.4,,,False,Monday,17.0,9.0,September,3.0,1.9230769230769231,30.2,58.12,Low,,0.0,9464.35
AUC-1997,Corporate Surplus 3763,General Items,General,Sharjah,Auction,Closed,2025-11-03 00:00:00,2025-11-03 22:00:00,1.062,2025-11-08 12:00:00,44044.0,48071.05,49217.47,0.9767,96,28,1115,0.0914324312051585,4027.05,82.875,3.4285714285714284,11.614583333333334,,,False,Monday,0.0,11.0,November,4.0,3.4285714285714284,6.31,43.79,Mid,,0.0,48071.05
AUC-1998,Corporate Surplus 5529,General Items,General,Ajman,Auction,Closed,2025-10-10 21:00:00,2025-10-12 17:00:00,1.833,2025-11-08 12:00:00,1360.0,2665.48,1455.32,1.8315,33,14,340,0.9599117647058824,1305.48,28.5,2.357142857142857,10.303030303030305,,,False,Friday,21.0,10.0,October,4.0,2.357142857142857,33.12,59.87,Low,,0.0,2665.48
AUC-1999,Government Surplus 6475,General Items,General,Abu Dhabi,BuyNow,Closed,2025-11-02 15:00:00,2025-11-05 02:00:00,2.458,2025-11-08 12:00:00,39518.0,71643.01,43087.68,1.6627,9,7,106,0.8129209474163671,32125.01,8.9,1.2857142857142858,11.77777777777778,,,False,Sunday,15.0,11.0,November,4.0,1.2857142857142858,27.47,16.48,Mid,,0.0,0.0
AUC-2000,Government Surplus 7658,General Items,General,Dubai,Auction,Closed,2025-10-30 07:00:00,2025-10-30 12:00:00,0.208,2025-11-08 12:00:00,49291.0,97287.7,58505.54,1.6629,37,12,435,0.9737416566918908,47996.7,32.375,3.083333333333333,11.756756756756756,,,False,Thursday,7.0,10.0,October,4.0,3.083333333333333,33.53,60.12,Mid,,0.0,97287.7
AUC-2001,Other 3988,General Items,General,Abu Dhabi,Auction,Closed,2025-10-09 04:00:00,2025-10-10 19:00:00,1.625,2025-11-08 12:00:00,46478.0,60501.97,53105.65,1.1393,53,31,549,0.3017335083265201,14023.97,47.975,1.7096774193548387,10.358490566037736,,,False,Thursday,4.0,10.0,October,4.0,1.7096774193548387,11.86,47.12,Mid,,0.0,60501.97
AUC-2002,Government Surplus 6702,General Items,General,Abu Dhabi,BuyNow,Closed,2025-10-26 10:00:00,2025-10-28 16:00:00,2.25,2025-11-08 12:00:00,5321.0,7728.28,5845.9,1.322,29,9,326,0.452411200902086,2407.28,24.9,3.2222222222222223,11.241379310344827,,,False,Sunday,10.0,10.0,October,4.0,3.2222222222222223,16.14,49.68,Low,,0.0,7728.28
AUC-2003,Other 5034,General Items,General,Ajman,BuyNow,Closed,2025-10-05 17:00:00,2025-10-07 01:00:00,1.481,2025-11-08 12:00:00,19200.0,31308.36,22139.77,1.4141,96,29,2457,0.6306437500000001,12108.36,116.675,3.310344827586207,25.59375,,,False,Sunday,17.0,10.0,October,4.0,3.310344827586207,24.2,14.52,Mid,,0.0,0.0
AUC-2004,Government Surplus 5877,General Items,General,Sharjah,BuyNow,Closed,2025-09-10 11:00:00,2025-09-13 05:00:00,2.75,2025-11-08 12:00:00,25030.0,44001.19,26358.26,1.6694,31,23,548,0.757938074310827,18971.19,34.95,1.3478260869565215,17.677419354838708,,,False,Wednesday,11.0,9.0,September,3.0,1.3478260869565215,26.39,55.83,Mid,,0.0,44001.19
AUC-2005,Government Surplus 8763,General Items,General,Sharjah,Auction,Closed,2025-10-23 17:00:00,2025-10-25 18:00:00,2.139,2025-11-08 12:00:00,47694.0,67242.81,54881.75,1.2252,66,26,752,0.4098798591017737,19548.81,58.3,2.5384615384615383,11.393939393939394,,,False,Thursday,17.0,10.0,October,4.0,2.5384615384615383,16.13,49.68,Mid,,0.0,67242.81
AUC-2006,Government Surplus 4542,General Items,General,Fujairah,Auction,Closed,2025-10-31 10:00:00,2025-10-31 16:00:00,0.331,2025-11-08 12:00:00,48473.0,89932.55,56543.46,1.5905,90,26,1514,0.8553122356775937,41459.55,89.35,3.4615384615384617,16.822222222222223,,,False,Friday,10.0,10.0,October,4.0,3.4615384615384617,31.21,58.73,Mid,,0.0,89932.55
AUC-2007,Government Surplus 7012,General Items,General,Sharjah,Auction,Closed,2025-09-16 21:00:00,2025-09-18 13:00:00,1.667,2025-11-08 12:00:00,47087.0,63849.62,55395.93,1.1526,60,18,672,0.3559925244759701,16762.62,51.3,3.333333333333333,11.2,,,False,Tuesday,21.0,9.0,September,3.0,3.333333333333333,13.55,48.13,Mid,,0.0,63849.62
AUC-2008,Other 9476,General Items,General,Fujairah,Auction,Closed,2025-10-09 16:00:00,2025-10-10 22:00:00,1.25,2025-11-08 12:00:00,20716.0,29952.12,22603.82,1.3251,51,21,1262,0.4458447576752268,9236.12,62.3,2.4285714285714284,24.745098039215687,,,False,Thursday,16.0,10.0,October,4.0,2.4285714285714284,16.32,9.79,Mid,,0.0,0.0
AUC-2009,Corporate Surplus 7860,General Items,General,Abu Dhabi,BuyNow,Closed,2025-09-15 21:00:00,2025-09-16 09:00:00,0.5,2025-11-08 12:00:00,45344.0,74529.35,49696.99,1.4997,8,3,83,0.6436430398729712,29185.35,6.825,2.6666666666666665,10.375,,,False,Monday,21.0,9.0,September,3.0,2.6666666666666665,21.74,53.04,Mid,,0.0,74529.35
AUC-2010,Corporate Surplus 9897,General Items,General,Abu Dhabi,Auction,Closed,2025-10-17 05:00:00,2025-10-20 01:00:00,2.937,2025-11-08 12:00:00,36729.0,77578.09,42449.22,1.8276,62,24,664,1.1121753927414304,40849.09,53.6,2.583333333333333,10.709677419354838,,,False,Friday,5.0,10.0,October,4.0,2.583333333333333,39.33,23.6,Mid,,0.0,0.0
AUC-2011,Corporate Surplus 6250,General Items,General,Sharjah,Auction,Closed,2025-09-30 01:00:00,2025-09-30 20:00:00,0.792,2025-11-08 12:00:00,24065.0,32620.42,25405.5,1.284,42,25,1063,0.355512985663827,8555.42,53.825,1.68,25.30952380952381,,,False,Tuesday,1.0,9.0,September,3.0,1.68,13.16,47.9,Mid,,0.0,32620.42
AUC-2012,Corporate Surplus 3537,General Items,General,Umm Al Quwain,BuyNow,Closed,2025-09-12 16:00:00,2025-09-13 01:00:00,0.375,2025-11-08 12:00:00,16482.0,29818.97,19008.85,1.5687,11,4,181,0.8091839582574931,13336.97,11.025,2.75,16.454545454545453,,,False,Friday,16.0,9.0,September,3.0,2.75,27.32,56.39,Mid,,0.0,29818.97
AUC-2013,Other 9921,General Items,General,Sharjah,BuyNow,Closed,2025-10-27 13:00:00,2025-10-28 08:00:00,0.792,2025-11-08 12:00:00,16798.0,34765.28,17980.82,1.9335,35,18,605,1.0696082867007977,17967.28,37.125,1.9444444444444444,17.285714285714285,,,False,Monday,13.0,10.0,October,4.0,1.9444444444444444,36.86,62.12,Mid,,0.0,34765.28
AUC-2014,Other 6800,General Items,General,Sharjah,Auction,Closed,2025-09-17 14:00:00,2025-09-20 01:00:00,2.458,2025-11-08 12:00:00,12820.0,16555.31,15035.42,1.1011,36,18,486,0.2913658346333854,3735.31,34.65,2.0,13.5,,,False,Wednesday,14.0,9.0,September,3.0,2.0,10.77,46.46,Mid,,0.0,16555.31
AUC-2015,Other 3172,General Items,General,Umm Al Quwain,BuyNow,Closed,2025-09-29 03:00:00,2025-09-30 23:00:00,1.833,2025-11-08 12:00:00,5921.0,12672.36,6223.79,2.0361,24,11,255,1.1402398243539944,6751.36,21.125,2.1818181818181817,10.625,,,False,Monday,3.0,9.0,September,3.0,2.1818181818181817,38.9,23.34,Low,,0.0,0.0
AUC-2016,Other 3854,General Items,General,Ajman,Auction,Closed,2025-09-17 20:00:00,2025-09-20 07:00:00,2.458,2025-11-08 12:00:00,34687.0,50226.09,37432.61,1.3418,9,3,175,0.4479802231383514,15539.09,9.625,3.0,19.444444444444443,,,False,Wednesday,20.0,9.0,September,3.0,3.0,15.21,49.13,Mid,,0.0,50226.09
AUC-2017,Other 3360,General Items,General,Sharjah,Auction,Closed,2025-10-26 08:00:00,2025-10-27 19:00:00,1.458,2025-11-08 12:00:00,38909.0,56856.94,42732.14,1.3305,2,1,22,0.461279909532499,17947.94,1.8,2.0,11.0,,,False,Sunday,8.0,10.0,October,4.0,2.0,15.45,49.27,Mid,,0.0,56856.94
AUC-2018,Corporate Surplus 8501,General Items,General,Ajman,Auction,Closed,2025-10-11 06:00:00,2025-10-11 17:00:00,0.458,2025-11-08 12:00:00,43834.0,79991.33,51202.4,1.5623,14,8,281,0.8248695076880961,36157.33,16.025,1.75,20.071428571428573,,,False,Saturday,6.0,10.0,October,4.0,1.75,28.01,56.81,Mid,,0.0,79991.33
AUC-2019,Other 1832,General Items,General,Umm Al Quwain,BuyNow,Closed,2025-10-30 00:00:00,2025-10-31 06:00:00,1.25,2025-11-08 12:00:00,23582.0,39976.14,25767.11,1.5514,10,8,214,0.6951971842931048,16394.14,12.35,1.25,21.4,,,False,Thursday,0.0,10.0,October,4.0,1.25,23.51,14.11,Mid,,0.0,0.0
AUC-2020,Government Surplus 7658,General Items,General,Fujairah,BuyNow,Closed,2025-09-09 23:00:00,2025-09-10 16:00:00,0.708,2025-11-08 12:00:00,37745.0,41983.45,45219.92,0.9284,12,8,223,0.1122916942641408,4238.45,13.575,1.5,18.58333333333333,,,False,Tuesday,23.0,9.0,September,3.0,1.5,4.19,2.51,Mid,,0.0,0.0
AUC-2021,Other 5985,General Items,General,Dubai,Auction,Closed,2025-11-02 00:00:00,2025-11-03 17:00:00,1.818,2025-11-08 12:00:00,38850.0,77385.19,45957.13,1.6839,72,21,787,0.9918967824967826,38535.19,60.925,3.4285714285714284,10.930555555555555,,,False,Sunday,0.0,11.0,November,4.0,3.4285714285714284,35.54,61.32,Mid,,0.0,77385.19
AUC-2022,Other 1661,General Items,General,Umm Al Quwain,Auction,Closed,2025-11-03 12:00:00,2025-11-04 10:00:00,0.917,2025-11-08 12:00:00,13418.0,27682.94,14975.19,1.8486,33,15,741,1.0631196899686988,14264.94,38.775,2.2,22.454545454545453,,,False,Monday,12.0,11.0,November,4.0,2.2,36.46,61.88,Mid,,0.0,27682.94
AUC-2023,Government Surplus 6519,General Items,General,Ajman,Auction,Closed,2025-09-12 12:00:00,2025-09-15 09:00:00,2.875,2025-11-08 12:00:00,3090.0,3398.2,3333.15,1.0195,7,4,189,0.0997411003236245,308.2,9.225,1.75,27.0,,,False,Friday,12.0,9.0,September,3.0,1.75,3.54,42.12,Low,,0.0,3398.2
AUC-2024,Other 7777,General Items,General,Abu Dhabi,Auction,Closed,2025-10-19 04:00:00,2025-10-20 09:00:00,1.208,2025-11-08 12:00:00,7178.0,9024.27,8518.39,1.0594,10,3,104,0.2572123154081918,1846.27,8.35,3.333333333333333,10.4,,,False,Sunday,4.0,10.0,October,4.0,3.333333333333333,8.93,45.36,Low,,0.0,9024.27
AUC-2025,Other 7532,General Items,General,Sharjah,BuyNow,Closed,2025-10-02 10:00:00,2025-10-03 11:00:00,1.042,2025-11-08 12:00:00,6566.0,8578.53,7722.49,1.1109,29,23,692,0.306507767286019,2012.53,37.55,1.2608695652173914,23.86206896551724,,,False,Thursday,10.0,10.0,October,4.0,1.2608695652173914,11.31,6.79,Low,,0.0,0.0
AUC-2026,Government Surplus 5756,General Items,General,Sharjah,Auction,Closed,2025-10-18 07:00:00,2025-10-21 05:00:00,3.017,2025-11-08 12:00:00,27506.0,49615.44,29754.72,1.6675,74,32,2062,0.8038042608885335,22109.44,96.55,2.3125,27.864864864864863,,,False,Saturday,7.0,10.0,October,4.0,2.3125,29.42,57.65,Mid,,0.0,49615.44
AUC-2027,Corporate Surplus 4018,General Items,General,Umm Al Quwain,Auction,Closed,2025-09-28 10:00:00,2025-09-30 01:00:00,1.695,2025-11-08 12:00:00,20207.0,41959.71,22794.05,1.8408,85,28,2544,1.0764937892809423,21752.71,113.1,3.0357142857142856,29.929411764705883,,,False,Sunday,10.0,9.0,September,3.0,3.0357142857142856,38.43,23.06,Mid,,0.0,0.0
AUC-2028,Other 2474,General Items,General,Abu Dhabi,Auction,Closed,2025-10-26 10:00:00,2025-10-27 01:00:00,0.71,2025-11-08 12:00:00,9973.0,16578.75,10952.1,1.5138,77,26,888,0.6623633811290485,6605.75,67.2,2.9615384615384617,11.532467532467532,,,False,Sunday,10.0,10.0,October,4.0,2.9615384615384617,24.74,54.84,Low,,0.0,16578.75
AUC-2029,Other 1110,General Items,General,Ajman,Auction,Closed,2025-10-09 16:00:00,2025-10-11 04:00:00,1.5,2025-11-08 12:00:00,26320.0,37300.73,28697.31,1.2998,18,11,491,0.4172009878419454,10980.73,24.025,1.6363636363636365,27.27777777777778,,,False,Thursday,16.0,10.0,October,4.0,1.6363636363636365,14.57,48.74,Mid,,0.0,37300.73
AUC-2030,Government Surplus 4235,General Items,General,Ras Al Khaimah,Auction,Closed,2025-10-05 08:00:00,2025-10-06 05:00:00,0.926,2025-11-08 12:00:00,47063.0,55395.94,52699.91,1.0512,68,24,1031,0.1770592609905871,8332.94,65.775,2.833333333333333,15.161764705882351,,,False,Sunday,8.0,10.0,October,4.0,2.833333333333333,7.97,44.78,Mid,,0.0,55395.94
AUC-2031,Corporate Surplus 6689,General Items,General,Umm Al Quwain,BuyNow,Closed,2025-10-15 14:00:00,2025-10-17 18:00:00,2.167,2025-11-08 12:00:00,40073.0,55952.67,47203.36,1.1854,8,3,171,0.3962685598782222,15879.67,9.025,2.6666666666666665,21.375,,,False,Wednesday,14.0,10.0,October,4.0,2.6666666666666665,13.45,48.07,Mid,,0.0,55952.67
AUC-2032,Other 1338,General Items,General,Dubai,Auction,Closed,2025-10-21 10:00:00,2025-10-23 05:00:00,1.792,2025-11-08 12:00:00,16607.0,21527.79,19173.08,1.1228,17,6,499,0.2963081832962004,4920.79,22.475,2.833333333333333,29.352941176470587,,,False,Tuesday,10.0,10.0,October,4.0,2.833333333333333,10.41,46.25,Mid,,0.0,21527.79
AUC-2033,Government Surplus 9987,General Items,General,Umm Al Quwain,Auction,Closed,2025-10-27 15:00:00,2025-10-29 20:00:00,2.208,2025-11-08 12:00:00,5029.0,8672.95,5711.06,1.5186,9,5,134,0.7245873931199047,3643.95,9.1,1.8,14.88888888888889,,,False,Monday,15.0,10.0,October,4.0,1.8,24.48,54.69,Low,,0.0,8672.95
AUC-2034,Government Surplus 6272,General Items,General,Dubai,Auction,Closed,2025-09-23 01:00:00,2025-09-25 20:00:00,2.792,2025-11-08 12:00:00,48480.0,56513.64,53328.11,1.0597,21,7,324,0.1657103960396039,8033.64,20.35,3.0,15.428571428571429,,,False,Tuesday,1.0,9.0,September,3.0,3.0,6.13,43.68,Mid,,0.0,56513.64
AUC-2035,Government Surplus 3650,General Items,General,Fujairah,BuyNow,Closed,2025-10-25 21:00:00,2025-10-28 02:00:00,2.208,2025-11-08 12:00:00,6472.0,12942.69,7609.09,1.701,32,13,348,0.999797589616811,6470.69,27.95,2.4615384615384617,10.875,,,False,Saturday,21.0,10.0,October,4.0,2.4615384615384617,34.51,20.71,Low,,0.0,0.0
AUC-2036,Government Surplus 9657,General Items,General,Dubai,BuyNow,Closed,2025-10-19 15:00:00,2025-10-20 18:00:00,1.125,2025-11-08 12:00:00,15619.0,27321.71,18046.34,1.514,6,2,100,0.749261156284013,11702.71,6.0,3.0,16.666666666666668,,,False,Sunday,15.0,10.0,October,4.0,3.0,25.15,55.09,Mid,,0.0,27321.71
AUC-2037,Corporate Surplus 2655,General Items,General,Dubai,BuyNow,Closed,2025-10-17 10:00:00,2025-10-18 03:00:00,0.846,2025-11-08 12:00:00,6091.0,8861.27,6398.18,1.385,94,28,992,0.4548136594976195,2770.27,78.8,3.357142857142857,10.5531914893617,,,False,Friday,10.0,10.0,October,4.0,3.357142857142857,18.5,11.1,Low,,0.0,0.0
AUC-2038,Corporate Surplus 9617,General Items,General,Ajman,Auction,Closed,2025-10-09 03:00:00,2025-10-10 18:00:00,1.675,2025-11-08 12:00:00,12083.0,22518.88,14206.45,1.5851,79,25,1633,0.8636828602168336,10435.88,86.575,3.16,20.670886075949365,,,False,Thursday,3.0,10.0,October,4.0,3.16,31.02,18.61,Mid,,0.0,0.0
AUC-2039,Corporate Surplus 3535,General Items,General,Ajman,BuyNow,Closed,2025-09-24 07:00:00,2025-09-25 17:00:00,1.522,2025-11-08 12:00:00,44839.0,50145.46,49400.17,1.0151,66,22,1958,0.118344744530431,5306.46,87.45,3.0,29.666666666666668,,,False,Wednesday,7.0,9.0,September,3.0,3.0,6.24,43.74,Mid,,0.0,50145.46
AUC-2040,Other 4417,General Items,General,Umm Al Quwain,Auction,Closed,2025-10-11 16:00:00,2025-10-12 17:00:00,1.042,2025-11-08 12:00:00,12571.0,19183.14,13209.54,1.4522,11,6,256,0.5259836130777185,6612.14,13.4,1.8333333333333333,23.272727272727277,,,False,Saturday,16.0,10.0,October,4.0,1.8333333333333333,17.91,50.75,Mid,,0.0,19183.14
AUC-2041,Corporate Surplus 4828,General Items,General,Dubai,Auction,Closed,2025-09-13 13:00:00,2025-09-16 00:00:00,2.458,2025-11-08 12:00:00,44794.0,62396.32,48021.83,1.2993,40,30,567,0.392961557351431,17602.32,41.675,1.3333333333333333,14.175,,,False,Saturday,13.0,9.0,September,3.0,1.3333333333333333,14.59,48.75,Mid,,0.0,62396.32
AUC-2042,Government Surplus 9952,General Items,General,Dubai,Auction,Closed,2025-09-24 22:00:00,2025-09-27 15:00:00,2.708,2025-11-08 12:00:00,47473.0,89043.68,50553.72,1.7614,3,1,35,0.875669959766604,41570.68,2.625,3.0,11.666666666666666,,,False,Wednesday,22.0,9.0,September,3.0,3.0,29.3,57.58,Mid,,0.0,89043.68
AUC-2043,Government Surplus 3257,General Items,General,Abu Dhabi,Auction,Closed,2025-09-17 01:00:00,2025-09-18 06:00:00,1.208,2025-11-08 12:00:00,33704.0,47143.08,35946.25,1.3115,43,34,469,0.3987384286731545,13439.08,41.725,1.2647058823529411,10.906976744186046,,,False,Wednesday,1.0,9.0,September,3.0,1.2647058823529411,14.62,48.77,Mid,,0.0,47143.08
AUC-2044,Government Surplus 9754,General Items,General,Dubai,BuyNow,Closed,2025-09-24 00:00:00,2025-09-26 02:00:00,2.135,2025-11-08 12:00:00,24185.0,29742.23,27950.79,1.0641,71,25,1103,0.22978002894356,5557.23,69.325,2.84,15.535211267605634,,,False,Wednesday,0.0,9.0,September,3.0,2.84,9.68,5.81,Mid,,0.0,0.0
AUC-2045,Government Surplus 4122,General Items,General,Ajman,BuyNow,Closed,2025-10-27 06:00:00,2025-10-30 04:00:00,2.917,2025-11-08 12:00:00,17712.0,30685.33,19121.01,1.6048,20,7,471,0.7324599141824752,12973.33,23.525,2.857142857142857,23.55,,,False,Monday,6.0,10.0,October,4.0,2.857142857142857,24.97,14.98,Mid,,0.0,0.0
AUC-2046,Government Surplus 3566,General Items,General,Abu Dhabi,Auction,Closed,2025-09-09 10:00:00,2025-09-09 14:00:00,0.167,2025-11-08 12:00:00,15420.0,23579.0,16356.5,1.4416,17,7,480,0.529118028534371,8159.0,22.25,2.4285714285714284,28.235294117647054,,,False,Tuesday,10.0,9.0,September,3.0,2.4285714285714284,18.2,50.92,Mid,,0.0,23579.0
AUC-2047,Government Surplus 6743,General Items,General,Dubai,Auction,Closed,2025-09-19 09:00:00,2025-09-20 13:00:00,1.167,2025-11-08 12:00:00,47854.0,105070.02,52588.79,1.998,38,24,389,1.195637146320057,57216.02,34.725,1.5833333333333333,10.236842105263158,,,False,Friday,9.0,9.0,September,3.0,1.5833333333333333,41.29,64.77,Mid,,0.0,105070.02
AUC-2048,Government Surplus 7243,General Items,General,Ajman,BuyNow,Closed,2025-10-01 12:00:00,2025-10-03 18:00:00,2.329,2025-11-08 12:00:00,42350.0,83239.53,46346.44,1.796,90,28,1801,0.9655142857142855,40889.53,97.025,3.2142857142857144,20.011111111111116,,,False,Wednesday,12.0,10.0,October,4.0,3.2142857142857144,34.62,20.77,Mid,,0.0,0.0
AUC-2049,Corporate Surplus 4104,General Items,General,Fujairah,BuyNow,Closed,2025-10-27 16:00:00,2025-10-29 05:00:00,1.542,2025-11-08 12:00:00,8985.0,19024.16,10308.77,1.8454,41,16,411,1.117324429604897,10039.16,34.775,2.5625,10.024390243902438,,,False,Monday,16.0,10.0,October,4.0,2.5625,38.71,23.23,Low,,0.0,0.0
AUC-2050,Corporate Surplus 2206,General Items,General,Umm Al Quwain,Auction,Closed,2025-10-25 05:00:00,2025-10-27 14:00:00,2.375,2025-11-08 12:00:00,28043.0,32970.86,33171.24,0.994,7,3,144,0.175725136397675,4927.86,7.85,2.333333333333333,20.571428571428573,,,False,Saturday,5.0,10.0,October,4.0,2.333333333333333,6.08,43.65,Mid,,0.0,32970.86
AUC-2051,Other 4564,General Items,General,Abu Dhabi,Auction,Closed,2025-09-30 02:00:00,2025-10-01 14:00:00,1.5,2025-11-08 12:00:00,34465.0,49130.63,36484.74,1.3466,43,17,493,0.4255224140432322,14665.63,38.075,2.5294117647058822,11.465116279069768,,,False,Tuesday,2.0,9.0,September,3.0,2.5294117647058822,15.79,49.47,Mid,,0.0,49130.63
AUC-2052,Other 5863,General Items,General,Ras Al Khaimah,Auction,Closed,2025-10-13 19:00:00,2025-10-14 03:00:00,0.333,2025-11-08 12:00:00,49089.0,85513.55,58003.87,1.4743,24,17,711,0.7420104300352421,36424.55,34.025,1.411764705882353,29.625,,,False,Monday,19.0,10.0,October,4.0,1.411764705882353,25.55,55.33,Mid,,0.0,85513.55
AUC-2053,Corporate Surplus 1360,General Items,General,Fujairah,BuyNow,Closed,2025-09-26 14:00:00,2025-09-27 23:00:00,1.375,2025-11-08 12:00:00,4466.0,9815.69,5017.37,1.9563,35,12,415,1.197870577698164,5349.69,30.875,2.9166666666666665,11.857142857142858,,,False,Friday,14.0,9.0,September,3.0,2.9166666666666665,41.24,24.74,Low,,0.0,0.0
AUC-2054,Government Surplus 1707,General Items,General,Ras Al Khaimah,Auction,Closed,2025-10-14 22:00:00,2025-10-16 05:00:00,1.292,2025-11-08 12:00:00,43554.0,53893.14,51781.98,1.0408,42,31,1066,0.2373866923818707,10339.14,55.4,1.3548387096774193,25.38095238095238,,,False,Tuesday,22.0,10.0,October,4.0,1.3548387096774193,9.42,45.65,Mid,,0.0,53893.14
AUC-2055,Corporate Surplus 9260,General Items,General,Abu Dhabi,Auction,Closed,2025-10-05 22:00:00,2025-10-08 11:00:00,2.542,2025-11-08 12:00:00,18862.0,25632.26,20210.88,1.2682,30,12,357,0.3589364860566217,6770.26,26.925,2.5,11.9,,,False,Sunday,22.0,10.0,October,4.0,2.5,13.1,47.86,Mid,,0.0,25632.26
AUC-2056,Government Surplus 1322,General Items,General,Fujairah,Auction,Closed,2025-10-26 21:00:00,2025-10-27 11:00:00,0.583,2025-11-08 12:00:00,12658.0,21573.11,13500.81,1.5979,14,9,306,0.7043063675146153,8915.11,16.9,1.5555555555555556,21.857142857142858,,,False,Sunday,21.0,10.0,October,4.0,1.5555555555555556,23.98,54.39,Mid,,0.0,21573.11
AUC-2057,Corporate Surplus 4661,General Items,General,Sharjah,Auction,Closed,2025-10-28 18:00:00,2025-10-29 08:00:00,0.583,2025-11-08 12:00:00,28625.0,37621.66,32696.71,1.1506,39,23,663,0.3142937991266377,8996.66,41.825,1.6956521739130437,17.0,,,False,Tuesday,18.0,10.0,October,4.0,1.6956521739130437,11.74,47.04,Mid,,0.0,37621.66
AUC-2058,Corporate Surplus 7874,General Items,General,Ras Al Khaimah,Auction,Closed,2025-11-02 22:00:00,2025-11-03 11:00:00,0.542,2025-11-08 12:00:00,28193.0,32456.18,30919.49,1.0497,38,22,389,0.151214131167311,4263.18,34.225,1.7272727272727273,10.236842105263158,,,False,Sunday,22.0,11.0,November,4.0,1.7272727272727273,6.46,43.88,Mid,,0.0,32456.18
AUC-2059,Corporate Surplus 3952,General Items,General,Dubai,BuyNow,Closed,2025-09-17 14:00:00,2025-09-19 08:00:00,1.75,2025-11-08 12:00:00,37585.0,66393.76,41865.97,1.5859,27,22,629,0.7664962085938538,28808.76,34.725,1.2272727272727273,23.296296296296298,,,False,Wednesday,14.0,9.0,September,3.0,1.2272727272727273,26.52,55.91,Mid,,0.0,66393.76
AUC-2060,Government Surplus 5452,General Items,General,Abu Dhabi,Auction,Closed,2025-10-02 11:00:00,2025-10-05 10:00:00,2.958,2025-11-08 12:00:00,34236.0,40954.86,38573.67,1.0617,59,18,1628,0.1962513144058885,6718.86,74.7,3.2777777777777777,27.59322033898305,,,False,Thursday,11.0,10.0,October,4.0,3.2777777777777777,8.3,44.98,Mid,,0.0,40954.86
AUC-2061,Other 1778,General Items,General,Fujairah,Auction,Closed,2025-09-10 09:00:00,2025-09-12 07:00:00,1.917,2025-11-08 12:00:00,21399.0,38080.43,22909.67,1.6622,34,11,699,0.7795425019860741,16681.43,37.225,3.090909090909091,20.558823529411764,,,False,Wednesday,9.0,9.0,September,3.0,3.090909090909091,27.07,56.24,Mid,,0.0,38080.43
AUC-2062,Other 8149,General Items,General,Umm Al Quwain,Auction,Closed,2025-09-21 10:00:00,2025-09-23 21:00:00,2.458,2025-11-08 12:00:00,37004.0,57579.09,39836.7,1.4454,11,9,119,0.5560234028753648,20575.09,10.725,1.2222222222222223,10.818181818181818,,,False,Sunday,10.0,9.0,September,3.0,1.2222222222222223,18.98,11.39,Mid,,0.0,0.0
AUC-2063,Other 6707,General Items,General,Sharjah,BuyNow,Closed,2025-09-19 08:00:00,2025-09-21 21:00:00,2.542,2025-11-08 12:00:00,33717.0,66344.66,37925.9,1.7493,7,5,90,0.967691668891064,32627.66,7.0,1.4,12.857142857142858,,,False,Friday,8.0,9.0,September,3.0,1.4,32.52,19.51,Mid,,0.0,0.0
AUC-2064,Corporate Surplus 8664,General Items,General,Dubai,Auction,Closed,2025-10-05 22:00:00,2025-10-07 18:00:00,1.833,2025-11-08 12:00:00,17802.0,24542.15,19680.69,1.247,21,7,516,0.3786175710594316,6740.15,25.15,3.0,24.571428571428573,,,False,Sunday,22.0,10.0,October,4.0,3.0,13.22,47.93,Mid,,0.0,24542.15
AUC-2065,Corporate Surplus 8773,General Items,General,Ajman,Auction,Closed,2025-09-18 06:00:00,2025-09-20 03:00:00,1.875,2025-11-08 12:00:00,25563.0,54874.6,28914.7,1.8978,24,20,253,1.1466416304815552,29311.6,23.325,1.2,10.541666666666666,,,False,Thursday,6.0,9.0,September,3.0,1.2,39.18,63.51,Mid,,0.0,54874.6
AUC-2066,Government Surplus 4156,General Items,General,Ajman,Auction,Closed,2025-09-10 17:00:00,2025-09-11 13:00:00,0.833,2025-11-08 12:00:00,6150.0,7133.78,7367.08,0.9683,32,14,652,0.1599642276422763,983.78,35.8,2.2857142857142856,20.375,,,False,Wednesday,17.0,9.0,September,3.0,2.2857142857142856,6.36,43.82,Low,,0.0,7133.78
AUC-2067,Other 1370,General Items,General,Sharjah,Auction,Closed,2025-09-21 17:00:00,2025-09-24 14:00:00,2.875,2025-11-08 12:00:00,47213.0,100941.09,54060.57,1.8672,38,26,955,1.137993561095461,53728.09,49.375,1.4615384615384617,25.13157894736842,,,False,Sunday,17.0,9.0,September,3.0,1.4615384615384617,39.09,63.45,Mid,,0.0,100941.09
AUC-2068,Corporate Surplus 4116,General Items,General,Sharjah,Auction,Closed,2025-10-29 15:00:00,2025-11-01 00:00:00,2.504,2025-11-08 12:00:00,44785.0,52516.72,53173.42,0.9876,72,28,1149,0.1726408395668192,7731.72,71.725,2.571428571428572,15.958333333333334,,,False,Wednesday,15.0,10.0,October,4.0,2.571428571428572,7.82,4.69,Mid,,0.0,0.0
AUC-2069,Government Surplus 2307,General Items,General,Dubai,Auction,Closed,2025-09-25 23:00:00,2025-09-28 14:00:00,2.767,2025-11-08 12:00:00,38819.0,63943.59,41106.98,1.5555,66,19,1254,0.6472240397743372,25124.59,69.1,3.473684210526316,19.0,,,False,Thursday,23.0,9.0,September,3.0,3.473684210526316,23.35,14.01,Mid,,0.0,0.0
AUC-2070,Government Surplus 5799,General Items,General,Fujairah,BuyNow,Closed,2025-10-27 19:00:00,2025-10-30 17:00:00,2.917,2025-11-08 12:00:00,36835.0,63620.88,41540.27,1.5315,6,4,92,0.7271855572146056,26785.88,6.3,1.5,15.333333333333334,,,False,Monday,19.0,10.0,October,4.0,1.5,24.46,54.68,Mid,,0.0,63620.88
AUC-2071,Other 2317,General Items,General,Umm Al Quwain,BuyNow,Closed,2025-11-02 01:00:00,2025-11-03 04:00:00,1.125,2025-11-08 12:00:00,1940.0,4118.94,2093.34,1.9676,3,1,36,1.123164948453608,2178.94,2.65,3.0,12.0,,,False,Sunday,1.0,11.0,November,4.0,3.0,37.53,22.52,Low,,0.0,0.0
AUC-2072,Corporate Surplus 9296,General Items,General,Umm Al Quwain,Auction,Closed,2025-09-26 17:00:00,2025-09-27 06:00:00,0.542,2025-11-08 12:00:00,28525.0,46636.06,30983.25,1.5052,26,8,365,0.6349188431200701,18111.06,24.125,3.25,14.038461538461538,,,False,Friday,17.0,9.0,September,3.0,3.25,21.88,53.13,Mid,,0.0,46636.06
AUC-2073,Corporate Surplus 6419,General Items,General,Sharjah,BuyNow,Closed,2025-09-15 00:00:00,2025-09-17 14:00:00,2.583,2025-11-08 12:00:00,18536.0,24313.57,19921.57,1.2205,35,10,358,0.3116945403539059,5777.57,28.95,3.5,10.228571428571428,,,False,Monday,0.0,9.0,September,3.0,3.5,11.45,6.87,Mid,,0.0,0.0
AUC-2074,Corporate Surplus 3277,General Items,General,Fujairah,Auction,Closed,2025-10-27 18:00:00,2025-10-29 06:00:00,1.5,2025-11-08 12:00:00,19560.0,38591.11,22210.23,1.7375,9,3,97,0.9729606339468304,19031.11,7.675,3.0,10.77777777777778,,,False,Monday,18.0,10.0,October,4.0,3.0,32.76,59.66,Mid,,0.0,38591.11
AUC-2075,Corporate Surplus 9290,General Items,General,Ajman,Auction,Closed,2025-10-30 22:00:00,2025-11-02 19:00:00,3.007,2025-11-08 12:00:00,27139.0,35214.13,30297.2,1.1623,86,27,2496,0.2975470724787206,8075.13,112.15,3.185185185185185,29.023255813953487,,,False,Thursday,22.0,10.0,October,4.0,3.185185185185185,12.79,47.67,Mid,,0.0,35214.13
AUC-2076,Corporate Surplus 7926,General Items,General,Abu Dhabi,BuyNow,Closed,2025-09-12 19:00:00,2025-09-14 22:00:00,2.125,2025-11-08 12:00:00,20445.0,29805.53,23254.94,1.2817,33,13,525,0.4578395695769136,9360.53,32.875,2.5384615384615383,15.909090909090908,,,False,Friday,19.0,9.0,September,3.0,2.5384615384615383,16.33,9.8,Mid,,0.0,0.0
AUC-2077,Government Surplus 4939,General Items,General,Dubai,Auction,Closed,2025-10-30 11:00:00,2025-10-31 08:00:00,1.025,2025-11-08 12:00:00,27763.0,53028.8,32445.45,1.6344,83,26,1217,0.9100529481684256,25265.8,78.425,3.1923076923076925,14.662650602409638,,,False,Thursday,11.0,10.0,October,4.0,3.1923076923076925,33.2,59.92,Mid,,0.0,53028.8
AUC-2078,Corporate Surplus 2318,General Items,General,Umm Al Quwain,Auction,Closed,2025-11-03 21:00:00,2025-11-05 01:00:00,1.167,2025-11-08 12:00:00,31762.0,58874.3,36802.86,1.5997,12,8,148,0.8536080851331781,27112.3,11.7,1.5,12.333333333333334,,,False,Monday,21.0,11.0,November,4.0,1.5,28.82,57.29,Mid,,0.0,58874.3
AUC-2079,Other 4093,General Items,General,Ras Al Khaimah,Auction,Closed,2025-09-23 12:00:00,2025-09-25 09:00:00,1.875,2025-11-08 12:00:00,35161.0,52195.58,41968.28,1.2437,3,1,33,0.484473706663633,17034.58,2.575,3.0,11.0,,,False,Tuesday,12.0,9.0,September,3.0,3.0,16.26,49.76,Mid,,0.0,52195.58
AUC-2080,Government Surplus 6255,General Items,General,Fujairah,Auction,Closed,2025-09-17 00:00:00,2025-09-18 06:00:00,1.25,2025-11-08 12:00:00,21508.0,38687.47,25357.23,1.5257,13,5,285,0.798747907755254,17179.47,14.875,2.6,21.923076923076923,,,False,Wednesday,0.0,9.0,September,3.0,2.6,27.0,56.2,Mid,,0.0,38687.47
AUC-2081,Other 7891,General Items,General,Ajman,BuyNow,Closed,2025-10-06 21:00:00,2025-10-07 20:00:00,0.958,2025-11-08 12:00:00,30044.0,55068.73,33771.47,1.6306,21,16,459,0.8329360271601652,25024.73,25.975,1.3125,21.857142857142858,,,False,Monday,21.0,10.0,October,4.0,1.3125,28.4,57.04,Mid,,0.0,55068.73
AUC-2082,Government Surplus 3357,General Items,General,Sharjah,Auction,Closed,2025-10-05 07:00:00,2025-10-06 01:00:00,0.75,2025-11-08 12:00:00,20497.0,41953.78,22757.15,1.8435,32,17,914,1.0468253890813288,21456.78,43.1,1.8823529411764703,28.5625,,,False,Sunday,7.0,10.0,October,4.0,1.8823529411764703,35.93,61.56,Mid,,0.0,41953.78
AUC-2083,Other 7682,General Items,General,Ras Al Khaimah,Auction,Closed,2025-10-16 02:00:00,2025-10-18 02:00:00,2.0,2025-11-08 12:00:00,28847.0,38543.01,34558.35,1.1153,25,15,687,0.3361184871910425,9696.01,33.425,1.6666666666666667,27.48,,,False,Thursday,2.0,10.0,October,4.0,1.6666666666666667,11.94,47.16,Mid,,0.0,38543.01
AUC-2084,Corporate Surplus 3545,General Items,General,Ajman,Auction,Closed,2025-10-23 23:00:00,2025-10-24 05:00:00,0.309,2025-11-08 12:00:00,10253.0,22114.48,10892.61,2.0302,70,33,1925,1.1568789622549498,11861.48,91.375,2.121212121212121,27.5,,,False,Thursday,23.0,10.0,October,4.0,2.121212121212121,40.63,64.38,Mid,,0.0,22114.48
AUC-2085,Corporate Surplus 3220,General Items,General,Dubai,BuyNow,Closed,2025-09-22 05:00:00,2025-09-22 15:00:00,0.417,2025-11-08 12:00:00,2979.0,3336.01,3216.89,1.037,38,23,574,0.1198422289358846,357.01,39.1,1.6521739130434785,15.105263157894736,,,False,Monday,5.0,9.0,September,3.0,1.6521739130434785,5.4,3.24,Low,,0.0,0.0
AUC-2086,Corporate Surplus 5022,General Items,General,Dubai,Auction,Closed,2025-09-17 23:00:00,2025-09-18 05:00:00,0.25,2025-11-08 12:00:00,18361.0,32207.54,19532.67,1.6489,46,25,464,0.754127770818583,13846.54,40.85,1.84,10.08695652173913,,,False,Wednesday,23.0,9.0,September,3.0,1.84,26.65,55.99,Mid,,0.0,32207.54
AUC-2087,Other 2447,General Items,General,Ras Al Khaimah,Auction,Closed,2025-10-17 06:00:00,2025-10-19 11:00:00,2.208,2025-11-08 12:00:00,45167.0,95146.61,49651.62,1.9163,9,5,126,1.106551464564837,49979.61,8.9,1.8,14.0,,,False,Friday,6.0,10.0,October,4.0,1.8,37.14,62.28,Mid,,0.0,95146.61
AUC-2088,Corporate Surplus 4641,General Items,General,Sharjah,Auction,Closed,2025-10-21 17:00:00,2025-10-21 22:00:00,0.208,2025-11-08 12:00:00,25756.0,51361.59,29969.49,1.7138,41,16,422,0.9941601956825592,25605.59,35.05,2.5625,10.292682926829269,,,False,Tuesday,17.0,10.0,October,4.0,2.5625,34.54,20.72,Mid,,0.0,0.0
AUC-2089,Other 4219,General Items,General,Umm Al Quwain,Auction,Closed,2025-10-20 11:00:00,2025-10-21 19:00:00,1.333,2025-11-08 12:00:00,28334.0,53253.29,33746.0,1.5781,33,22,418,0.8794836592080186,24919.29,32.45,1.5,12.666666666666666,,,False,Monday,11.0,10.0,October,4.0,1.5,30.54,58.32,Mid,,0.0,53253.29
AUC-2090,Other 3520,General Items,General,Ajman,Auction,Closed,2025-11-03 15:00:00,2025-11-04 03:00:00,0.5,2025-11-08 12:00:00,40306.0,59162.04,43813.03,1.3503,35,20,389,0.4678221604723863,18856.04,32.225,1.75,11.114285714285714,,,False,Monday,15.0,11.0,November,4.0,1.75,16.94,50.16,Mid,,0.0,59162.04
AUC-2091,Government Surplus 7979,General Items,General,Dubai,Auction,Closed,2025-10-20 06:00:00,2025-10-22 01:00:00,1.864,2025-11-08 12:00:00,26350.0,27754.14,29577.63,0.9383,64,33,930,0.0532880455407969,1404.14,63.5,1.9393939393939397,14.53125,,,False,Monday,6.0,10.0,October,4.0,1.93939393939394,3.68,42.21,Mid,,0.0,27754.14
AUC-2092,Government Surplus 3985,General Items,General,Ajman,Auction,Closed,2025-11-05 20:00:00,2025-11-06 02:00:00,0.25,2025-11-08 12:00:00,33534.0,71914.73,37849.16,1.9,38,17,407,1.1445318184529134,38380.73,33.425,2.235294117647059,10.710526315789474,,,False,Wednesday,20.0,11.0,November,4.0,2.235294117647059,39.56,23.74,Mid,,0.0,0.0
AUC-2093,Corporate Surplus 7254,General Items,General,Ajman,Auction,Closed,2025-09-20 11:00:00,2025-09-20 16:00:00,0.208,2025-11-08 12:00:00,12695.0,17351.29,13411.22,1.2938,17,13,227,0.3667814100039386,4656.29,17.425,1.3076923076923077,13.352941176470589,,,False,Saturday,11.0,9.0,September,3.0,1.3076923076923077,12.87,7.72,Mid,,0.0,0.0
AUC-2094,Government Surplus 7481,General Items,General,Ras Al Khaimah,BuyNow,Closed,2025-10-21 19:00:00,2025-10-23 02:00:00,1.345,2025-11-08 12:00:00,32662.0,53394.93,37296.72,1.4316,115,33,2312,0.6347722123568673,20732.93,123.55,3.484848484848485,20.10434782608696,,,False,Tuesday,19.0,10.0,October,4.0,3.484848484848485,24.89,54.93,Mid,,0.0,53394.93
AUC-2095,Corporate Surplus 6992,General Items,General,Fujairah,Auction,Closed,2025-09-24 22:00:00,2025-09-27 01:00:00,2.125,2025-11-08 12:00:00,37642.0,52879.16,40454.54,1.3071,23,12,662,0.4047914563519474,15237.16,31.05,1.9166666666666667,28.782608695652176,,,False,Wednesday,22.0,9.0,September,3.0,1.9166666666666667,14.21,48.53,Mid,,0.0,52879.16
AUC-2096,Corporate Surplus 3423,General Items,General,Ajman,Auction,Closed,2025-10-05 17:00:00,2025-10-06 04:00:00,0.458,2025-11-08 12:00:00,28748.0,31738.38,30516.32,1.04,37,20,406,0.1040204535967719,2990.38,33.65,1.85,10.972972972972974,,,False,Sunday,17.0,10.0,October,4.0,1.85,4.7,42.82,Mid,,0.0,31738.38
AUC-2097,Corporate Surplus 8464,General Items,General,Abu Dhabi,Auction,Closed,2025-09-16 08:00:00,2025-09-17 21:00:00,1.542,2025-11-08 12:00:00,49556.0,85206.03,54108.6,1.5747,2,1,32,0.7193887722980062,35650.03,2.05,2.0,16.0,,,False,Tuesday,8.0,9.0,September,3.0,2.0,24.04,54.42,Mid,,0.0,85206.03
AUC-2098,Government Surplus 3128,General Items,General,Sharjah,Auction,Closed,2025-09-08 07:00:00,2025-09-10 18:00:00,2.458,2025-11-08 12:00:00,13644.0,15526.95,15636.48,0.993,19,6,232,0.1380057167985928,1882.95,16.8,3.1666666666666665,12.210526315789474,,,False,Monday,7.0,9.0,September,3.0,3.1666666666666665,5.25,43.15,Mid,,0.0,15526.95
AUC-2099,Other 3493,General Items,General,Abu Dhabi,Auction,Closed,2025-10-14 07:00:00,2025-10-16 05:00:00,1.917,2025-11-08 12:00:00,23183.0,30050.05,27186.18,1.1053,5,2,80,0.296210585342708,6867.05,5.0,2.5,16.0,,,False,Tuesday,7.0,10.0,October,4.0,2.5,10.05,46.03,Mid,,0.0,30050.05
AUC-2100,Corporate Surplus 8874,General Items,General,Umm Al Quwain,Auction,Closed,2025-10-30 15:00:00,2025-11-01 22:00:00,2.292,2025-11-08 12:00:00,22960.0,26968.31,25884.28,1.0419,27,15,647,0.1745779616724739,4008.31,33.425,1.8,23.96296296296296,,,False,Thursday,15.0,10.0,October,4.0,1.8,6.64,43.98,Mid,,0.0,26968.31
AUC-2101,Other 4056,General Items,General,Ajman,Auction,Closed,2025-09-23 03:00:00,2025-09-24 04:00:00,1.19,2025-11-08 12:00:00,34773.0,68543.8,36752.53,1.865,80,32,1728,0.9711787881402238,33770.8,91.2,2.5,21.6,,,False,Tuesday,3.0,9.0,September,3.0,2.5,34.77,20.86,Mid,,0.0,0.0
AUC-2102,Government Surplus 7272,General Items,General,Dubai,Auction,Closed,2025-11-02 21:00:00,2025-11-05 17:00:00,2.833,2025-11-08 12:00:00,1673.0,1950.69,1759.01,1.109,7,3,78,0.1659832635983263,277.69,6.2,2.333333333333333,11.142857142857142,,,False,Sunday,21.0,11.0,November,4.0,2.333333333333333,5.79,43.47,Low,,0.0,1950.69
AUC-2103,Corporate Surplus 1381,General Items,General,Fujairah,Auction,Closed,2025-10-24 10:00:00,2025-10-24 23:00:00,0.681,2025-11-08 12:00:00,31328.0,43227.53,33111.43,1.3055,74,34,2120,0.3798368871297242,11899.53,98.5,2.176470588235294,28.64864864864865,,,False,Friday,10.0,10.0,October,4.0,2.176470588235294,15.09,49.05,Mid,,0.0,43227.53
AUC-2104,Government Surplus 6528,General Items,General,Ras Al Khaimah,Auction,Closed,2025-11-02 14:00:00,2025-11-04 11:00:00,1.987,2025-11-08 12:00:00,25845.0,50843.36,29401.78,1.7293,104,30,2589,0.9672416328109886,24998.36,124.225,3.466666666666667,24.89423076923077,,,False,Sunday,14.0,11.0,November,4.0,3.466666666666667,35.6,61.36,Mid,,0.0,50843.36
AUC-2105,Other 8817,General Items,General,Dubai,BuyNow,Closed,2025-09-13 11:00:00,2025-09-14 20:00:00,1.375,2025-11-08 12:00:00,7031.0,11691.87,7575.58,1.5434,3,1,35,0.6629028587683119,4660.87,2.625,3.0,11.666666666666666,,,False,Saturday,11.0,9.0,September,3.0,3.0,22.21,53.33,Low,,0.0,11691.87
AUC-2106,Corporate Surplus 7377,General Items,General,Abu Dhabi,Auction,Closed,2025-11-07 04:00:00,2025-11-07 10:00:00,0.25,2025-11-08 12:00:00,32444.0,54322.26,34845.98,1.5589,2,1,26,0.6743391690297128,21878.26,1.9,2.0,13.0,,,False,Friday,4.0,11.0,November,4.0,2.0,22.54,53.52,Mid,,0.0,54322.26
AUC-2107,Other 6241,General Items,General,Ajman,BuyNow,Closed,2025-10-06 00:00:00,2025-10-08 20:00:00,2.833,2025-11-08 12:00:00,340.0,545.78,388.15,1.4061,42,31,515,0.605235294117647,205.78,41.625,1.3548387096774193,12.261904761904765,,,False,Monday,0.0,10.0,October,4.0,1.3548387096774193,21.72,13.03,Low,,0.0,0.0
AUC-2108,Government Surplus 8640,General Items,General,Abu Dhabi,Auction,Closed,2025-10-10 13:00:00,2025-10-12 16:00:00,2.125,2025-11-08 12:00:00,34169.0,37246.62,37656.79,0.9891,50,20,628,0.0900705317685622,3077.62,45.7,2.5,12.56,,,False,Friday,13.0,10.0,October,4.0,2.5,4.78,42.87,Mid,,0.0,37246.62
AUC-2109,Corporate Surplus 3682,General Items,General,Dubai,Auction,Closed,2025-09-28 03:00:00,2025-09-28 22:00:00,0.792,2025-11-08 12:00:00,32225.0,35149.09,37021.51,0.9494,20,6,393,0.0907397982932504,2924.09,21.325,3.333333333333333,19.65,,,False,Sunday,3.0,9.0,September,3.0,3.333333333333333,3.62,42.17,Mid,,0.0,35149.09
AUC-2110,Government Surplus 4390,General Items,General,Abu Dhabi,Auction,Closed,2025-10-20 13:00:00,2025-10-20 20:00:00,0.398,2025-11-08 12:00:00,32572.0,59991.72,36389.73,1.6486,110,33,1897,0.8418187400221049,27419.72,110.675,3.333333333333333,17.245454545454546,,,False,Monday,13.0,10.0,October,4.0,3.333333333333333,31.33,58.8,Mid,,0.0,59991.72
AUC-2111,Corporate Surplus 1624,General Items,General,Umm Al Quwain,Auction,Closed,2025-09-14 10:00:00,2025-09-16 11:00:00,2.042,2025-11-08 12:00:00,17598.0,31967.5,20172.26,1.5847,34,20,376,0.8165416524605069,14369.5,31.4,1.7,11.058823529411764,,,False,Sunday,10.0,9.0,September,3.0,1.7,28.53,57.12,Mid,,0.0,31967.5
AUC-2112,Corporate Surplus 7284,General Items,General,Dubai,Auction,Closed,2025-09-21 22:00:00,2025-09-23 15:00:00,1.708,2025-11-08 12:00:00,18922.0,24569.79,22155.16,1.109,36,22,850,0.2984774336750872,5647.79,44.75,1.6363636363636365,23.61111111111111,,,False,Sunday,22.0,9.0,September,3.0,1.6363636363636365,11.03,6.62,Mid,,0.0,0.0
AUC-2113,Corporate Surplus 7509,General Items,General,Fujairah,Auction,Closed,2025-10-12 11:00:00,2025-10-12 18:00:00,0.292,2025-11-08 12:00:00,14057.0,25802.95,16012.33,1.6114,37,24,532,0.8355943657964005,11745.95,37.8,1.5416666666666667,14.37837837837838,,,False,Sunday,11.0,10.0,October,4.0,1.5416666666666667,29.0,17.4,Mid,,0.0,0.0
AUC-2114,Government Surplus 7761,General Items,General,Abu Dhabi,BuyNow,Closed,2025-10-14 09:00:00,2025-10-17 08:00:00,2.958,2025-11-08 12:00:00,49988.0,84494.76,54442.34,1.552,22,7,507,0.6903008722093301,34506.76,25.425,3.142857142857143,23.045454545454547,,,False,Tuesday,9.0,10.0,October,4.0,3.142857142857143,23.69,54.21,Mid,,0.0,84494.76
AUC-2115,Government Surplus 7737,General Items,General,Fujairah,Auction,Closed,2025-09-18 01:00:00,2025-09-20 05:00:00,2.167,2025-11-08 12:00:00,1550.0,2383.46,1665.46,1.4311,30,13,306,0.5377161290322581,833.46,25.9,2.3076923076923075,10.2,,,False,Thursday,1.0,9.0,September,3.0,2.3076923076923075,19.01,11.41,Low,,0.0,0.0
AUC-2116,Government Surplus 2146,General Items,General,Umm Al Quwain,BuyNow,Closed,2025-09-21 18:00:00,2025-09-23 05:00:00,1.458,2025-11-08 12:00:00,46834.0,77198.49,53205.76,1.4509,10,5,145,0.6483428705641202,30364.49,9.875,2.0,14.5,,,False,Sunday,18.0,9.0,September,3.0,2.0,21.94,53.16,Mid,,0.0,77198.49
AUC-2117,Other 6994,General Items,General,Umm Al Quwain,Auction,Closed,2025-10-14 00:00:00,2025-10-14 20:00:00,0.833,2025-11-08 12:00:00,12106.0,15734.69,13373.48,1.1766,35,18,749,0.2997431025937552,3628.69,40.725,1.9444444444444444,21.4,,,False,Tuesday,0.0,10.0,October,4.0,1.9444444444444444,11.08,46.65,Mid,,0.0,15734.69
AUC-2118,Corporate Surplus 7869,General Items,General,Abu Dhabi,Auction,Closed,2025-10-16 19:00:00,2025-10-17 17:00:00,1.035,2025-11-08 12:00:00,13158.0,16070.13,14741.82,1.0901,62,34,832,0.2213201094391244,2912.13,60.3,1.8235294117647056,13.419354838709678,,,False,Thursday,19.0,10.0,October,4.0,1.8235294117647056,9.42,45.65,Mid,,0.0,16070.13
AUC-2119,Government Surplus 2833,General Items,General,Abu Dhabi,Auction,Closed,2025-11-04 02:00:00,2025-11-05 12:00:00,1.552,2025-11-08 12:00:00,28303.0,42922.83,32838.05,1.3071,71,22,940,0.5165470091509734,14619.83,64.5,3.227272727272727,13.23943661971831,,,False,Tuesday,2.0,11.0,November,4.0,3.227272727272727,19.44,51.66,Mid,,0.0,42922.83
AUC-2120,Other 5287,General Items,General,Abu Dhabi,Auction,Closed,2025-11-02 23:00:00,2025-11-03 06:00:00,0.292,2025-11-08 12:00:00,7733.0,8401.57,9090.27,0.9242,51,24,1329,0.0864567438251648,668.57,64.725,2.125,26.058823529411764,,,False,Sunday,23.0,11.0,November,4.0,2.125,4.7,42.82,Low,,0.0,8401.57
AUC-2121,Government Surplus 9218,General Items,General,Fujairah,BuyNow,Closed,2025-11-02 22:00:00,2025-11-04 03:00:00,1.208,2025-11-08 12:00:00,25619.0,44892.81,28984.93,1.5488,12,7,130,0.752324837035013,19273.81,11.0,1.7142857142857142,10.833333333333334,,,False,Sunday,22.0,11.0,November,4.0,1.7142857142857142,25.54,15.32,Mid,,0.0,0.0
AUC-2122,Corporate Surplus 4732,General Items,General,Sharjah,BuyNow,Closed,2025-11-05 00:00:00,2025-11-05 18:00:00,0.75,2025-11-08 12:00:00,13168.0,28304.41,13898.77,2.0365,54,19,869,1.1494843560145809,15136.41,53.475,2.8421052631578947,16.09259259259259,,,False,Wednesday,0.0,11.0,November,4.0,2.8421052631578947,39.95,23.97,Mid,,0.0,0.0
AUC-2123,Other 7777,General Items,General,Ajman,BuyNow,Closed,2025-10-28 02:00:00,2025-10-28 13:00:00,0.566,2025-11-08 12:00:00,37565.0,48218.26,40608.75,1.1874,90,34,2328,0.2835953680287502,10653.26,111.7,2.647058823529412,25.866666666666667,,,False,Tuesday,2.0,10.0,October,4.0,2.647058823529412,12.58,47.55,Mid,,0.0,48218.26
AUC-2124,Other 5772,General Items,General,Ajman,BuyNow,Closed,2025-09-16 08:00:00,2025-09-16 20:00:00,0.5,2025-11-08 12:00:00,8349.0,11693.24,8954.8,1.3058,9,3,222,0.4005557551802611,3344.24,10.8,3.0,24.666666666666668,,,False,Tuesday,8.0,9.0,September,3.0,3.0,13.66,8.2,Low,,0.0,0.0
AUC-2125,Other 6919,General Items,General,Ras Al Khaimah,Auction,Closed,2025-09-19 15:00:00,2025-09-20 18:00:00,1.125,2025-11-08 12:00:00,10593.0,21973.89,11976.33,1.8348,22,7,313,1.0743783630699515,11380.89,20.575,3.142857142857143,14.227272727272728,,,False,Friday,15.0,9.0,September,3.0,3.142857142857143,36.58,61.95,Mid,,0.0,21973.89
AUC-2126,Corporate Surplus 6637,General Items,General,Abu Dhabi,Auction,Closed,2025-09-16 17:00:00,2025-09-17 23:00:00,1.25,2025-11-08 12:00:00,10369.0,14486.15,11424.38,1.268,36,25,1057,0.3970633619442569,4117.15,50.675,1.44,29.36111111111111,,,False,Tuesday,17.0,9.0,September,3.0,1.44,14.53,48.72,Mid,,0.0,14486.15
AUC-2127,Other 6857,General Items,General,Abu Dhabi,BuyNow,Closed,2025-09-29 22:00:00,2025-10-01 01:00:00,1.125,2025-11-08 12:00:00,20461.0,38924.14,21598.07,1.8022,1,1,23,0.902357656028542,18463.14,1.325,1.0,23.0,,,False,Monday,22.0,9.0,September,3.0,1.0,30.11,58.07,Mid,,0.0,38924.14
AUC-2128,Government Surplus 8013,General Items,General,Umm Al Quwain,Auction,Closed,2025-09-29 01:00:00,2025-10-01 03:00:00,2.083,2025-11-08 12:00:00,13407.0,22539.0,15382.61,1.4652,11,8,273,0.681136719624077,9132.0,14.325,1.375,24.818181818181817,,,False,Monday,1.0,9.0,September,3.0,1.375,23.11,53.87,Mid,,0.0,22539.0
AUC-2129,Other 9138,General Items,General,Dubai,BuyNow,Closed,2025-10-28 23:00:00,2025-10-30 14:00:00,1.762,2025-11-08 12:00:00,2091.0,3278.1,2276.69,1.4399,93,33,2606,0.5677187948350071,1187.1,119.9,2.8181818181818183,28.021505376344088,,,False,Tuesday,23.0,10.0,October,4.0,2.8181818181818183,22.04,53.22,Low,,0.0,3278.1
AUC-2130,Other 3660,General Items,General,Fujairah,Auction,Closed,2025-09-26 03:00:00,2025-09-26 20:00:00,0.708,2025-11-08 12:00:00,38883.0,73518.6,40941.71,1.7957,3,1,59,0.8907646014967983,34635.6,3.225,3.0,19.666666666666668,,,False,Friday,3.0,9.0,September,3.0,3.0,29.79,57.87,Mid,,0.0,73518.6
AUC-2131,Other 9353,General Items,General,Sharjah,Auction,Closed,2025-10-18 20:00:00,2025-10-21 18:00:00,2.917,2025-11-08 12:00:00,31317.0,44587.16,33363.37,1.3364,29,15,381,0.4237366286681356,13270.16,27.775,1.9333333333333331,13.137931034482758,,,False,Saturday,20.0,10.0,October,4.0,1.933333333333333,15.03,49.02,Mid,,0.0,44587.16
AUC-2132,Government Surplus 6650,General Items,General,Ajman,Auction,Closed,2025-10-05 06:00:00,2025-10-07 11:00:00,2.208,2025-11-08 12:00:00,29192.0,48253.73,31420.91,1.5357,36,12,1026,0.6529778706494931,19061.73,46.65,3.0,28.5,,,False,Sunday,6.0,10.0,October,4.0,3.0,22.76,53.66,Mid,,0.0,48253.73
AUC-2133,Government Surplus 6360,General Items,General,Fujairah,Auction,Closed,2025-09-09 02:00:00,2025-09-10 13:00:00,1.458,2025-11-08 12:00:00,31893.0,38401.18,34372.59,1.1172,40,14,862,0.204062960524253,6508.18,45.05,2.857142857142857,21.55,,,False,Tuesday,2.0,9.0,September,3.0,2.857142857142857,7.95,44.77,Mid,,0.0,38401.18
AUC-2134,Corporate Surplus 3949,General Items,General,Ajman,Auction,Closed,2025-09-15 18:00:00,2025-09-16 01:00:00,0.292,2025-11-08 12:00:00,21493.0,41218.82,25655.31,1.6066,31,9,857,0.9177788117061368,19725.82,39.175,3.4444444444444446,27.64516129032258,,,False,Monday,18.0,9.0,September,3.0,3.4444444444444446,31.48,58.89,Mid,,0.0,41218.82
AUC-2135,Corporate Surplus 4749,General Items,General,Umm Al Quwain,Auction,Closed,2025-10-22 18:00:00,2025-10-25 12:00:00,2.75,2025-11-08 12:00:00,44109.0,93065.68,50588.41,1.8397,23,10,311,1.1099022875150195,48956.68,21.775,2.3,13.521739130434783,,,False,Wednesday,18.0,10.0,October,4.0,2.3,37.67,62.6,Mid,,0.0,93065.68
AUC-2136,Corporate Surplus 6863,General Items,General,Fujairah,Auction,Closed,2025-09-21 09:00:00,2025-09-23 15:00:00,2.25,2025-11-08 12:00:00,11460.0,15259.31,12910.3,1.1819,41,26,605,0.3315279232111692,3799.31,42.125,1.5769230769230769,14.75609756097561,,,False,Sunday,9.0,9.0,September,3.0,1.5769230769230769,12.35,47.41,Mid,,0.0,15259.31
AUC-2137,Other 4273,General Items,General,Ras Al Khaimah,Auction,Closed,2025-10-30 09:00:00,2025-10-31 20:00:00,1.458,2025-11-08 12:00:00,36076.0,55741.21,39252.06,1.4201,3,1,81,0.5451050559929038,19665.21,3.775,3.0,27.0,,,False,Thursday,9.0,10.0,October,4.0,3.0,18.25,50.95,Mid,,0.0,55741.21
AUC-2138,Corporate Surplus 3585,General Items,General,Fujairah,Auction,Closed,2025-11-05 04:00:00,2025-11-05 18:00:00,0.583,2025-11-08 12:00:00,7208.0,7865.34,8136.23,0.9667,15,5,236,0.0911958934517203,657.34,14.65,3.0,15.733333333333333,,,False,Wednesday,4.0,11.0,November,4.0,3.0,3.48,2.09,Low,,0.0,0.0
AUC-2139,Government Surplus 8370,General Items,General,Dubai,Auction,Closed,2025-11-05 02:00:00,2025-11-05 13:00:00,0.458,2025-11-08 12:00:00,19466.0,29629.79,21460.43,1.3807,25,9,300,0.5221303811774376,10163.79,22.25,2.7777777777777777,12.0,,,False,Wednesday,2.0,11.0,November,4.0,2.7777777777777777,18.35,11.01,Mid,,0.0,0.0
AUC-2140,Corporate Surplus 4738,General Items,General,Ras Al Khaimah,Auction,Closed,2025-10-27 04:00:00,2025-10-28 03:00:00,1.069,2025-11-08 12:00:00,20969.0,22112.07,22495.58,0.983,92,29,2750,0.0545123754113214,1143.07,122.0,3.1724137931034484,29.89130434782609,,,False,Monday,4.0,10.0,October,4.0,3.1724137931034484,4.77,42.86,Mid,,0.0,22112.07
AUC-2141,Government Surplus 6800,General Items,General,Ajman,BuyNow,Closed,2025-09-25 21:00:00,2025-09-26 16:00:00,0.792,2025-11-08 12:00:00,17409.0,35239.15,20559.43,1.714,29,14,809,1.0241915101384342,17830.15,38.225,2.071428571428572,27.89655172413793,,,False,Thursday,21.0,9.0,September,3.0,2.071428571428572,35.06,21.04,Mid,,0.0,0.0
AUC-2142,Government Surplus 1280,General Items,General,Ajman,Auction,Closed,2025-10-15 19:00:00,2025-10-16 13:00:00,0.75,2025-11-08 12:00:00,7148.0,11623.33,8167.9,1.423,6,2,130,0.6260954113038613,4475.33,6.75,3.0,21.666666666666668,,,False,Wednesday,19.0,10.0,October,4.0,3.0,21.08,52.65,Low,,0.0,11623.33
AUC-2143,Government Surplus 1695,General Items,General,Fujairah,Auction,Closed,2025-11-05 18:00:00,2025-11-07 01:00:00,1.292,2025-11-08 12:00:00,7364.0,14377.32,8527.96,1.6859,33,18,884,0.9523791417707768,7013.32,43.1,1.8333333333333333,26.78787878787879,,,False,Wednesday,18.0,11.0,November,4.0,1.8333333333333333,32.85,19.71,Low,,0.0,0.0
AUC-2144,Other 8632,General Items,General,Fujairah,Auction,Closed,2025-09-08 23:00:00,2025-09-09 06:00:00,0.292,2025-11-08 12:00:00,16384.0,20394.05,17611.18,1.158,49,22,987,0.2447540283203124,4010.05,54.675,2.227272727272727,20.142857142857142,,,False,Monday,23.0,9.0,September,3.0,2.227272727272727,9.52,45.71,Mid,,0.0,20394.05
AUC-2145,Other 2279,General Items,General,Abu Dhabi,Auction,Closed,2025-10-05 00:00:00,2025-10-06 02:00:00,1.083,2025-11-08 12:00:00,30303.0,53361.85,33503.38,1.5927,28,16,305,0.7609428109428109,23058.85,25.625,1.75,10.892857142857142,,,False,Sunday,0.0,10.0,October,4.0,1.75,26.33,55.8,Mid,,0.0,53361.85
AUC-2146,Corporate Surplus 8161,General Items,General,Dubai,Auction,Closed,2025-10-12 03:00:00,2025-10-14 18:00:00,2.625,2025-11-08 12:00:00,10582.0,21512.99,11439.1,1.8807,6,4,106,1.0329795879795882,10930.99,6.65,1.5,17.666666666666668,,,False,Sunday,3.0,10.0,October,4.0,1.5,34.63,60.78,Mid,,0.0,21512.99
AUC-2147,Corporate Surplus 9100,General Items,General,Ajman,Auction,Closed,2025-10-04 05:00:00,2025-10-06 19:00:00,2.583,2025-11-08 12:00:00,37928.0,53723.18,40654.64,1.3215,38,30,669,0.4164516979540181,15795.18,43.225,1.2666666666666666,17.605263157894736,,,False,Saturday,5.0,10.0,October,4.0,1.2666666666666666,15.27,49.16,Mid,,0.0,53723.18
AUC-2148,Other 5332,General Items,General,Dubai,Auction,Closed,2025-10-06 09:00:00,2025-10-06 13:00:00,0.244,2025-11-08 12:00:00,46848.0,81943.73,50952.03,1.6083,82,30,1781,0.7491404115437158,35095.73,93.025,2.7333333333333334,21.71951219512195,,,False,Monday,9.0,10.0,October,4.0,2.7333333333333334,27.33,56.4,Mid,,0.0,81943.73
AUC-2149,Other 8959,General Items,General,Ajman,Auction,Closed,2025-10-07 15:00:00,2025-10-09 17:00:00,2.19,2025-11-08 12:00:00,1889.0,2473.9,2028.85,1.2194,100,31,1888,0.3096347273689783,584.9,104.95,3.225806451612903,18.88,,,False,Tuesday,15.0,10.0,October,4.0,3.225806451612903,13.49,48.09,Low,,0.0,2473.9
AUC-2150,Other 4844,General Items,General,Ajman,Auction,Closed,2025-09-28 18:00:00,2025-10-01 17:00:00,3.06,2025-11-08 12:00:00,10136.0,18567.77,10797.84,1.7196,63,33,1450,0.8318636543014997,8431.77,76.0,1.9090909090909087,23.015873015873016,,,False,Sunday,18.0,9.0,September,3.0,1.9090909090909087,29.64,57.78,Mid,,0.0,18567.77
AUC-2151,Corporate Surplus 9565,General Items,General,Umm Al Quwain,Auction,Closed,2025-09-13 12:00:00,2025-09-15 07:00:00,1.792,2025-11-08 12:00:00,39088.0,75798.08,41236.08,1.8381,24,11,485,0.9391649611133852,36710.08,26.875,2.1818181818181817,20.20833333333333,,,False,Saturday,12.0,9.0,September,3.0,2.1818181818181817,32.05,19.23,Mid,,0.0,0.0
AUC-2152,Other 3133,General Items,General,Abu Dhabi,Auction,Closed,2025-10-18 23:00:00,2025-10-20 05:00:00,1.25,2025-11-08 12:00:00,12154.0,20931.98,13195.53,1.5863,18,15,237,0.7222297186111568,8777.98,18.675,1.2,13.166666666666666,,,False,Saturday,23.0,10.0,October,4.0,1.2,24.76,54.86,Mid,,0.0,20931.98
AUC-2153,Corporate Surplus 4850,General Items,General,Dubai,Auction,Closed,2025-10-07 12:00:00,2025-10-09 01:00:00,1.638,2025-11-08 12:00:00,48383.0,101118.56,53903.62,1.8759,71,33,945,1.0899605233243082,52735.56,67.375,2.1515151515151514,13.309859154929578,,,False,Tuesday,12.0,10.0,October,4.0,2.1515151515151514,38.48,63.09,Mid,,0.0,101118.56
AUC-2154,Corporate Surplus 4499,General Items,General,Fujairah,Auction,Closed,2025-11-05 21:00:00,2025-11-06 15:00:00,0.75,2025-11-08 12:00:00,12393.0,15602.86,14206.98,1.0983,30,16,580,0.2590058904220125,3209.86,33.5,1.875,19.33333333333333,,,False,Wednesday,21.0,11.0,November,4.0,1.875,9.62,45.77,Mid,,0.0,15602.86
AUC-2155,Other 8055,General Items,General,Abu Dhabi,Auction,Closed,2025-09-15 15:00:00,2025-09-16 22:00:00,1.369,2025-11-08 12:00:00,32166.0,63341.43,35283.98,1.7952,76,30,950,0.969204439470248,31175.43,69.25,2.533333333333333,12.5,,,False,Monday,15.0,9.0,September,3.0,2.533333333333333,34.43,20.66,Mid,,0.0,0.0
AUC-2156,Corporate Surplus 1393,General Items,General,Ajman,Auction,Closed,2025-10-16 22:00:00,2025-10-19 17:00:00,2.876,2025-11-08 12:00:00,14049.0,30551.39,15390.79,1.985,76,23,2191,1.1746309345860917,16502.39,98.525,3.3043478260869565,28.82894736842105,,,False,Thursday,22.0,10.0,October,4.0,3.3043478260869565,41.73,65.04,Mid,,0.0,30551.39
AUC-2157,Corporate Surplus 8453,General Items,General,Abu Dhabi,Auction,Closed,2025-10-20 08:00:00,2025-10-22 05:00:00,1.984,2025-11-08 12:00:00,34746.0,46210.33,41286.14,1.1193,76,32,1257,0.3299467564611754,11464.33,77.425,2.375,16.539473684210527,,,False,Monday,8.0,10.0,October,4.0,2.375,13.52,48.11,Mid,,0.0,46210.33
AUC-2158,Government Surplus 1210,General Items,General,Sharjah,Auction,Closed,2025-09-07 05:00:00,2025-09-08 14:00:00,1.375,2025-11-08 12:00:00,45149.0,90059.37,51777.0,1.7394,3,1,31,0.9947146116193047,44910.37,2.525,3.0,10.333333333333334,,,False,Sunday,5.0,9.0,September,3.0,3.0,33.27,59.96,Mid,,0.0,90059.37
AUC-2159,Corporate Surplus 3840,General Items,General,Ras Al Khaimah,Auction,Closed,2025-10-02 20:00:00,2025-10-03 08:00:00,0.626,2025-11-08 12:00:00,16789.0,18842.68,20051.09,0.9397,71,25,1067,0.1223229495503008,2053.68,68.425,2.84,15.028169014084508,,,False,Thursday,20.0,10.0,October,4.0,2.84,6.39,43.83,Mid,,0.0,18842.68
AUC-2160,Corporate Surplus 6364,General Items,General,Sharjah,Auction,Closed,2025-10-27 20:00:00,2025-10-30 13:00:00,2.708,2025-11-08 12:00:00,42832.0,71349.44,49846.9,1.4314,43,28,514,0.6657975345536048,28517.44,41.35,1.5357142857142858,11.953488372093023,,,False,Monday,20.0,10.0,October,4.0,1.5357142857142858,23.92,54.35,Mid,,0.0,71349.44
AUC-2161,Corporate Surplus 2307,General Items,General,Fujairah,BuyNow,Closed,2025-10-22 05:00:00,2025-10-22 20:00:00,0.625,2025-11-08 12:00:00,31733.0,39480.46,37635.01,1.049,14,7,213,0.2441452116093656,7747.46,14.075,2.0,15.214285714285714,,,False,Wednesday,5.0,10.0,October,4.0,2.0,8.57,5.14,Mid,,0.0,0.0
AUC-2162,Corporate Surplus 5410,General Items,General,Ajman,Auction,Closed,2025-10-14 20:00:00,2025-10-17 01:00:00,2.208,2025-11-08 12:00:00,6791.0,13457.91,7779.47,1.7299,38,26,1010,0.9817272861139744,6666.91,50.75,1.4615384615384617,26.57894736842105,,,False,Tuesday,20.0,10.0,October,4.0,1.4615384615384617,34.15,60.49,Low,,0.0,13457.91
AUC-2163,Government Surplus 9972,General Items,General,Ras Al Khaimah,Auction,Closed,2025-09-07 22:00:00,2025-09-08 22:00:00,1.0,2025-11-08 12:00:00,8423.0,8993.76,9329.05,0.9641,15,7,190,0.0677620800189956,570.76,14.0,2.142857142857143,12.666666666666666,,,False,Sunday,22.0,9.0,September,3.0,2.142857142857143,2.74,41.64,Low,,0.0,8993.76
AUC-2164,Other 8408,General Items,General,Abu Dhabi,Auction,Closed,2025-10-12 05:00:00,2025-10-13 03:00:00,1.007,2025-11-08 12:00:00,21551.0,40786.72,23092.98,1.7662,100,31,2234,0.8925673982645818,19235.72,113.6,3.225806451612903,22.34,,,False,Sunday,5.0,10.0,October,4.0,3.225806451612903,32.81,59.69,Mid,,0.0,40786.72
AUC-2165,Corporate Surplus 1271,General Items,General,Abu Dhabi,BuyNow,Closed,2025-10-24 08:00:00,2025-10-24 23:00:00,0.758,2025-11-08 12:00:00,37392.0,67198.36,44344.05,1.5154,71,31,996,0.7971320068463843,29806.36,68.15,2.290322580645161,14.028169014084508,,,False,Friday,8.0,10.0,October,4.0,2.290322580645161,29.09,57.45,Mid,,0.0,67198.36
AUC-2166,Other 6325,General Items,General,Dubai,Auction,Closed,2025-10-03 05:00:00,2025-10-04 10:00:00,1.208,2025-11-08 12:00:00,3605.0,3902.66,4246.63,0.919,2,1,23,0.0825686546463245,297.66,1.825,2.0,11.5,,,False,Friday,5.0,10.0,October,4.0,2.0,2.83,1.7,Low,,0.0,0.0
AUC-2167,Government Surplus 6375,General Items,General,Sharjah,Auction,Closed,2025-10-11 19:00:00,2025-10-13 21:00:00,2.083,2025-11-08 12:00:00,20593.0,40610.28,21686.45,1.8726,30,18,429,0.9720429272082746,20017.28,30.225,1.6666666666666667,14.3,,,False,Saturday,19.0,10.0,October,4.0,1.6666666666666667,33.51,60.11,Mid,,0.0,40610.28
AUC-2168,Corporate Surplus 1613,General Items,General,Abu Dhabi,BuyNow,Closed,2025-11-02 05:00:00,2025-11-03 13:00:00,1.333,2025-11-08 12:00:00,11169.0,15333.98,11773.34,1.3024,27,14,623,0.3729053630584653,4164.98,32.575,1.9285714285714288,23.074074074074076,,,False,Sunday,5.0,11.0,November,4.0,1.9285714285714288,13.29,47.97,Mid,,0.0,15333.98
AUC-2169,Corporate Surplus 6851,General Items,General,Fujairah,Auction,Closed,2025-09-16 16:00:00,2025-09-16 21:00:00,0.341,2025-11-08 12:00:00,6460.0,13816.65,7032.57,1.9647,104,31,1106,1.1388003095975232,7356.65,87.4,3.3548387096774195,10.634615384615383,,,False,Tuesday,16.0,9.0,September,3.0,3.3548387096774195,41.28,64.77,Low,,0.0,13816.65
AUC-2170,Other 5688,General Items,General,Dubai,Auction,Closed,2025-11-06 03:00:00,2025-11-07 00:00:00,0.875,2025-11-08 12:00:00,41232.0,55391.48,43328.25,1.2784,21,11,565,0.3434099728366318,14159.48,27.375,1.9090909090909087,26.904761904761905,,,False,Thursday,3.0,11.0,November,4.0,1.9090909090909087,12.09,47.25,Mid,,0.0,55391.48
AUC-2171,Government Surplus 7135,General Items,General,Dubai,Auction,Closed,2025-09-14 22:00:00,2025-09-15 12:00:00,0.638,2025-11-08 12:00:00,15232.0,33043.94,16218.34,2.0374,72,25,1348,1.1693763130252102,17811.94,75.95,2.88,18.72222222222222,,,False,Sunday,22.0,9.0,September,3.0,2.88,41.39,64.83,Mid,,0.0,33043.94
AUC-2172,Other 3677,General Items,General,Umm Al Quwain,Auction,Closed,2025-09-19 09:00:00,2025-09-20 16:00:00,1.292,2025-11-08 12:00:00,33773.0,41702.7,38650.64,1.079,5,4,51,0.234794066265952,7929.7,4.775,1.25,10.2,,,False,Friday,9.0,9.0,September,3.0,1.25,8.0,4.8,Mid,,0.0,0.0
AUC-2173,Corporate Surplus 3300,General Items,General,Fujairah,Auction,Closed,2025-10-31 14:00:00,2025-11-03 07:00:00,2.708,2025-11-08 12:00:00,4479.0,6960.66,5093.42,1.3666,12,8,224,0.554065639651708,2481.66,13.6,1.5,18.666666666666668,,,False,Friday,14.0,10.0,October,4.0,1.5,18.85,51.31,Low,,0.0,6960.66
AUC-2174,Corporate Surplus 7622,General Items,General,Abu Dhabi,Auction,Closed,2025-09-21 18:00:00,2025-09-24 15:00:00,2.948,2025-11-08 12:00:00,1070.0,2211.7,1186.39,1.8642,65,34,689,1.0670093457943923,1141.7,58.225,1.911764705882353,10.6,,,False,Sunday,18.0,9.0,September,3.0,1.911764705882353,37.41,62.45,Low,,0.0,2211.7
AUC-2175,Corporate Surplus 7493,General Items,General,Umm Al Quwain,Auction,Closed,2025-09-19 01:00:00,2025-09-22 00:00:00,2.958,2025-11-08 12:00:00,39426.0,75657.75,46944.15,1.6117,46,14,521,0.9189811292040784,36231.75,39.525,3.2857142857142856,11.326086956521738,,,False,Friday,1.0,9.0,September,3.0,3.2857142857142856,32.31,59.39,Mid,,0.0,75657.75
AUC-2176,Government Surplus 2455,General Items,General,Umm Al Quwain,Auction,Closed,2025-10-01 13:00:00,2025-10-02 00:00:00,0.458,2025-11-08 12:00:00,45319.0,48462.92,51858.37,0.9345,46,27,827,0.0693731106158564,3143.92,50.425,1.7037037037037035,17.97826086956522,,,False,Wednesday,13.0,10.0,October,4.0,1.7037037037037035,3.67,42.2,Mid,,0.0,48462.92
AUC-2177,Corporate Surplus 2947,General Items,General,Dubai,Auction,Closed,2025-10-02 05:00:00,2025-10-03 18:00:00,1.596,2025-11-08 12:00:00,48813.0,86029.62,55707.19,1.5443,95,33,2227,0.7624325487062872,37216.62,111.425,2.878787878787879,23.44210526315789,,,False,Thursday,5.0,10.0,October,4.0,2.878787878787879,28.3,56.98,Mid,,0.0,86029.62
AUC-2178,Government Surplus 6276,General Items,General,Ajman,BuyNow,Closed,2025-11-05 00:00:00,2025-11-05 07:00:00,0.292,2025-11-08 12:00:00,5658.0,11864.36,6193.09,1.9157,52,33,551,1.0969176387416049,6206.36,48.025,1.5757575757575757,10.596153846153848,,,False,Wednesday,0.0,11.0,November,4.0,1.5757575757575757,38.18,22.91,Low,,0.0,0.0
AUC-2179,Corporate Surplus 8460,General Items,General,Sharjah,Auction,Closed,2025-11-02 04:00:00,2025-11-03 17:00:00,1.542,2025-11-08 12:00:00,5994.0,12740.87,6683.68,1.9063,3,1,69,1.125603937270604,6746.87,3.475,3.0,23.0,,,False,Sunday,4.0,11.0,November,4.0,3.0,37.62,62.57,Low,,0.0,12740.87
AUC-2180,Corporate Surplus 2815,General Items,General,Sharjah,Auction,Closed,2025-09-23 16:00:00,2025-09-25 11:00:00,1.792,2025-11-08 12:00:00,40188.0,80450.94,45136.69,1.7824,20,8,522,1.0018647357420123,40262.94,25.05,2.5,26.1,,,False,Tuesday,16.0,9.0,September,3.0,2.5,33.98,60.39,Mid,,0.0,80450.94
AUC-2181,Corporate Surplus 2971,General Items,General,Fujairah,Auction,Closed,2025-10-29 22:00:00,2025-11-01 06:00:00,2.385,2025-11-08 12:00:00,15290.0,27136.95,16541.59,1.6405,66,25,1956,0.7748168737737083,11846.95,88.15,2.64,29.63636363636364,,,False,Wednesday,22.0,10.0,October,4.0,2.64,28.14,56.88,Mid,,0.0,27136.95
AUC-2182,Government Surplus 8269,General Items,General,Sharjah,Auction,Closed,2025-10-22 22:00:00,2025-10-24 00:00:00,1.083,2025-11-08 12:00:00,48910.0,85259.1,58206.45,1.4648,59,32,1216,0.7431833980781027,36349.1,67.9,1.84375,20.610169491525426,,,False,Wednesday,22.0,10.0,October,4.0,1.84375,26.59,55.95,Mid,,0.0,85259.1
AUC-2183,Government Surplus 7269,General Items,General,Ras Al Khaimah,Auction,Closed,2025-10-08 22:00:00,2025-10-09 04:00:00,0.25,2025-11-08 12:00:00,5204.0,11305.51,5623.86,2.0103,53,34,949,1.1724654112221369,6101.51,58.725,1.5588235294117647,17.90566037735849,,,False,Wednesday,22.0,10.0,October,4.0,1.5588235294117647,40.73,64.44,Low,,0.0,11305.51
AUC-2184,Government Surplus 9119,General Items,General,Fujairah,Auction,Closed,2025-10-27 11:00:00,2025-10-28 21:00:00,1.523,2025-11-08 12:00:00,28675.0,30146.37,31543.61,0.9557,81,25,834,0.0513119442022667,1471.37,67.6,3.24,10.296296296296296,,,False,Monday,11.0,10.0,October,4.0,3.24,4.04,42.42,Mid,,0.0,30146.37
AUC-2185,Government Surplus 8049,General Items,General,Sharjah,Auction,Closed,2025-09-19 12:00:00,2025-09-20 21:00:00,1.375,2025-11-08 12:00:00,15543.0,33779.76,18390.76,1.8368,10,4,206,1.1733101717815095,18236.76,11.15,2.5,20.6,,,False,Friday,12.0,9.0,September,3.0,2.5,39.42,63.65,Mid,,0.0,33779.76
AUC-2186,Corporate Surplus 9578,General Items,General,Fujairah,BuyNow,Closed,2025-09-17 17:00:00,2025-09-19 15:00:00,1.917,2025-11-08 12:00:00,2004.0,3097.33,2355.01,1.3152,44,26,1317,0.5455738522954091,1093.33,61.425,1.6923076923076923,29.931818181818183,,,False,Wednesday,17.0,9.0,September,3.0,1.6923076923076923,19.76,11.86,Low,,0.0,0.0
AUC-2187,Government Surplus 2700,General Items,General,Abu Dhabi,BuyNow,Closed,2025-09-17 11:00:00,2025-09-17 21:00:00,0.417,2025-11-08 12:00:00,20816.0,38915.59,24291.35,1.602,22,10,222,0.8695037471176017,18099.59,19.05,2.2,10.090909090909092,,,False,Wednesday,11.0,9.0,September,3.0,2.2,29.64,17.78,Mid,,0.0,0.0
AUC-2188,Other 3447,General Items,General,Sharjah,Auction,Closed,2025-11-03 07:00:00,2025-11-05 04:00:00,1.875,2025-11-08 12:00:00,48286.0,67469.28,52405.69,1.2874,38,28,776,0.3972845131093898,19183.28,45.4,1.3571428571428572,20.42105263157895,,,False,Monday,7.0,11.0,November,4.0,1.3571428571428572,14.67,48.8,Mid,,0.0,67469.28
AUC-2189,Government Surplus 3141,General Items,General,Fujairah,Auction,Closed,2025-10-11 12:00:00,2025-10-12 19:00:00,1.292,2025-11-08 12:00:00,30298.0,35296.4,36161.64,0.9761,44,19,1045,0.1649745857812397,4998.4,52.875,2.3157894736842106,23.75,,,False,Saturday,12.0,10.0,October,4.0,2.3157894736842106,6.91,44.15,Mid,,0.0,35296.4
AUC-2190,Government Surplus 1498,General Items,General,Ras Al Khaimah,Auction,Closed,2025-09-15 15:00:00,2025-09-17 21:00:00,2.25,2025-11-08 12:00:00,5645.0,9065.21,6483.92,1.3981,15,7,392,0.605883082373782,3420.21,19.05,2.142857142857143,26.133333333333333,,,False,Monday,15.0,9.0,September,3.0,2.142857142857143,20.65,52.39,Low,,0.0,9065.21
AUC-2191,Other 8011,General Items,General,Fujairah,Auction,Closed,2025-10-13 20:00:00,2025-10-16 18:00:00,2.917,2025-11-08 12:00:00,41402.0,75490.15,48874.0,1.5446,44,29,1097,0.8233454905560117,34088.15,56.675,1.5172413793103448,24.931818181818183,,,False,Monday,20.0,10.0,October,4.0,1.5172413793103448,28.85,57.31,Mid,,0.0,75490.15
AUC-2192,Government Surplus 6955,General Items,General,Dubai,Auction,Closed,2025-09-25 22:00:00,2025-09-26 17:00:00,0.844,2025-11-08 12:00:00,3487.0,3732.42,3784.27,0.9863,76,34,1613,0.0703814166905649,245.42,86.825,2.235294117647059,21.223684210526315,,,False,Thursday,22.0,9.0,September,3.0,2.235294117647059,4.88,42.93,Low,,0.0,3732.42
AUC-2193,Corporate Surplus 1773,General Items,General,Sharjah,BuyNow,Closed,2025-09-30 14:00:00,2025-10-02 21:00:00,2.292,2025-11-08 12:00:00,43053.0,87754.63,50597.32,1.7344,48,18,1401,1.0382930341671894,44701.63,63.525,2.6666666666666665,29.1875,,,False,Tuesday,14.0,9.0,September,3.0,2.6666666666666665,36.1,61.66,Mid,,0.0,87754.63
AUC-2194,Other 2783,General Items,General,Umm Al Quwain,BuyNow,Closed,2025-10-17 15:00:00,2025-10-18 03:00:00,0.555,2025-11-08 12:00:00,47168.0,100885.04,54242.06,1.8599,93,28,1311,1.1388449796472184,53717.04,86.275,3.321428571428572,14.096774193548388,,,False,Friday,15.0,10.0,October,4.0,3.321428571428572,40.94,64.56,Mid,,0.0,100885.04
AUC-2195,Other 2716,General Items,General,Fujairah,Auction,Closed,2025-10-19 08:00:00,2025-10-22 06:00:00,2.917,2025-11-08 12:00:00,37639.0,49631.89,42795.82,1.1597,8,3,83,0.3186293472196392,11992.89,6.825,2.6666666666666665,10.375,,,False,Sunday,8.0,10.0,October,4.0,2.6666666666666665,10.91,46.55,Mid,,0.0,49631.89
AUC-2196,Other 4625,General Items,General,Dubai,BuyNow,Closed,2025-09-27 15:00:00,2025-09-29 03:00:00,1.5,2025-11-08 12:00:00,38294.0,69338.97,43040.12,1.611,24,10,539,0.8107006319527864,31044.97,27.975,2.4,22.45833333333333,,,False,Saturday,15.0,9.0,September,3.0,2.4,27.69,56.61,Mid,,0.0,69338.97
AUC-2197,Government Surplus 5099,General Items,General,Dubai,BuyNow,Closed,2025-10-28 06:00:00,2025-10-30 12:00:00,2.25,2025-11-08 12:00:00,16256.0,34375.94,19421.71,1.77,15,5,400,1.1146616633858268,18119.94,18.75,3.0,26.666666666666668,,,False,Tuesday,6.0,10.0,October,4.0,3.0,37.62,62.57,Mid,,0.0,34375.94
AUC-2198,Corporate Surplus 3600,General Items,General,Abu Dhabi,Auction,Closed,2025-09-14 18:00:00,2025-09-17 02:00:00,2.333,2025-11-08 12:00:00,8483.0,12972.61,9302.15,1.3946,18,10,336,0.5292479075798657,4489.61,19.9,1.8,18.666666666666668,,,False,Sunday,18.0,9.0,September,3.0,1.8,18.24,50.94,Low,,0.0,12972.61
AUC-2199,Other 9370,General Items,General,Dubai,BuyNow,Closed,2025-10-01 18:00:00,2025-10-03 15:00:00,1.875,2025-11-08 12:00:00,49634.0,82894.44,52458.03,1.5802,36,13,654,0.6701140347342548,33260.44,37.6,2.769230769230769,18.166666666666668,,,False,Wednesday,18.0,10.0,October,4.0,2.769230769230769,23.4,54.04,Mid,,0.0,82894.44
AUC-2200,Other 2914,General Items,General,Umm Al Quwain,Auction,Closed,2025-10-30 08:00:00,2025-10-31 14:00:00,1.25,2025-11-08 12:00:00,241.0,445.39,263.01,1.6934,18,15,226,0.8480912863070539,204.39,18.4,1.2,12.555555555555555,,,False,Thursday,8.0,10.0,October,4.0,1.2,28.91,17.35,Low,,0.0,0.0
AUC-2201,Government Surplus 6056,General Items,General,Dubai,Auction,Closed,2025-09-23 14:00:00,2025-09-25 21:00:00,2.292,2025-11-08 12:00:00,8693.0,17498.8,9579.27,1.8267,15,11,215,1.0129759576670885,8805.8,15.625,1.3636363636363635,14.333333333333334,,,False,Tuesday,14.0,9.0,September,3.0,1.3636363636363635,34.31,60.59,Low,,0.0,17498.8
AUC-2202,Corporate Surplus 4941,General Items,General,Sharjah,Auction,Closed,2025-10-11 08:00:00,2025-10-12 20:00:00,1.5,2025-11-08 12:00:00,46099.0,66738.42,51381.41,1.2989,50,19,1495,0.447719473307447,20639.42,67.125,2.631578947368421,29.9,,,False,Saturday,8.0,10.0,October,4.0,2.631578947368421,16.59,49.95,Mid,,0.0,66738.42
AUC-2203,Government Surplus 4488,General Items,General,Ajman,Auction,Closed,2025-10-24 05:00:00,2025-10-26 05:00:00,2.0,2025-11-08 12:00:00,39972.0,86249.73,47848.73,1.8026,13,8,145,1.1577536775743018,46277.73,12.125,1.625,11.153846153846152,,,False,Friday,5.0,10.0,October,4.0,1.625,39.06,23.44,Mid,,0.0,0.0
AUC-2204,Government Surplus 8431,General Items,General,Dubai,Auction,Closed,2025-09-09 09:00:00,2025-09-11 06:00:00,1.875,2025-11-08 12:00:00,25775.0,41705.64,28401.19,1.4684,33,12,744,0.6180655674102813,15930.64,38.1,2.75,22.545454545454547,,,False,Tuesday,9.0,9.0,September,3.0,2.75,21.52,52.91,Mid,,0.0,41705.64
AUC-2205,Other 9804,General Items,General,Ras Al Khaimah,BuyNow,Closed,2025-09-23 03:00:00,2025-09-24 14:00:00,1.584,2025-11-08 12:00:00,6193.0,10452.46,6923.52,1.5097,77,29,1577,0.6877862102373646,4259.46,85.175,2.655172413793104,20.48051948051948,,,False,Tuesday,3.0,9.0,September,3.0,2.655172413793104,25.39,55.23,Low,,0.0,10452.46
AUC-2206,Government Surplus 1052,General Items,General,Ras Al Khaimah,Auction,Closed,2025-10-02 18:00:00,2025-10-03 05:00:00,0.458,2025-11-08 12:00:00,44834.0,86151.87,52428.75,1.6432,27,20,724,0.9215744747290002,41317.87,36.6,1.35,26.814814814814813,,,False,Thursday,18.0,10.0,October,4.0,1.35,31.75,59.05,Mid,,0.0,86151.87
AUC-2207,Corporate Surplus 5172,General Items,General,Sharjah,Auction,Closed,2025-09-16 18:00:00,2025-09-17 17:00:00,0.958,2025-11-08 12:00:00,26918.0,47134.72,28493.02,1.6543,2,1,35,0.7510483691210343,20216.72,2.125,2.0,17.5,,,False,Tuesday,18.0,9.0,September,3.0,2.0,25.1,55.06,Mid,,0.0,47134.72
AUC-2208,Government Surplus 2072,General Items,General,Sharjah,Auction,Closed,2025-10-03 15:00:00,2025-10-06 10:00:00,2.792,2025-11-08 12:00:00,27963.0,35144.72,29602.07,1.1872,31,12,569,0.2568293816829382,7181.72,32.725,2.583333333333333,18.35483870967742,,,False,Friday,15.0,10.0,October,4.0,2.583333333333333,9.62,45.77,Mid,,0.0,35144.72
AUC-2209,Corporate Surplus 4903,General Items,General,Umm Al Quwain,Auction,Closed,2025-10-10 11:00:00,2025-10-12 02:00:00,1.698,2025-11-08 12:00:00,4041.0,6716.44,4713.92,1.4248,82,29,918,0.6620737441227418,2675.44,71.2,2.827586206896552,11.195121951219512,,,False,Friday,11.0,10.0,October,4.0,2.827586206896552,24.8,54.88,Low,,0.0,6716.44
AUC-2210,Government Surplus 6552,General Items,General,Abu Dhabi,Auction,Closed,2025-10-25 04:00:00,2025-10-27 03:00:00,1.958,2025-11-08 12:00:00,4315.0,7082.21,4847.32,1.4611,22,7,468,0.6413001158748551,2767.21,24.45,3.142857142857143,21.272727272727277,,,False,Saturday,4.0,10.0,October,4.0,3.142857142857143,22.07,53.24,Low,,0.0,7082.21
AUC-2211,Corporate Surplus 4704,General Items,General,Dubai,Auction,Closed,2025-10-27 23:00:00,2025-10-28 20:00:00,0.96,2025-11-08 12:00:00,34788.0,50749.92,39886.53,1.2724,63,32,1029,0.4588340807174887,15961.92,65.225,1.96875,16.333333333333332,,,False,Monday,23.0,10.0,October,4.0,1.96875,17.12,50.27,Mid,,0.0,50749.92
AUC-2212,Government Surplus 3781,General Items,General,Umm Al Quwain,BuyNow,Closed,2025-10-10 16:00:00,2025-10-12 19:00:00,2.125,2025-11-08 12:00:00,19810.0,38704.05,23130.39,1.6733,34,11,782,0.9537632508833924,18894.05,39.3,3.090909090909091,23.0,,,False,Friday,16.0,10.0,October,4.0,3.090909090909091,32.93,19.76,Mid,,0.0,0.0
AUC-2213,Other 3809,General Items,General,Umm Al Quwain,Auction,Closed,2025-10-09 06:00:00,2025-10-10 19:00:00,1.542,2025-11-08 12:00:00,2746.0,4453.39,3166.88,1.4062,44,22,497,0.6217734887108523,1707.39,39.925,2.0,11.295454545454543,,,False,Thursday,6.0,10.0,October,4.0,2.0,22.21,53.33,Low,,0.0,4453.39
AUC-2214,Government Surplus 3698,General Items,General,Ras Al Khaimah,Auction,Closed,2025-09-24 15:00:00,2025-09-25 09:00:00,0.75,2025-11-08 12:00:00,7173.0,11400.06,7658.19,1.4886,21,17,597,0.5893015474696779,4227.06,29.675,1.2352941176470589,28.428571428571427,,,False,Wednesday,15.0,9.0,September,3.0,1.2352941176470589,20.29,52.17,Low,,0.0,11400.06
AUC-2215,Corporate Surplus 3930,General Items,General,Fujairah,Auction,Closed,2025-10-11 06:00:00,2025-10-11 19:00:00,0.542,2025-11-08 12:00:00,27031.0,36630.98,30723.38,1.1923,57,22,1523,0.3551470533831528,9599.98,72.075,2.590909090909091,26.719298245614038,,,False,Saturday,6.0,10.0,October,4.0,2.590909090909091,13.51,48.11,Mid,,0.0,36630.98
AUC-2216,Government Surplus 4365,General Items,General,Umm Al Quwain,Auction,Closed,2025-10-02 01:00:00,2025-10-03 07:00:00,1.25,2025-11-08 12:00:00,27983.0,31425.63,33382.04,0.9414,49,28,1140,0.1230257656434264,3442.63,60.0,1.75,23.26530612244898,,,False,Thursday,1.0,10.0,October,4.0,1.75,5.53,43.32,Mid,,0.0,31425.63
AUC-2217,Government Surplus 7189,General Items,General,Umm Al Quwain,BuyNow,Closed,2025-09-17 14:00:00,2025-09-19 08:00:00,1.75,2025-11-08 12:00:00,13963.0,26023.39,14809.59,1.7572,9,6,187,0.8637391678006159,12060.39,10.675,1.5,20.77777777777778,,,False,Wednesday,14.0,9.0,September,3.0,1.5,29.11,57.47,Mid,,0.0,26023.39
AUC-2218,Government Surplus 1863,General Items,General,Ras Al Khaimah,Auction,Closed,2025-09-07 21:00:00,2025-09-08 20:00:00,0.958,2025-11-08 12:00:00,38946.0,54265.24,42631.17,1.2729,22,12,392,0.3933456580906896,15319.24,23.8,1.8333333333333333,17.818181818181817,,,False,Sunday,21.0,9.0,September,3.0,1.8333333333333333,13.74,48.24,Mid,,0.0,54265.24
AUC-2219,Government Surplus 1367,General Items,General,Umm Al Quwain,Auction,Closed,2025-10-18 12:00:00,2025-10-19 08:00:00,0.972,2025-11-08 12:00:00,13739.0,30123.1,15166.18,1.9862,62,20,656,1.1925249290341362,16384.1,52.4,3.1,10.580645161290322,,,False,Saturday,12.0,10.0,October,4.0,3.1,41.97,25.18,Mid,,0.0,0.0
AUC-2220,Government Surplus 5650,General Items,General,Umm Al Quwain,Auction,Closed,2025-09-13 02:00:00,2025-09-14 00:00:00,0.917,2025-11-08 12:00:00,32625.0,53416.97,37911.43,1.409,30,9,346,0.6373017624521073,20791.97,25.9,3.333333333333333,11.533333333333331,,,False,Saturday,2.0,9.0,September,3.0,3.333333333333333,22.35,53.41,Mid,,0.0,53416.97
AUC-2221,Corporate Surplus 7135,General Items,General,Ras Al Khaimah,BuyNow,Closed,2025-09-18 18:00:00,2025-09-19 17:00:00,0.958,2025-11-08 12:00:00,19413.0,29011.64,23145.03,1.2535,44,13,518,0.4944439293257095,9598.64,38.2,3.3846153846153846,11.772727272727272,,,False,Thursday,18.0,9.0,September,3.0,3.3846153846153846,18.11,50.87,Mid,,0.0,29011.64
AUC-2222,Corporate Surplus 3328,General Items,General,Sharjah,Auction,Closed,2025-10-31 14:00:00,2025-11-02 20:00:00,2.25,2025-11-08 12:00:00,48726.0,51490.15,57880.27,0.8896,59,31,995,0.0567284406682264,2764.15,62.125,1.903225806451613,16.864406779661017,,,False,Friday,14.0,10.0,October,4.0,1.903225806451613,3.7,42.22,Mid,,0.0,51490.15
AUC-2223,Government Surplus 2810,General Items,General,Umm Al Quwain,Auction,Closed,2025-10-16 02:00:00,2025-10-17 15:00:00,1.542,2025-11-08 12:00:00,14651.0,29787.23,16496.58,1.8057,18,8,375,1.0331192410074397,15136.23,20.375,2.25,20.83333333333333,,,False,Thursday,2.0,10.0,October,4.0,2.25,35.03,61.02,Mid,,0.0,29787.23
AUC-2224,Corporate Surplus 6622,General Items,General,Dubai,Auction,Closed,2025-10-24 01:00:00,2025-10-25 12:00:00,1.458,2025-11-08 12:00:00,49863.0,93636.42,59731.87,1.5676,21,7,231,0.8778737741411468,43773.42,18.025,3.0,11.0,,,False,Friday,1.0,10.0,October,4.0,3.0,30.03,58.02,Mid,,0.0,93636.42
AUC-2225,Corporate Surplus 4457,General Items,General,Abu Dhabi,Auction,Closed,2025-09-28 08:00:00,2025-09-28 23:00:00,0.625,2025-11-08 12:00:00,23763.0,51148.79,26634.42,1.9204,39,20,853,1.1524550772208897,27385.79,45.825,1.95,21.871794871794872,,,False,Sunday,8.0,9.0,September,3.0,1.95,39.8,63.88,Mid,,0.0,51148.79
AUC-2226,Government Surplus 7623,General Items,General,Dubai,Auction,Closed,2025-10-03 13:00:00,2025-10-05 06:00:00,1.708,2025-11-08 12:00:00,25356.0,46307.55,27787.77,1.6665,8,4,138,0.8262955513487933,20951.55,8.45,2.0,17.25,,,False,Friday,13.0,10.0,October,4.0,2.0,27.8,16.68,Mid,,0.0,0.0
AUC-2227,Corporate Surplus 2318,General Items,General,Abu Dhabi,Auction,Closed,2025-10-05 16:00:00,2025-10-08 13:00:00,2.875,2025-11-08 12:00:00,341.0,404.57,408.53,0.9903,2,1,21,0.1864222873900293,63.57,1.775,2.0,10.5,,,False,Sunday,16.0,10.0,October,4.0,2.0,6.29,43.77,Low,,0.0,404.57
AUC-2228,Government Surplus 2089,General Items,General,Ajman,Auction,Closed,2025-09-20 07:00:00,2025-09-22 13:00:00,2.369,2025-11-08 12:00:00,22967.0,46480.6,26423.6,1.7591,75,30,1284,1.0237993643053076,23513.6,77.1,2.5,17.12,,,False,Saturday,7.0,9.0,September,3.0,2.5,36.64,61.98,Mid,,0.0,46480.6
AUC-2229,Government Surplus 5974,General Items,General,Dubai,BuyNow,Closed,2025-10-17 06:00:00,2025-10-18 16:00:00,1.417,2025-11-08 12:00:00,23006.0,26047.86,25010.31,1.0415,27,10,677,0.1322202903590368,3041.86,32.925,2.7,25.074074074074076,,,False,Friday,6.0,10.0,October,4.0,2.7,5.35,43.21,Mid,,0.0,26047.86
AUC-2230,Corporate Surplus 4532,General Items,General,Dubai,Auction,Closed,2025-10-14 14:00:00,2025-10-15 14:00:00,1.0,2025-11-08 12:00:00,11869.0,20390.48,12755.09,1.5986,10,5,117,0.7179610750695088,8521.48,9.175,2.0,11.7,,,False,Tuesday,14.0,10.0,October,4.0,2.0,24.32,54.59,Mid,,0.0,20390.48
AUC-2231,Other 7563,General Items,General,Ajman,BuyNow,Closed,2025-09-16 06:00:00,2025-09-17 09:00:00,1.125,2025-11-08 12:00:00,49482.0,74432.93,55644.28,1.3377,29,23,347,0.5042425528475,24950.93,28.925,1.2608695652173914,11.96551724137931,,,False,Tuesday,6.0,9.0,September,3.0,1.2608695652173914,18.0,50.8,Mid,,0.0,74432.93
AUC-2232,Other 5554,General Items,General,Ras Al Khaimah,Auction,Closed,2025-09-09 17:00:00,2025-09-09 22:00:00,0.208,2025-11-08 12:00:00,27681.0,47745.48,30543.97,1.5632,49,17,805,0.7248466457136665,20064.48,48.875,2.8823529411764706,16.428571428571427,,,False,Tuesday,17.0,9.0,September,3.0,2.8823529411764706,25.74,15.44,Mid,,0.0,0.0
AUC-2233,Other 4191,General Items,General,Ajman,Auction,Closed,2025-09-21 18:00:00,2025-09-21 23:00:00,0.208,2025-11-08 12:00:00,1171.0,1895.99,1267.24,1.4962,42,16,1009,0.6191204099060632,724.99,50.225,2.625,24.02380952380953,,,False,Sunday,18.0,9.0,September,3.0,2.625,21.84,53.1,Low,,0.0,1895.99
AUC-2234,Corporate Surplus 2436,General Items,General,Fujairah,Auction,Closed,2025-10-22 05:00:00,2025-10-24 13:00:00,2.333,2025-11-08 12:00:00,30259.0,48838.47,33411.22,1.4617,26,15,775,0.6140146733203344,18579.47,36.125,1.7333333333333334,29.807692307692307,,,False,Wednesday,5.0,10.0,October,4.0,1.7333333333333334,21.39,52.83,Mid,,0.0,48838.47
AUC-2235,Government Surplus 2470,General Items,General,Fujairah,Auction,Closed,2025-10-29 04:00:00,2025-10-31 17:00:00,2.542,2025-11-08 12:00:00,10922.0,11628.74,12642.15,0.9198,10,5,108,0.0647079289507416,706.74,8.95,2.0,10.8,,,False,Wednesday,4.0,10.0,October,4.0,2.0,2.51,41.51,Mid,,0.0,11628.74
AUC-2236,Government Surplus 7801,General Items,General,Dubai,Auction,Closed,2025-10-22 21:00:00,2025-10-25 18:00:00,2.974,2025-11-08 12:00:00,17021.0,24372.91,19425.22,1.2547,102,30,1807,0.431931731390635,7351.91,103.675,3.4,17.715686274509803,,,False,Wednesday,21.0,10.0,October,4.0,3.4,17.72,10.63,Mid,,0.0,0.0
AUC-2237,Government Surplus 3038,General Items,General,Abu Dhabi,Auction,Closed,2025-10-11 09:00:00,2025-10-13 07:00:00,1.917,2025-11-08 12:00:00,49973.0,80069.51,58508.05,1.3685,3,1,33,0.6022554179256797,30096.51,2.575,3.0,11.0,,,False,Saturday,9.0,10.0,October,4.0,3.0,20.17,52.1,Mid,,0.0,80069.51
AUC-2238,Government Surplus 5521,General Items,General,Umm Al Quwain,Auction,Closed,2025-10-21 10:00:00,2025-10-24 05:00:00,2.792,2025-11-08 12:00:00,19686.0,36806.82,21983.03,1.6743,44,17,1294,0.8696952148735142,17120.82,58.6,2.588235294117647,29.40909090909091,,,False,Tuesday,10.0,10.0,October,4.0,2.588235294117647,30.46,58.28,Mid,,0.0,36806.82
AUC-2239,Government Surplus 8362,General Items,General,Fujairah,Auction,Closed,2025-09-12 10:00:00,2025-09-13 18:00:00,1.333,2025-11-08 12:00:00,39281.0,81384.06,42423.44,1.9184,27,10,742,1.0718428756905374,42103.06,34.55,2.7,27.48148148148148,,,False,Friday,10.0,9.0,September,3.0,2.7,36.61,61.97,Mid,,0.0,81384.06
AUC-2240,Corporate Surplus 9079,General Items,General,Fujairah,Auction,Closed,2025-09-27 00:00:00,2025-09-27 21:00:00,0.94,2025-11-08 12:00:00,36301.0,46013.5,41377.68,1.112,75,22,863,0.2675546128205834,9712.5,64.575,3.409090909090909,11.506666666666666,,,False,Saturday,0.0,9.0,September,3.0,3.409090909090909,11.67,47.0,Mid,,0.0,46013.5
AUC-2241,Corporate Surplus 3408,General Items,General,Dubai,BuyNow,Closed,2025-10-11 19:00:00,2025-10-12 15:00:00,0.833,2025-11-08 12:00:00,47078.0,70568.03,52075.33,1.3551,38,19,400,0.4989598113768639,23490.03,33.75,2.0,10.526315789473683,,,False,Saturday,19.0,10.0,October,4.0,2.0,18.04,50.82,Mid,,0.0,70568.03
AUC-2242,Government Surplus 1986,General Items,General,Umm Al Quwain,Auction,Closed,2025-10-20 18:00:00,2025-10-21 14:00:00,0.833,2025-11-08 12:00:00,40815.0,44969.07,45465.3,0.9891,26,14,600,0.1017780227857405,4154.07,31.5,1.8571428571428568,23.07692307692308,,,False,Monday,18.0,10.0,October,4.0,1.8571428571428568,4.24,42.54,Mid,,0.0,44969.07
AUC-2243,Other 7971,General Items,General,Abu Dhabi,Auction,Closed,2025-10-13 22:00:00,2025-10-16 04:00:00,2.25,2025-11-08 12:00:00,34403.0,64487.96,38654.65,1.6683,39,19,599,0.8744865273377321,30084.96,39.225,2.0526315789473686,15.35897435897436,,,False,Monday,22.0,10.0,October,4.0,2.0526315789473686,30.48,58.29,Mid,,0.0,64487.96
AUC-2244,Corporate Surplus 7184,General Items,General,Ras Al Khaimah,Auction,Closed,2025-10-09 15:00:00,2025-10-09 19:00:00,0.167,2025-11-08 12:00:00,5047.0,10604.77,5961.2,1.779,24,8,573,1.1012026946701012,5557.77,28.325,3.0,23.875,,,False,Thursday,15.0,10.0,October,4.0,3.0,37.5,62.5,Low,,0.0,10604.77
AUC-2245,Other 3980,General Items,General,Sharjah,BuyNow,Closed,2025-09-22 22:00:00,2025-09-25 18:00:00,2.833,2025-11-08 12:00:00,443.0,831.02,528.25,1.5732,7,5,78,0.8758916478555304,388.02,6.7,1.4,11.142857142857142,,,False,Monday,22.0,9.0,September,3.0,1.4,29.44,57.66,Low,,0.0,831.02
AUC-2246,Government Surplus 6341,General Items,General,Sharjah,Auction,Closed,2025-10-31 01:00:00,2025-11-02 09:00:00,2.333,2025-11-08 12:00:00,32677.0,50428.33,38818.34,1.2991,52,31,865,0.5432362211953362,17751.33,55.375,1.6774193548387095,16.634615384615383,,,False,Friday,1.0,10.0,October,4.0,1.6774193548387095,19.64,11.78,Mid,,0.0,0.0
AUC-2247,Corporate Surplus 2698,General Items,General,Ajman,Auction,Closed,2025-09-16 08:00:00,2025-09-17 13:00:00,1.208,2025-11-08 12:00:00,28361.0,62003.63,29782.64,2.0819,36,21,533,1.1862286238143929,33642.63,36.575,1.7142857142857142,14.805555555555555,,,False,Tuesday,8.0,9.0,September,3.0,1.7142857142857142,40.85,64.51,Mid,,0.0,62003.63
AUC-2248,Government Surplus 7305,General Items,General,Dubai,Auction,Closed,2025-10-28 12:00:00,2025-10-30 15:00:00,2.214,2025-11-08 12:00:00,44980.0,88987.84,51533.78,1.7268,61,23,1008,0.978386838594931,44007.84,61.45,2.652173913043478,16.524590163934427,,,False,Tuesday,12.0,10.0,October,4.0,2.652173913043478,34.75,60.85,Mid,,0.0,88987.84
AUC-2249,Corporate Surplus 7545,General Items,General,Fujairah,Auction,Closed,2025-10-22 00:00:00,2025-10-22 13:00:00,0.658,2025-11-08 12:00:00,36878.0,73726.23,40795.22,1.8072,91,34,1828,0.9991927436411951,36848.23,99.7,2.676470588235294,20.087912087912088,,,False,Wednesday,0.0,10.0,October,4.0,2.676470588235294,36.24,61.74,Mid,,0.0,73726.23
AUC-2250,Government Surplus 3694,General Items,General,Sharjah,Auction,Closed,2025-09-07 12:00:00,2025-09-08 21:00:00,1.499,2025-11-08 12:00:00,3849.0,4283.5,4320.08,0.9915,64,31,711,0.1128864640166276,434.5,57.525,2.064516129032258,11.109375,,,False,Sunday,12.0,9.0,September,3.0,2.064516129032258,6.18,3.71,Low,,0.0,0.0
AUC-2251,Government Surplus 5216,General Items,General,Abu Dhabi,Auction,Closed,2025-10-26 07:00:00,2025-10-26 18:00:00,0.458,2025-11-08 12:00:00,1289.0,1647.5,1470.02,1.1207,37,20,439,0.278122575640031,358.5,34.475,1.85,11.864864864864863,,,False,Sunday,7.0,10.0,October,4.0,1.85,10.72,46.43,Low,,0.0,1647.5
AUC-2252,Corporate Surplus 4006,General Items,General,Sharjah,BuyNow,Closed,2025-10-31 17:00:00,2025-11-01 04:00:00,0.589,2025-11-08 12:00:00,47892.0,84651.1,57312.54,1.477,79,27,815,0.7675415518249395,36759.1,66.625,2.925925925925926,10.316455696202532,,,False,Friday,17.0,10.0,October,4.0,2.925925925925926,28.4,17.04,Mid,,0.0,0.0
AUC-2253,Government Surplus 1281,General Items,General,Ras Al Khaimah,Auction,Closed,2025-09-30 07:00:00,2025-09-30 11:00:00,0.167,2025-11-08 12:00:00,32829.0,46746.46,37626.31,1.2424,23,18,261,0.4239379816625544,13917.46,22.525,1.2777777777777777,11.347826086956522,,,False,Tuesday,7.0,9.0,September,3.0,1.2777777777777777,15.06,49.04,Mid,,0.0,46746.46
AUC-2254,Government Surplus 2145,General Items,General,Abu Dhabi,Auction,Closed,2025-10-12 07:00:00,2025-10-14 17:00:00,2.417,2025-11-08 12:00:00,44161.0,51097.48,52440.32,0.9744,26,9,270,0.1570725300604606,6936.48,22.0,2.888888888888889,10.384615384615383,,,False,Sunday,7.0,10.0,October,4.0,2.888888888888889,6.07,43.64,Mid,,0.0,51097.48
AUC-2255,Other 9638,General Items,General,Ajman,Auction,Closed,2025-10-30 22:00:00,2025-11-02 04:00:00,2.25,2025-11-08 12:00:00,48655.0,94547.77,52695.41,1.7942,37,22,415,0.9432282396464908,45892.77,34.375,1.681818181818182,11.216216216216216,,,False,Thursday,22.0,10.0,October,4.0,1.681818181818182,32.88,59.73,Mid,,0.0,94547.77
AUC-2256,Government Surplus 5103,General Items,General,Sharjah,Auction,Closed,2025-11-04 05:00:00,2025-11-06 21:00:00,2.8,2025-11-08 12:00:00,22251.0,34080.95,24819.51,1.3732,105,32,1199,0.5316592512696058,11829.95,90.475,3.28125,11.41904761904762,,,False,Tuesday,5.0,11.0,November,4.0,3.28125,21.57,52.94,Mid,,0.0,34080.95
AUC-2257,Corporate Surplus 2329,General Items,General,Abu Dhabi,Auction,Closed,2025-10-31 08:00:00,2025-11-03 06:00:00,3.023,2025-11-08 12:00:00,24147.0,26064.27,25855.56,1.0081,65,30,1225,0.0793999254565784,1917.27,70.625,2.1666666666666665,18.846153846153847,,,False,Friday,8.0,10.0,October,4.0,2.1666666666666665,4.89,42.93,Mid,,0.0,26064.27
AUC-2258,Corporate Surplus 1398,General Items,General,Umm Al Quwain,Auction,Closed,2025-10-04 10:00:00,2025-10-07 07:00:00,2.875,2025-11-08 12:00:00,40008.0,77507.97,43314.05,1.7894,48,18,1219,0.9373117876424716,37499.97,58.975,2.6666666666666665,25.39583333333333,,,False,Saturday,10.0,10.0,October,4.0,2.6666666666666665,32.62,59.57,Mid,,0.0,77507.97
AUC-2259,Government Surplus 4180,General Items,General,Fujairah,Auction,Closed,2025-10-21 17:00:00,2025-10-24 16:00:00,2.958,2025-11-08 12:00:00,36444.0,51633.9,40468.59,1.2759,49,33,1139,0.4168011195258479,15189.9,61.225,1.4848484848484849,23.244897959183675,,,False,Tuesday,17.0,10.0,October,4.0,1.4848484848484849,15.41,49.25,Mid,,0.0,51633.9
AUC-2260,Corporate Surplus 9844,General Items,General,Ras Al Khaimah,Auction,Closed,2025-09-22 06:00:00,2025-09-22 11:00:00,0.208,2025-11-08 12:00:00,22880.0,39980.71,24574.49,1.6269,12,7,342,0.7474086538461538,17100.71,16.3,1.7142857142857142,28.5,,,False,Monday,6.0,9.0,September,3.0,1.7142857142857142,25.32,15.19,Mid,,0.0,0.0
AUC-2261,Government Surplus 4462,General Items,General,Sharjah,Auction,Closed,2025-09-14 16:00:00,2025-09-17 01:00:00,2.375,2025-11-08 12:00:00,25944.0,38210.12,29116.12,1.3123,6,2,79,0.4727921677459143,12266.12,5.475,3.0,13.166666666666666,,,False,Sunday,16.0,9.0,September,3.0,3.0,15.97,49.58,Mid,,0.0,38210.12
AUC-2262,Other 9994,General Items,General,Ras Al Khaimah,BuyNow,Closed,2025-10-27 10:00:00,2025-10-29 15:00:00,2.208,2025-11-08 12:00:00,23134.0,35840.26,27398.13,1.3081,35,14,697,0.5492461312354112,12706.26,38.425,2.5,19.914285714285715,,,False,Monday,10.0,10.0,October,4.0,2.5,19.45,11.67,Mid,,0.0,0.0
AUC-2263,Government Surplus 5404,General Items,General,Ras Al Khaimah,Auction,Closed,2025-10-17 14:00:00,2025-10-18 05:00:00,0.625,2025-11-08 12:00:00,30855.0,63554.52,33985.74,1.87,21,7,214,1.0597802625182304,32699.52,17.6,3.0,10.19047619047619,,,False,Friday,14.0,10.0,October,4.0,3.0,36.07,61.64,Mid,,0.0,63554.52
AUC-2264,Government Surplus 7874,General Items,General,Sharjah,Auction,Closed,2025-10-29 02:00:00,2025-10-29 15:00:00,0.671,2025-11-08 12:00:00,19105.0,22488.02,21050.73,1.0683,82,33,2024,0.1770751112274274,3383.02,99.85,2.484848484848485,24.682926829268293,,,False,Wednesday,2.0,10.0,October,4.0,2.484848484848485,8.82,45.29,Mid,,0.0,22488.02
AUC-2265,Government Surplus 8068,General Items,General,Sharjah,Auction,Closed,2025-10-18 00:00:00,2025-10-20 22:00:00,2.917,2025-11-08 12:00:00,35981.0,70866.15,42046.79,1.6854,10,4,218,0.9695436480364636,34885.15,11.45,2.5,21.8,,,False,Saturday,0.0,10.0,October,4.0,2.5,32.61,59.57,Mid,,0.0,70866.15
AUC-2266,Other 1253,General Items,General,Fujairah,Auction,Closed,2025-10-20 23:00:00,2025-10-23 15:00:00,2.667,2025-11-08 12:00:00,3058.0,6501.01,3318.38,1.9591,60,19,1450,1.1259025506867235,3443.01,71.0,3.1578947368421053,24.166666666666668,,,False,Monday,23.0,10.0,October,4.0,3.1578947368421053,39.21,63.53,Low,,0.0,6501.01
AUC-2267,Other 1054,General Items,General,Abu Dhabi,Auction,Closed,2025-09-19 22:00:00,2025-09-21 00:00:00,1.083,2025-11-08 12:00:00,17007.0,29658.12,20285.22,1.4621,59,27,1439,0.7438772270241665,12651.12,72.225,2.185185185185185,24.389830508474574,,,False,Friday,22.0,9.0,September,3.0,2.185185185185185,26.88,56.13,Mid,,0.0,29658.12
AUC-2268,Other 9301,General Items,General,Ajman,BuyNow,Closed,2025-10-17 12:00:00,2025-10-17 21:00:00,0.375,2025-11-08 12:00:00,2321.0,4397.17,2451.94,1.7933,13,4,295,0.8945152951314089,2076.17,14.875,3.25,22.692307692307693,,,False,Friday,12.0,10.0,October,4.0,3.25,30.21,18.13,Low,,0.0,0.0
AUC-2269,Corporate Surplus 9391,General Items,General,Umm Al Quwain,Auction,Closed,2025-10-07 12:00:00,2025-10-08 14:00:00,1.083,2025-11-08 12:00:00,1573.0,1888.14,1699.21,1.1112,4,2,46,0.2003432930705658,315.14,3.65,2.0,11.5,,,False,Tuesday,12.0,10.0,October,4.0,2.0,6.83,44.1,Low,,0.0,1888.14
AUC-2270,Corporate Surplus 2193,General Items,General,Umm Al Quwain,Auction,Closed,2025-09-28 08:00:00,2025-09-28 12:00:00,0.167,2025-11-08 12:00:00,7458.0,15964.44,8411.16,1.898,37,19,400,1.1405792437650846,8506.44,33.25,1.947368421052632,10.81081081081081,,,False,Sunday,8.0,9.0,September,3.0,1.947368421052632,39.41,63.65,Low,,0.0,15964.44
AUC-2271,Corporate Surplus 6813,General Items,General,Umm Al Quwain,Auction,Closed,2025-09-17 06:00:00,2025-09-19 08:00:00,2.158,2025-11-08 12:00:00,43887.0,81170.95,46518.95,1.7449,93,31,2515,0.8495442841843825,37283.95,117.125,3.0,27.04301075268817,,,False,Wednesday,6.0,9.0,September,3.0,3.0,31.25,58.75,Mid,,0.0,81170.95
AUC-2272,Other 9312,General Items,General,Sharjah,BuyNow,Closed,2025-10-18 21:00:00,2025-10-20 02:00:00,1.208,2025-11-08 12:00:00,46199.0,80495.87,49125.81,1.6386,1,1,25,0.7423725621766704,34296.87,1.375,1.0,25.0,,,False,Saturday,21.0,10.0,October,4.0,1.0,24.79,54.87,Mid,,0.0,80495.87
AUC-2273,Corporate Surplus 9554,General Items,General,Abu Dhabi,Auction,Closed,2025-10-25 07:00:00,2025-10-25 14:00:00,0.292,2025-11-08 12:00:00,26737.0,41260.1,29799.05,1.3846,2,1,21,0.5431836032464374,14523.1,1.775,2.0,10.5,,,False,Saturday,7.0,10.0,October,4.0,2.0,18.18,50.91,Mid,,0.0,41260.1
AUC-2274,Corporate Surplus 3667,General Items,General,Fujairah,BuyNow,Closed,2025-09-07 11:00:00,2025-09-10 09:00:00,2.917,2025-11-08 12:00:00,13215.0,27991.62,14732.43,1.9,44,32,477,1.1181702610669693,14776.62,41.925,1.375,10.840909090909092,,,False,Sunday,11.0,9.0,September,3.0,1.375,39.01,63.41,Mid,,0.0,27991.62
AUC-2275,Corporate Surplus 8355,General Items,General,Abu Dhabi,Auction,Closed,2025-10-16 16:00:00,2025-10-19 04:00:00,2.5,2025-11-08 12:00:00,4362.0,6231.4,4805.09,1.2968,50,21,1344,0.4285648784961026,1869.4,63.85,2.380952380952381,26.88,,,False,Thursday,16.0,10.0,October,4.0,2.380952380952381,15.96,49.58,Low,,0.0,6231.4
AUC-2276,Corporate Surplus 6816,General Items,General,Fujairah,Auction,Closed,2025-09-25 05:00:00,2025-09-27 22:00:00,2.791,2025-11-08 12:00:00,33548.0,42606.75,39658.24,1.0743,63,24,740,0.2700235483486348,9058.75,56.0,2.625,11.746031746031743,,,False,Thursday,5.0,9.0,September,3.0,2.625,11.37,46.82,Mid,,0.0,42606.75
AUC-2277,Government Surplus 9349,General Items,General,Dubai,Auction,Closed,2025-09-25 13:00:00,2025-09-28 12:00:00,2.958,2025-11-08 12:00:00,15779.0,34576.04,17394.45,1.9878,12,10,134,1.1912694087077762,18797.04,11.85,1.2,11.166666666666666,,,False,Thursday,13.0,9.0,September,3.0,1.2,40.15,64.09,Mid,,0.0,34576.04
AUC-2278,Corporate Surplus 2320,General Items,General,Umm Al Quwain,Auction,Closed,2025-10-08 03:00:00,2025-10-08 07:00:00,0.167,2025-11-08 12:00:00,24676.0,35825.78,26790.65,1.3372,17,11,398,0.4518471389204084,11149.78,21.2,1.5454545454545454,23.41176470588235,,,False,Wednesday,3.0,10.0,October,4.0,1.5454545454545454,15.57,9.34,Mid,,0.0,0.0
AUC-2279,Government Surplus 6408,General Items,General,Fujairah,Auction,Closed,2025-10-22 10:00:00,2025-10-24 18:00:00,2.333,2025-11-08 12:00:00,47139.0,63590.8,53133.82,1.1968,30,16,568,0.3490061308046416,16451.8,33.2,1.875,18.933333333333334,,,False,Wednesday,10.0,10.0,October,4.0,1.875,12.67,7.6,Mid,,0.0,0.0
AUC-2280,Other 1220,General Items,General,Ajman,Auction,Closed,2025-10-28 03:00:00,2025-10-30 12:00:00,2.375,2025-11-08 12:00:00,9195.0,14123.53,10556.2,1.3379,15,8,150,0.5360010875475802,4928.53,13.25,1.875,10.0,,,False,Tuesday,3.0,10.0,October,4.0,1.875,18.42,51.05,Low,,0.0,14123.53
AUC-2281,Corporate Surplus 4215,General Items,General,Dubai,Auction,Closed,2025-10-06 10:00:00,2025-10-08 19:00:00,2.375,2025-11-08 12:00:00,40307.0,87182.28,47463.35,1.8368,23,16,273,1.162956310318307,46875.28,22.325,1.4375,11.869565217391305,,,False,Monday,10.0,10.0,October,4.0,1.4375,39.69,63.81,Mid,,0.0,87182.28
AUC-2282,Other 1102,General Items,General,Ras Al Khaimah,Auction,Closed,2025-10-07 11:00:00,2025-10-08 09:00:00,0.917,2025-11-08 12:00:00,14152.0,27219.52,15088.13,1.804,53,33,1524,0.9233691351045789,13067.52,72.85,1.606060606060606,28.75471698113208,,,False,Tuesday,11.0,10.0,October,4.0,1.606060606060606,32.38,19.43,Mid,,0.0,0.0
AUC-2283,Corporate Surplus 4985,General Items,General,Ajman,Auction,Closed,2025-09-20 21:00:00,2025-09-22 03:00:00,1.322,2025-11-08 12:00:00,45080.0,51995.86,52846.7,0.9839,82,26,1943,0.1534130434782608,6915.86,96.075,3.1538461538461537,23.695121951219512,,,False,Saturday,21.0,9.0,September,3.0,3.1538461538461537,7.68,44.61,Mid,,0.0,51995.86
AUC-2284,Other 8298,General Items,General,Umm Al Quwain,BuyNow,Closed,2025-09-23 13:00:00,2025-09-26 08:00:00,2.902,2025-11-08 12:00:00,6194.0,13536.01,7237.58,1.8702,84,30,1335,1.185342266709719,7342.01,82.875,2.8,15.892857142857142,,,False,Tuesday,13.0,9.0,September,3.0,2.8,42.3,25.38,Low,,0.0,0.0
AUC-2285,Government Surplus 6921,General Items,General,Umm Al Quwain,Auction,Closed,2025-09-13 22:00:00,2025-09-14 06:00:00,0.333,2025-11-08 12:00:00,35165.0,52019.11,40820.01,1.2744,32,17,350,0.4792865064695009,16854.11,29.0,1.8823529411764703,10.9375,,,False,Saturday,22.0,9.0,September,3.0,1.8823529411764703,17.19,50.31,Mid,,0.0,52019.11
AUC-2286,Other 3851,General Items,General,Fujairah,Auction,Closed,2025-09-08 04:00:00,2025-09-10 03:00:00,1.958,2025-11-08 12:00:00,13353.0,20288.06,14099.86,1.4389,49,27,955,0.519363438927582,6935.06,55.125,1.8148148148148149,19.489795918367346,,,False,Monday,4.0,9.0,September,3.0,1.8148148148148149,19.09,51.45,Mid,,0.0,20288.06
AUC-2287,Corporate Surplus 4841,General Items,General,Ajman,Auction,Closed,2025-09-22 15:00:00,2025-09-25 00:00:00,2.375,2025-11-08 12:00:00,44102.0,95570.03,49862.63,1.9167,21,15,260,1.1670225840097954,51468.03,20.75,1.4,12.38095238095238,,,False,Monday,15.0,9.0,September,3.0,1.4,39.58,63.75,Mid,,0.0,95570.03
AUC-2288,Government Surplus 4306,General Items,General,Umm Al Quwain,Auction,Closed,2025-11-01 00:00:00,2025-11-03 10:00:00,2.417,2025-11-08 12:00:00,45833.0,53210.99,50809.19,1.0473,42,21,451,0.1609754980036218,7377.99,37.525,2.0,10.738095238095235,,,False,Saturday,0.0,11.0,November,4.0,2.0,6.94,44.16,Mid,,0.0,53210.99
AUC-2289,Government Surplus 7584,General Items,General,Sharjah,Auction,Closed,2025-10-12 12:00:00,2025-10-14 08:00:00,1.833,2025-11-08 12:00:00,32748.0,52426.36,34808.86,1.5061,53,25,789,0.6009026505435446,19678.36,52.475,2.12,14.88679245283019,,,False,Sunday,12.0,10.0,October,4.0,2.12,21.89,53.13,Mid,,0.0,52426.36
AUC-2290,Government Surplus 3395,General Items,General,Sharjah,Auction,Closed,2025-09-30 01:00:00,2025-10-02 09:00:00,2.392,2025-11-08 12:00:00,25799.0,38810.39,27266.37,1.4234,95,29,1050,0.5043369898058064,13011.39,81.0,3.2758620689655173,11.052631578947368,,,False,Tuesday,1.0,9.0,September,3.0,3.2758620689655173,20.25,52.15,Mid,,0.0,38810.39
AUC-2291,Corporate Surplus 1826,General Items,General,Dubai,Auction,Closed,2025-09-30 15:00:00,2025-10-03 08:00:00,2.848,2025-11-08 12:00:00,2676.0,5626.79,2950.61,1.907,93,32,977,1.102686846038864,2950.79,78.925,2.90625,10.505376344086022,,,False,Tuesday,15.0,9.0,September,3.0,2.90625,40.09,64.05,Low,,0.0,5626.79
AUC-2292,Other 5560,General Items,General,Ajman,Auction,Closed,2025-10-25 20:00:00,2025-10-28 04:00:00,2.333,2025-11-08 12:00:00,17972.0,38516.74,19598.68,1.9653,9,4,166,1.143152681949699,20544.74,9.65,2.25,18.444444444444443,,,False,Saturday,20.0,10.0,October,4.0,2.25,38.37,63.02,Mid,,0.0,38516.74
AUC-2293,Other 8469,General Items,General,Abu Dhabi,Auction,Closed,2025-10-03 16:00:00,2025-10-04 03:00:00,0.458,2025-11-08 12:00:00,11763.0,13702.85,13142.31,1.0427,41,27,477,0.1649111621185072,1939.85,39.175,1.5185185185185186,11.634146341463415,,,False,Friday,16.0,10.0,October,4.0,1.5185185185185186,7.13,44.28,Mid,,0.0,13702.85
AUC-2294,Other 5293,General Items,General,Abu Dhabi,Auction,Closed,2025-10-17 08:00:00,2025-10-18 04:00:00,0.905,2025-11-08 12:00:00,34399.0,74320.36,36565.05,2.0326,68,25,871,1.1605383877438298,39921.36,62.025,2.72,12.808823529411764,,,False,Friday,8.0,10.0,October,4.0,2.72,40.85,64.51,Mid,,0.0,74320.36
AUC-2295,Corporate Surplus 2837,General Items,General,Ajman,BuyNow,Closed,2025-10-17 03:00:00,2025-10-18 03:00:00,1.125,2025-11-08 12:00:00,33307.0,60028.43,38117.11,1.5748,87,26,1030,0.8022766985918875,26721.43,75.75,3.3461538461538463,11.839080459770114,,,False,Friday,3.0,10.0,October,4.0,3.3461538461538463,29.97,17.98,Mid,,0.0,0.0
AUC-2296,Corporate Surplus 1414,General Items,General,Umm Al Quwain,Auction,Closed,2025-09-16 20:00:00,2025-09-17 23:00:00,1.125,2025-11-08 12:00:00,17811.0,39000.48,20000.22,1.95,1,1,28,1.189685026107462,21189.48,1.45,1.0,28.0,,,False,Tuesday,20.0,9.0,September,3.0,1.0,39.69,23.81,Mid,,0.0,0.0
AUC-2297,Other 9494,General Items,General,Sharjah,Auction,Closed,2025-10-11 15:00:00,2025-10-12 19:00:00,1.167,2025-11-08 12:00:00,44970.0,80411.75,48048.0,1.6736,54,17,548,0.7881198576828997,35441.75,44.95,3.176470588235294,10.148148148148149,,,False,Saturday,15.0,10.0,October,4.0,3.176470588235294,28.17,16.9,Mid,,0.0,0.0
AUC-2298,Other 7845,General Items,General,Abu Dhabi,Auction,Closed,2025-10-05 20:00:00,2025-10-06 14:00:00,0.75,2025-11-08 12:00:00,47823.0,51973.22,55729.41,0.9326,53,33,1101,0.086782928716308,4150.22,62.275,1.606060606060606,20.77358490566038,,,False,Sunday,20.0,10.0,October,4.0,1.606060606060606,4.6,2.76,Mid,,0.0,0.0
AUC-2299,Government Surplus 2399,General Items,General,Sharjah,Auction,Closed,2025-10-03 05:00:00,2025-10-05 07:00:00,2.215,2025-11-08 12:00:00,39156.0,60355.33,46720.04,1.2919,87,31,955,0.5414069363571357,21199.33,75.125,2.806451612903226,10.977011494252874,,,False,Friday,5.0,10.0,October,4.0,2.806451612903226,20.42,52.25,Mid,,0.0,60355.33
AUC-2300,Other 1665,General Items,General,Dubai,Auction,Closed,2025-10-04 07:00:00,2025-10-04 18:00:00,0.458,2025-11-08 12:00:00,43699.0,87302.44,50158.41,1.7405,13,8,155,0.9978132222705326,43603.44,12.375,1.625,11.923076923076923,,,False,Saturday,7.0,10.0,October,4.0,1.625,33.78,60.27,Mid,,0.0,87302.44
AUC-2301,Corporate Surplus 2162,General Items,General,Sharjah,Auction,Closed,2025-10-23 23:00:00,2025-10-26 08:00:00,2.375,2025-11-08 12:00:00,14555.0,26624.22,15738.17,1.6917,44,17,980,0.829214702851254,12069.22,50.75,2.588235294117647,22.272727272727277,,,False,Thursday,23.0,10.0,October,4.0,2.588235294117647,28.98,57.39,Mid,,0.0,26624.22
AUC-2302,Other 4388,General Items,General,Ajman,BuyNow,Closed,2025-09-30 15:00:00,2025-10-02 15:00:00,2.0,2025-11-08 12:00:00,16145.0,34248.27,18965.16,1.8059,52,30,1329,1.1212926602663362,18103.27,66.725,1.7333333333333334,25.557692307692307,,,False,Tuesday,15.0,9.0,September,3.0,1.7333333333333334,38.91,63.35,Mid,,0.0,34248.27
AUC-2303,Other 8306,General Items,General,Fujairah,Auction,Closed,2025-10-15 03:00:00,2025-10-18 00:00:00,2.942,2025-11-08 12:00:00,30797.0,35484.24,36415.82,0.9744,78,32,838,0.1521979413579244,4687.24,67.95,2.4375,10.743589743589745,,,False,Wednesday,3.0,10.0,October,4.0,2.4375,7.93,44.76,Mid,,0.0,35484.24
AUC-2304,Other 2438,General Items,General,Fujairah,Auction,Closed,2025-09-28 17:00:00,2025-09-28 21:00:00,0.167,2025-11-08 12:00:00,36883.0,43001.13,41226.5,1.043,31,12,918,0.1658794024347259,6118.13,41.45,2.583333333333333,29.61290322580645,,,False,Sunday,17.0,9.0,September,3.0,2.583333333333333,6.52,43.91,Mid,,0.0,43001.13
AUC-2305,Government Surplus 8367,General Items,General,Ajman,Auction,Closed,2025-10-29 03:00:00,2025-10-30 03:00:00,1.057,2025-11-08 12:00:00,47701.0,69122.1,53600.98,1.2896,73,28,994,0.4490702500995787,21421.1,68.35,2.607142857142857,13.616438356164384,,,False,Wednesday,3.0,10.0,October,4.0,2.607142857142857,17.4,50.44,Mid,,0.0,69122.1
AUC-2306,Corporate Surplus 1017,General Items,General,Abu Dhabi,Auction,Closed,2025-09-05 22:00:00,2025-09-08 15:00:00,2.816,2025-11-08 12:00:00,41731.0,60205.21,43827.9,1.3737,80,29,949,0.4426975150367832,18474.21,70.975,2.7586206896551726,11.8625,,,False,Friday,22.0,9.0,September,3.0,2.7586206896551726,17.77,50.66,Mid,,0.0,60205.21
AUC-2307,Government Surplus 7648,General Items,General,Dubai,Auction,Closed,2025-09-20 23:00:00,2025-09-22 12:00:00,1.542,2025-11-08 12:00:00,31587.0,57959.51,34384.6,1.6856,8,6,110,0.834916579605534,26372.51,8.25,1.3333333333333333,13.75,,,False,Saturday,23.0,9.0,September,3.0,1.3333333333333333,28.11,56.87,Mid,,0.0,57959.51
AUC-2308,Other 3541,General Items,General,Umm Al Quwain,Auction,Closed,2025-10-11 17:00:00,2025-10-13 11:00:00,1.75,2025-11-08 12:00:00,7890.0,15801.95,8914.48,1.7726,6,2,165,1.0027820025348544,7911.95,7.625,3.0,27.5,,,False,Saturday,17.0,10.0,October,4.0,3.0,33.59,60.15,Low,,0.0,15801.95
AUC-2309,Government Surplus 9643,General Items,General,Fujairah,Auction,Closed,2025-10-19 11:00:00,2025-10-19 16:00:00,0.208,2025-11-08 12:00:00,38815.0,48761.16,43498.18,1.121,3,2,75,0.2562452660054103,9946.16,3.875,1.5,25.0,,,False,Sunday,11.0,10.0,October,4.0,1.5,8.65,45.19,Mid,,0.0,48761.16
AUC-2310,Other 5282,General Items,General,Fujairah,Auction,Closed,2025-10-13 01:00:00,2025-10-15 08:00:00,2.292,2025-11-08 12:00:00,24842.0,27578.62,26685.69,1.0335,14,5,152,0.1101610176314306,2736.62,12.05,2.8,10.857142857142858,,,False,Monday,1.0,10.0,October,4.0,2.8,4.16,42.5,Mid,,0.0,27578.62
AUC-2311,Other 3434,General Items,General,Ras Al Khaimah,Auction,Closed,2025-09-23 21:00:00,2025-09-24 18:00:00,0.875,2025-11-08 12:00:00,9267.0,14961.38,9880.91,1.5142,39,26,1156,0.6144793352757094,5694.38,54.9,1.5,29.64102564102564,,,False,Tuesday,21.0,9.0,September,3.0,1.5,21.71,53.03,Low,,0.0,14961.38
AUC-2312,Government Surplus 3186,General Items,General,Fujairah,Auction,Closed,2025-09-25 20:00:00,2025-09-28 17:00:00,2.875,2025-11-08 12:00:00,2392.0,3388.0,2721.2,1.245,32,14,819,0.4163879598662207,996.0,39.975,2.2857142857142856,25.59375,,,False,Thursday,20.0,9.0,September,3.0,2.2857142857142856,14.95,8.97,Low,,0.0,0.0
AUC-2313,Corporate Surplus 8439,General Items,General,Sharjah,Auction,Closed,2025-09-24 16:00:00,2025-09-25 21:00:00,1.208,2025-11-08 12:00:00,7049.0,14214.3,8316.44,1.7092,50,24,768,1.0164987941551993,7165.3,50.2,2.083333333333333,15.36,,,False,Wednesday,16.0,9.0,September,3.0,2.083333333333333,35.48,61.29,Low,,0.0,14214.3
AUC-2314,Corporate Surplus 4626,General Items,General,Umm Al Quwain,Auction,Closed,2025-09-14 13:00:00,2025-09-15 05:00:00,0.667,2025-11-08 12:00:00,1713.0,3418.1,1960.9,1.7431,14,4,356,0.9953882078225336,1705.1,16.9,3.5,25.428571428571427,,,False,Sunday,13.0,9.0,September,3.0,3.5,33.56,60.14,Low,,0.0,3418.1
AUC-2315,Corporate Surplus 4168,General Items,General,Ras Al Khaimah,Auction,Closed,2025-10-09 03:00:00,2025-10-10 23:00:00,1.833,2025-11-08 12:00:00,47443.0,49850.53,50811.78,0.9811,56,21,613,0.0507457369896507,2407.53,48.575,2.6666666666666665,10.946428571428571,,,False,Thursday,3.0,10.0,October,4.0,2.6666666666666665,3.39,42.03,Mid,,0.0,49850.53
AUC-2316,Government Surplus 7620,General Items,General,Dubai,Auction,Closed,2025-09-26 13:00:00,2025-09-28 01:00:00,1.5,2025-11-08 12:00:00,44284.0,54985.63,52818.89,1.041,36,26,403,0.2416590642218407,10701.63,34.575,1.3846153846153846,11.194444444444445,,,False,Friday,13.0,9.0,September,3.0,1.3846153846153846,9.49,5.69,Mid,,0.0,0.0
AUC-2317,Government Surplus 5836,General Items,General,Fujairah,Auction,Closed,2025-10-10 21:00:00,2025-10-12 09:00:00,1.605,2025-11-08 12:00:00,28487.0,42220.84,30580.08,1.3807,96,34,1344,0.4821090321901217,13733.84,90.1,2.823529411764706,14.0,,,False,Friday,21.0,10.0,October,4.0,2.823529411764706,18.96,51.38,Mid,,0.0,42220.84
AUC-2318,Corporate Surplus 6973,General Items,General,Ajman,Auction,Closed,2025-09-27 14:00:00,2025-09-30 10:00:00,2.833,2025-11-08 12:00:00,22230.0,47447.31,25544.62,1.8574,18,11,465,1.1343819163292848,25217.31,23.375,1.6363636363636365,25.83333333333333,,,False,Saturday,14.0,9.0,September,3.0,1.6363636363636365,38.38,23.03,Mid,,0.0,0.0
AUC-2319,Corporate Surplus 5009,General Items,General,Ajman,Auction,Closed,2025-10-08 23:00:00,2025-10-10 03:00:00,1.167,2025-11-08 12:00:00,21510.0,38261.98,23703.87,1.6142,35,19,401,0.778799628079963,16751.98,32.275,1.8421052631578947,11.457142857142856,,,False,Wednesday,23.0,10.0,October,4.0,1.8421052631578947,27.31,16.39,Mid,,0.0,0.0
AUC-2320,Corporate Surplus 1575,General Items,General,Dubai,Auction,Closed,2025-09-20 18:00:00,2025-09-22 01:00:00,1.292,2025-11-08 12:00:00,43228.0,77344.15,48732.17,1.5871,35,17,485,0.7892141667437771,34116.15,33.875,2.0588235294117645,13.857142857142858,,,False,Saturday,18.0,9.0,September,3.0,2.0588235294117645,27.43,56.46,Mid,,0.0,77344.15
AUC-2321,Government Surplus 1052,General Items,General,Ras Al Khaimah,Auction,Closed,2025-11-05 02:00:00,2025-11-07 00:00:00,1.917,2025-11-08 12:00:00,13529.0,29014.91,15025.99,1.931,36,12,413,1.1446455761697094,15485.91,31.325,3.0,11.47222222222222,,,False,Wednesday,2.0,11.0,November,4.0,3.0,39.49,63.69,Mid,,0.0,29014.91
AUC-2322,Corporate Surplus 1351,General Items,General,Abu Dhabi,BuyNow,Closed,2025-10-25 12:00:00,2025-10-26 03:00:00,0.765,2025-11-08 12:00:00,11928.0,23717.47,12738.09,1.8619,74,22,808,0.988386150234742,11789.47,62.7,3.363636363636364,10.91891891891892,,,False,Saturday,12.0,10.0,October,4.0,3.363636363636364,35.61,61.37,Mid,,0.0,23717.47
AUC-2323,Corporate Surplus 6169,General Items,General,Sharjah,BuyNow,Closed,2025-10-18 21:00:00,2025-10-21 09:00:00,2.618,2025-11-08 12:00:00,3146.0,4088.01,3759.42,1.0874,67,20,1291,0.2994310235219327,942.01,70.775,3.35,19.26865671641791,,,False,Saturday,21.0,10.0,October,4.0,3.35,12.09,47.25,Low,,0.0,4088.01
AUC-2324,Government Surplus 5622,General Items,General,Sharjah,Auction,Closed,2025-09-11 11:00:00,2025-09-12 06:00:00,0.792,2025-11-08 12:00:00,43637.0,90926.28,46947.17,1.9368,46,29,492,1.0836968627540848,47289.28,42.55,1.5862068965517242,10.695652173913045,,,False,Thursday,11.0,9.0,September,3.0,1.5862068965517242,37.65,22.59,Mid,,0.0,0.0
AUC-2325,Other 7726,General Items,General,Dubai,Auction,Closed,2025-10-06 21:00:00,2025-10-07 17:00:00,0.833,2025-11-08 12:00:00,7824.0,8231.84,9014.94,0.9131,1,1,21,0.0521267893660531,407.84,1.275,1.0,21.0,,,False,Monday,21.0,10.0,October,4.0,1.0,1.77,1.06,Low,,0.0,0.0
AUC-2326,Government Surplus 9050,General Items,General,Ajman,Auction,Closed,2025-10-16 10:00:00,2025-10-16 14:00:00,0.167,2025-11-08 12:00:00,21789.0,25064.16,25373.39,0.9878,25,8,375,0.1503125430262976,3275.16,23.875,3.125,15.0,,,False,Thursday,10.0,10.0,October,4.0,3.125,5.73,43.44,Mid,,0.0,25064.16
AUC-2327,Corporate Surplus 2570,General Items,General,Ras Al Khaimah,Auction,Closed,2025-10-12 11:00:00,2025-10-13 14:00:00,1.125,2025-11-08 12:00:00,37106.0,65332.33,40501.8,1.6131,37,20,599,0.7606944968468712,28226.33,38.475,1.85,16.18918918918919,,,False,Sunday,11.0,10.0,October,4.0,1.85,26.5,55.9,Mid,,0.0,65332.33
AUC-2328,Other 9614,General Items,General,Sharjah,Auction,Closed,2025-10-09 17:00:00,2025-10-11 12:00:00,1.792,2025-11-08 12:00:00,33079.0,67553.68,38291.94,1.7642,51,20,800,1.0421923274585083,34474.68,50.5,2.55,15.68627450980392,,,False,Thursday,17.0,10.0,October,4.0,2.55,36.39,61.83,Mid,,0.0,67553.68
AUC-2329,Corporate Surplus 9383,General Items,General,Dubai,Auction,Closed,2025-09-13 13:00:00,2025-09-15 16:00:00,2.275,2025-11-08 12:00:00,31120.0,62115.44,33235.08,1.869,107,31,1625,0.9959974293059126,30995.44,101.875,3.4516129032258065,15.186915887850468,,,False,Saturday,13.0,9.0,September,3.0,3.4516129032258065,36.45,61.87,Mid,,0.0,62115.44
AUC-2330,Corporate Surplus 6542,General Items,General,Abu Dhabi,Auction,Closed,2025-09-08 17:00:00,2025-09-11 10:00:00,2.708,2025-11-08 12:00:00,47004.0,69924.55,50915.29,1.3734,37,23,378,0.4876297761892605,22920.55,33.7,1.608695652173913,10.216216216216216,,,False,Monday,17.0,9.0,September,3.0,1.608695652173913,17.65,50.59,Mid,,0.0,69924.55
AUC-2331,Government Surplus 5773,General Items,General,Umm Al Quwain,Auction,Closed,2025-09-15 20:00:00,2025-09-18 04:00:00,2.333,2025-11-08 12:00:00,34321.0,42604.94,38269.85,1.1133,2,1,60,0.2413665102998165,8283.94,2.75,2.0,30.0,,,False,Monday,20.0,9.0,September,3.0,2.0,8.11,44.87,Mid,,0.0,42604.94
AUC-2332,Government Surplus 2589,General Items,General,Ajman,Auction,Closed,2025-09-16 12:00:00,2025-09-17 13:00:00,1.042,2025-11-08 12:00:00,11256.0,18251.78,13081.0,1.3953,54,17,1555,0.6215156361051882,6995.78,70.125,3.176470588235294,28.796296296296298,,,False,Tuesday,12.0,9.0,September,3.0,3.176470588235294,22.4,13.44,Mid,,0.0,0.0
AUC-2333,Government Surplus 2604,General Items,General,Fujairah,Auction,Closed,2025-10-24 16:00:00,2025-10-27 04:00:00,2.585,2025-11-08 12:00:00,31857.0,36305.31,35534.5,1.0217,78,29,1666,0.1396336754873339,4448.31,87.9,2.689655172413793,21.35897435897436,,,False,Friday,16.0,10.0,October,4.0,2.689655172413793,6.86,44.12,Mid,,0.0,36305.31
AUC-2334,Other 1167,General Items,General,Umm Al Quwain,Auction,Closed,2025-10-21 12:00:00,2025-10-22 05:00:00,0.806,2025-11-08 12:00:00,43409.0,61275.38,48056.15,1.2751,101,30,2239,0.4115823907484622,17866.38,113.975,3.3666666666666667,22.168316831683168,,,False,Tuesday,12.0,10.0,October,4.0,3.3666666666666667,16.68,50.01,Mid,,0.0,61275.38
AUC-2335,Other 6812,General Items,General,Ajman,BuyNow,Closed,2025-10-02 09:00:00,2025-10-03 03:00:00,0.81,2025-11-08 12:00:00,47786.0,50292.94,51132.14,0.9836,74,28,743,0.0524618088980036,2506.94,62.575,2.642857142857143,10.04054054054054,,,False,Thursday,9.0,10.0,October,4.0,2.642857142857143,4.38,2.63,Mid,,0.0,0.0
AUC-2336,Government Surplus 4897,General Items,General,Abu Dhabi,Auction,Closed,2025-09-27 16:00:00,2025-09-28 20:00:00,1.167,2025-11-08 12:00:00,5285.0,9056.42,6236.28,1.4522,32,17,482,0.713608325449385,3771.42,32.3,1.8823529411764703,15.0625,,,False,Saturday,16.0,9.0,September,3.0,1.8823529411764703,24.94,54.96,Low,,0.0,9056.42
AUC-2337,Government Surplus 2727,General Items,General,Abu Dhabi,Auction,Closed,2025-10-24 19:00:00,2025-10-26 11:00:00,1.667,2025-11-08 12:00:00,45104.0,85382.76,49356.12,1.7299,12,4,326,0.8930196878325646,40278.76,15.15,3.0,27.166666666666668,,,False,Friday,19.0,10.0,October,4.0,3.0,30.14,58.08,Mid,,0.0,85382.76
AUC-2338,Government Surplus 2204,General Items,General,Abu Dhabi,Auction,Closed,2025-09-23 15:00:00,2025-09-24 08:00:00,0.708,2025-11-08 12:00:00,13743.0,20824.72,15710.36,1.3255,24,8,385,0.5152965145892455,7081.72,23.625,3.0,16.041666666666668,,,False,Tuesday,15.0,9.0,September,3.0,3.0,17.97,50.78,Mid,,0.0,20824.72
AUC-2339,Corporate Surplus 1571,General Items,General,Abu Dhabi,Auction,Closed,2025-10-24 05:00:00,2025-10-26 22:00:00,2.846,2025-11-08 12:00:00,7802.0,13979.78,8887.76,1.5729,97,29,2825,0.791820046142015,6177.78,126.375,3.3448275862068964,29.123711340206185,,,False,Friday,5.0,10.0,October,4.0,3.3448275862068964,29.44,57.66,Low,,0.0,13979.78
AUC-2340,Corporate Surplus 6767,General Items,General,Sharjah,Auction,Closed,2025-10-22 10:00:00,2025-10-23 08:00:00,0.917,2025-11-08 12:00:00,749.0,1390.69,874.78,1.5898,28,12,310,0.8567289719626169,641.69,24.75,2.333333333333333,11.071428571428571,,,False,Wednesday,10.0,10.0,October,4.0,2.333333333333333,29.6,17.76,Low,,0.0,0.0
AUC-2341,Other 7167,General Items,General,Ajman,Auction,Closed,2025-10-18 18:00:00,2025-10-20 00:00:00,1.363,2025-11-08 12:00:00,12698.0,16744.31,14186.99,1.1803,61,26,736,0.3186572688612381,4046.31,55.4,2.3461538461538463,12.065573770491802,,,False,Saturday,18.0,10.0,October,4.0,2.3461538461538463,12.56,47.54,Mid,,0.0,16744.31
AUC-2342,Other 6684,General Items,General,Ajman,BuyNow,Closed,2025-09-15 16:00:00,2025-09-17 13:00:00,1.875,2025-11-08 12:00:00,12614.0,13413.33,13647.87,0.9828,4,2,106,0.0633684794672586,799.33,5.15,2.0,26.5,,,False,Monday,16.0,9.0,September,3.0,2.0,2.26,41.36,Mid,,0.0,13413.33
AUC-2343,Government Surplus 1996,General Items,General,Umm Al Quwain,Auction,Closed,2025-09-23 06:00:00,2025-09-24 15:00:00,1.375,2025-11-08 12:00:00,10614.0,14585.68,12454.35,1.1711,31,17,897,0.3741925758432259,3971.68,42.175,1.8235294117647056,28.93548387096774,,,False,Tuesday,6.0,9.0,September,3.0,1.8235294117647056,13.43,48.06,Mid,,0.0,14585.68
AUC-2344,Corporate Surplus 1372,General Items,General,Ajman,Auction,Closed,2025-10-05 20:00:00,2025-10-07 03:00:00,1.353,2025-11-08 12:00:00,24503.0,47266.53,26106.56,1.8105,115,33,2234,0.9290099171530016,22763.53,121.6,3.484848484848485,19.42608695652174,,,False,Sunday,20.0,10.0,October,4.0,3.484848484848485,34.53,60.72,Mid,,0.0,47266.53
AUC-2345,Corporate Surplus 1955,General Items,General,Ajman,Auction,Closed,2025-09-16 07:00:00,2025-09-19 05:00:00,2.917,2025-11-08 12:00:00,12487.0,21292.41,13347.36,1.5953,31,9,819,0.7051661728197325,8805.41,38.225,3.4444444444444446,26.41935483870968,,,False,Tuesday,7.0,9.0,September,3.0,3.4444444444444446,24.5,54.7,Mid,,0.0,21292.41
AUC-2346,Government Surplus 7763,General Items,General,Sharjah,BuyNow,Closed,2025-09-18 04:00:00,2025-09-19 13:00:00,1.375,2025-11-08 12:00:00,3051.0,5196.91,3363.08,1.5453,5,2,121,0.7033464437889216,2145.91,6.025,2.5,24.2,,,False,Thursday,4.0,9.0,September,3.0,2.5,23.59,14.15,Low,,0.0,0.0
AUC-2347,Other 7658,General Items,General,Umm Al Quwain,Auction,Closed,2025-10-14 10:00:00,2025-10-14 21:00:00,0.458,2025-11-08 12:00:00,9055.0,11855.35,10394.72,1.1405,34,10,554,0.3092600773053562,2800.35,33.35,3.4,16.294117647058822,,,False,Tuesday,10.0,10.0,October,4.0,3.4,11.42,46.85,Low,,0.0,11855.35
AUC-2348,Government Surplus 3653,General Items,General,Ras Al Khaimah,BuyNow,Closed,2025-09-19 13:00:00,2025-09-21 18:00:00,2.208,2025-11-08 12:00:00,10468.0,21683.83,11430.74,1.897,6,3,73,1.0714396255254108,11215.83,5.575,2.0,12.166666666666666,,,False,Friday,13.0,9.0,September,3.0,2.0,35.92,21.55,Mid,,0.0,0.0
AUC-2349,Other 1496,General Items,General,Dubai,Auction,Closed,2025-10-23 10:00:00,2025-10-25 13:00:00,2.225,2025-11-08 12:00:00,21390.0,40152.12,22866.45,1.7559,66,21,1940,0.8771444600280506,18762.12,86.75,3.142857142857143,29.393939393939394,,,False,Thursday,10.0,10.0,October,4.0,3.142857142857143,31.1,58.66,Mid,,0.0,40152.12
AUC-2350,Other 3877,General Items,General,Umm Al Quwain,Auction,Closed,2025-10-07 17:00:00,2025-10-08 11:00:00,0.75,2025-11-08 12:00:00,8008.0,11000.64,9195.48,1.1963,19,7,228,0.3737062937062936,2992.64,16.95,2.7142857142857144,12.0,,,False,Tuesday,17.0,10.0,October,4.0,2.7142857142857144,13.18,47.91,Low,,0.0,11000.64
AUC-2351,Other 8287,General Items,General,Ajman,BuyNow,Closed,2025-10-28 06:00:00,2025-10-30 19:00:00,2.542,2025-11-08 12:00:00,32624.0,38929.21,35467.26,1.0976,26,9,715,0.1932690657184894,6305.21,33.125,2.888888888888889,27.5,,,False,Tuesday,6.0,10.0,October,4.0,2.888888888888889,7.16,44.3,Mid,,0.0,38929.21
AUC-2352,Corporate Surplus 2290,General Items,General,Sharjah,Auction,Closed,2025-10-12 04:00:00,2025-10-13 10:00:00,1.25,2025-11-08 12:00:00,6406.0,10909.89,7352.59,1.4838,57,20,630,0.7030736809241336,4503.89,49.25,2.85,11.052631578947368,,,False,Sunday,4.0,10.0,October,4.0,2.85,25.52,55.31,Low,,0.0,10909.89
AUC-2353,Government Surplus 8164,General Items,General,Umm Al Quwain,Auction,Closed,2025-10-06 08:00:00,2025-10-06 22:00:00,0.583,2025-11-08 12:00:00,37696.0,66577.7,41922.52,1.5881,32,12,625,0.7661741298811544,28881.7,34.625,2.6666666666666665,19.53125,,,False,Monday,8.0,10.0,October,4.0,2.6666666666666665,26.58,55.95,Mid,,0.0,66577.7
AUC-2354,Other 5169,General Items,General,Ras Al Khaimah,BuyNow,Closed,2025-11-02 13:00:00,2025-11-03 04:00:00,0.756,2025-11-08 12:00:00,31447.0,45616.05,37573.53,1.214,73,23,999,0.4505692116895094,14169.05,67.225,3.1739130434782608,13.684931506849315,,,False,Sunday,13.0,11.0,November,4.0,3.1739130434782608,17.13,10.28,Mid,,0.0,0.0
AUC-2355,Other 2272,General Items,General,Umm Al Quwain,Auction,Closed,2025-10-08 14:00:00,2025-10-10 18:00:00,2.293,2025-11-08 12:00:00,48760.0,96099.12,51907.93,1.8513,67,32,1003,0.9708597210828548,47339.12,66.575,2.09375,14.970149253731345,,,False,Wednesday,14.0,10.0,October,4.0,2.09375,34.31,20.59,Mid,,0.0,0.0
AUC-2356,Corporate Surplus 9404,General Items,General,Sharjah,Auction,Closed,2025-09-28 16:00:00,2025-09-29 10:00:00,0.851,2025-11-08 12:00:00,21200.0,27995.64,22368.0,1.2516,101,32,2060,0.3205490566037735,6795.64,110.0,3.15625,20.3960396039604,,,False,Sunday,16.0,9.0,September,3.0,3.15625,14.13,48.48,Mid,,0.0,27995.64
AUC-2357,Other 5664,General Items,General,Sharjah,BuyNow,Closed,2025-09-30 04:00:00,2025-10-01 15:00:00,1.458,2025-11-08 12:00:00,28036.0,31142.99,30154.02,1.0328,41,25,988,0.110821443857897,3106.99,51.45,1.64,24.09756097560976,,,False,Tuesday,4.0,9.0,September,3.0,1.64,5.22,43.13,Mid,,0.0,31142.99
AUC-2358,Government Surplus 7043,General Items,General,Ras Al Khaimah,BuyNow,Closed,2025-11-01 08:00:00,2025-11-03 13:00:00,2.208,2025-11-08 12:00:00,3804.0,5296.15,4344.88,1.2189,55,33,911,0.3922581493165088,1492.15,58.525,1.6666666666666667,16.563636363636363,,,False,Saturday,8.0,11.0,November,4.0,1.6666666666666667,15.06,9.04,Low,,0.0,0.0
AUC-2359,Corporate Surplus 1869,General Items,General,Sharjah,BuyNow,Closed,2025-10-30 09:00:00,2025-11-01 22:00:00,2.681,2025-11-08 12:00:00,30877.0,57116.28,32798.57,1.7414,74,26,1618,0.8498001748874566,26239.28,83.95,2.8461538461538463,21.864864864864863,,,False,Thursday,9.0,10.0,October,4.0,2.8461538461538463,30.65,58.39,Mid,,0.0,57116.28
AUC-2360,Other 4344,General Items,General,Ras Al Khaimah,BuyNow,Closed,2025-10-15 06:00:00,2025-10-16 19:00:00,1.542,2025-11-08 12:00:00,4449.0,7001.75,4739.33,1.4774,9,3,256,0.573780624859519,2552.75,11.65,3.0,28.444444444444443,,,False,Wednesday,6.0,10.0,October,4.0,3.0,19.38,11.63,Low,,0.0,0.0
AUC-2361,Government Surplus 6692,General Items,General,Ajman,Auction,Closed,2025-09-14 23:00:00,2025-09-17 16:00:00,2.828,2025-11-08 12:00:00,35096.0,58500.0,36858.88,1.5871,108,33,1091,0.6668566218372464,23404.0,89.525,3.272727272727273,10.101851851851851,,,False,Sunday,23.0,9.0,September,3.0,3.272727272727273,26.01,55.61,Mid,,0.0,58500.0
AUC-2362,Corporate Surplus 6807,General Items,General,Umm Al Quwain,BuyNow,Closed,2025-09-14 17:00:00,2025-09-15 17:00:00,1.0,2025-11-08 12:00:00,4942.0,7852.32,5662.51,1.3867,37,20,401,0.5888951841359773,2910.32,33.525,1.85,10.83783783783784,,,False,Sunday,17.0,9.0,September,3.0,1.85,21.03,12.62,Low,,0.0,0.0
AUC-2363,Other 1566,General Items,General,Ajman,Auction,Closed,2025-10-17 10:00:00,2025-10-20 01:00:00,2.625,2025-11-08 12:00:00,31402.0,64655.97,36884.48,1.7529,1,1,20,1.0589761798611554,33253.97,1.25,1.0,20.0,,,False,Friday,10.0,10.0,October,4.0,1.0,35.34,61.2,Mid,,0.0,64655.97
AUC-2364,Other 6437,General Items,General,Umm Al Quwain,Auction,Closed,2025-09-24 11:00:00,2025-09-25 08:00:00,0.875,2025-11-08 12:00:00,16802.0,36574.44,19514.77,1.8742,52,22,550,1.176790858231163,19772.44,45.25,2.363636363636364,10.576923076923077,,,False,Wednesday,11.0,9.0,September,3.0,2.363636363636364,41.13,64.68,Mid,,0.0,36574.44
AUC-2365,Other 9499,General Items,General,Sharjah,Auction,Closed,2025-10-03 16:00:00,2025-10-04 00:00:00,0.333,2025-11-08 12:00:00,3981.0,4333.19,4479.16,0.9674,29,9,378,0.0884677216779702,352.19,26.2,3.2222222222222223,13.03448275862069,,,False,Friday,16.0,10.0,October,4.0,3.2222222222222223,3.92,42.35,Low,,0.0,4333.19
AUC-2366,Corporate Surplus 8076,General Items,General,Sharjah,BuyNow,Closed,2025-09-07 06:00:00,2025-09-09 11:00:00,2.298,2025-11-08 12:00:00,49589.0,92461.37,59214.46,1.5615,65,19,899,0.8645540341608017,42872.37,59.725,3.421052631578948,13.830769230769231,,,False,Sunday,6.0,9.0,September,3.0,3.421052631578948,30.9,58.54,Mid,,0.0,92461.37
AUC-2367,Other 2869,General Items,General,Umm Al Quwain,Auction,Closed,2025-10-31 05:00:00,2025-11-02 12:00:00,2.395,2025-11-08 12:00:00,10563.0,12123.2,11187.19,1.0837,73,23,2039,0.1477042506863581,1560.2,93.225,3.1739130434782608,27.931506849315067,,,False,Friday,5.0,10.0,October,4.0,3.1739130434782608,7.34,44.4,Mid,,0.0,12123.2
AUC-2368,Government Surplus 9212,General Items,General,Dubai,BuyNow,Closed,2025-10-03 05:00:00,2025-10-05 23:00:00,2.75,2025-11-08 12:00:00,34198.0,41963.45,35974.18,1.1665,2,1,33,0.2270732206561786,7765.45,2.075,2.0,16.5,,,False,Friday,5.0,10.0,October,4.0,2.0,7.63,4.58,Mid,,0.0,0.0
AUC-2369,Corporate Surplus 7145,General Items,General,Fujairah,Auction,Closed,2025-09-30 13:00:00,2025-10-03 07:00:00,2.75,2025-11-08 12:00:00,13256.0,24949.21,14531.09,1.717,48,15,998,0.8821069704284852,11693.21,52.7,3.2,20.791666666666668,,,False,Tuesday,13.0,9.0,September,3.0,3.2,30.74,58.44,Mid,,0.0,24949.21
AUC-2370,Corporate Surplus 1512,General Items,General,Ajman,Auction,Closed,2025-10-19 16:00:00,2025-10-20 02:00:00,0.417,2025-11-08 12:00:00,12124.0,13629.2,13851.88,0.9839,3,2,89,0.1241504453975586,1505.2,4.225,1.5,29.666666666666668,,,False,Sunday,16.0,10.0,October,4.0,1.5,4.25,42.55,Mid,,0.0,13629.2
AUC-2371,Other 2154,General Items,General,Ajman,Auction,Closed,2025-11-02 20:00:00,2025-11-04 18:00:00,1.917,2025-11-08 12:00:00,29030.0,45842.85,33515.13,1.3678,13,4,152,0.5791543231140199,16812.85,11.3,3.25,11.692307692307692,,,False,Sunday,20.0,11.0,November,4.0,3.25,19.79,51.87,Mid,,0.0,45842.85
AUC-2372,Other 9290,General Items,General,Umm Al Quwain,Auction,Closed,2025-11-01 17:00:00,2025-11-03 20:00:00,2.125,2025-11-08 12:00:00,47468.0,102666.32,52539.86,1.9541,20,8,229,1.1628532906379037,55198.32,17.725,2.5,11.45,,,False,Saturday,17.0,11.0,November,4.0,2.5,39.42,63.65,Mid,,0.0,102666.32
AUC-2373,Other 2886,General Items,General,Fujairah,Auction,Closed,2025-10-08 17:00:00,2025-10-10 13:00:00,1.833,2025-11-08 12:00:00,10583.0,12425.56,11453.2,1.0849,57,27,1097,0.174105641122555,1842.56,62.675,2.111111111111111,19.24561403508772,,,False,Wednesday,17.0,10.0,October,4.0,2.111111111111111,7.42,44.45,Mid,,0.0,12425.56
AUC-2374,Corporate Surplus 1870,General Items,General,Dubai,Auction,Closed,2025-09-26 20:00:00,2025-09-27 01:00:00,0.208,2025-11-08 12:00:00,19725.0,31641.35,23127.66,1.3681,38,15,688,0.6041242078580481,11916.35,39.95,2.533333333333333,18.105263157894736,,,False,Friday,20.0,9.0,September,3.0,2.533333333333333,21.2,52.72,Mid,,0.0,31641.35
AUC-2375,Corporate Surplus 5058,General Items,General,Dubai,Auction,Closed,2025-09-26 03:00:00,2025-09-26 10:00:00,0.292,2025-11-08 12:00:00,29983.0,51414.76,33746.46,1.5236,6,2,166,0.7147970516626089,21431.76,7.65,3.0,27.666666666666668,,,False,Friday,3.0,9.0,September,3.0,3.0,24.02,54.41,Mid,,0.0,51414.76
AUC-2376,Corporate Surplus 5729,General Items,General,Abu Dhabi,Auction,Closed,2025-10-26 00:00:00,2025-10-28 01:00:00,2.042,2025-11-08 12:00:00,32107.0,46313.52,35583.3,1.3016,46,26,1053,0.4424742268041236,14206.52,55.825,1.7692307692307692,22.89130434782609,,,False,Sunday,0.0,10.0,October,4.0,1.7692307692307692,16.39,49.83,Mid,,0.0,46313.52
AUC-2377,Corporate Surplus 6157,General Items,General,Sharjah,Auction,Closed,2025-09-14 03:00:00,2025-09-16 17:00:00,2.583,2025-11-08 12:00:00,47833.0,91412.75,50732.0,1.8019,27,19,629,0.9110812618903268,43579.75,33.975,1.4210526315789471,23.296296296296298,,,False,Sunday,3.0,9.0,September,3.0,1.4210526315789471,31.22,58.73,Mid,,0.0,91412.75
AUC-2378,Government Surplus 6929,General Items,General,Dubai,Auction,Closed,2025-10-15 14:00:00,2025-10-16 06:00:00,0.667,2025-11-08 12:00:00,26353.0,47695.66,27775.84,1.7172,14,5,203,0.8098759154555459,21342.66,13.325,2.8,14.5,,,False,Wednesday,14.0,10.0,October,4.0,2.8,27.38,56.43,Mid,,0.0,47695.66
AUC-2379,Corporate Surplus 9988,General Items,General,Dubai,Auction,Closed,2025-09-10 16:00:00,2025-09-10 23:00:00,0.375,2025-11-08 12:00:00,22483.0,33061.39,24307.12,1.3602,68,20,1151,0.4705061602099363,10578.39,67.775,3.4,16.926470588235293,,,False,Wednesday,16.0,9.0,September,3.0,3.4,18.01,50.81,Mid,,0.0,33061.39
AUC-2380,Other 7832,General Items,General,Fujairah,Auction,Closed,2025-10-30 00:00:00,2025-10-31 07:00:00,1.292,2025-11-08 12:00:00,37753.0,43270.93,42786.97,1.0113,24,9,712,0.14615871586364,5517.93,32.05,2.6666666666666665,29.666666666666668,,,False,Thursday,0.0,10.0,October,4.0,2.6666666666666665,5.56,43.34,Mid,,0.0,43270.93
AUC-2381,Other 1233,General Items,General,Abu Dhabi,Auction,Closed,2025-09-16 14:00:00,2025-09-17 15:00:00,1.042,2025-11-08 12:00:00,11510.0,13432.33,12321.14,1.0902,34,22,868,0.1670139009556907,1922.33,44.2,1.5454545454545454,25.529411764705884,,,False,Tuesday,14.0,9.0,September,3.0,1.5454545454545454,6.72,44.03,Mid,,0.0,13432.33
AUC-2382,Other 1797,General Items,General,Umm Al Quwain,Auction,Closed,2025-09-11 14:00:00,2025-09-14 12:00:00,3.023,2025-11-08 12:00:00,44031.0,86156.56,48739.57,1.7677,88,33,2036,0.9567250346346892,42125.56,103.15,2.6666666666666665,23.13636363636364,,,False,Thursday,14.0,9.0,September,3.0,2.6666666666666665,34.97,60.98,Mid,,0.0,86156.56
AUC-2383,Corporate Surplus 1002,General Items,General,Dubai,Auction,Closed,2025-09-16 16:00:00,2025-09-19 10:00:00,2.75,2025-11-08 12:00:00,47979.0,63893.78,53921.11,1.1849,16,11,376,0.3317030367452427,15914.78,20.15,1.4545454545454546,23.5,,,False,Tuesday,16.0,9.0,September,3.0,1.4545454545454546,11.55,46.93,Mid,,0.0,63893.78
AUC-2384,Corporate Surplus 4556,General Items,General,Fujairah,Auction,Closed,2025-09-17 22:00:00,2025-09-19 15:00:00,1.708,2025-11-08 12:00:00,49286.0,92232.23,56182.6,1.6417,49,26,996,0.8713677312015582,42946.23,55.9,1.8846153846153848,20.3265306122449,,,False,Wednesday,22.0,9.0,September,3.0,1.8846153846153848,30.67,18.4,Mid,,0.0,0.0
AUC-2385,Government Surplus 4152,General Items,General,Dubai,Auction,Closed,2025-10-14 12:00:00,2025-10-17 08:00:00,2.833,2025-11-08 12:00:00,26551.0,38642.82,30940.8,1.2489,1,1,16,0.4554186283002523,12091.82,1.15,1.0,16.0,,,False,Tuesday,12.0,10.0,October,4.0,1.0,15.21,49.13,Mid,,0.0,38642.82
AUC-2386,Corporate Surplus 9400,General Items,General,Ajman,Auction,Closed,2025-09-25 16:00:00,2025-09-26 11:00:00,0.792,2025-11-08 12:00:00,21455.0,40252.57,24253.02,1.6597,32,14,370,0.8761393614542065,18797.57,28.75,2.2857142857142856,11.5625,,,False,Thursday,16.0,9.0,September,3.0,2.2857142857142856,30.21,58.13,Mid,,0.0,40252.57
AUC-2387,Corporate Surplus 4295,General Items,General,Sharjah,Auction,Closed,2025-10-01 06:00:00,2025-10-04 05:00:00,2.958,2025-11-08 12:00:00,22111.0,29000.18,25312.23,1.1457,60,31,673,0.3115725204649269,6889.18,54.575,1.935483870967742,11.216666666666669,,,False,Wednesday,6.0,10.0,October,4.0,1.935483870967742,12.67,7.6,Mid,,0.0,0.0
AUC-2388,Government Surplus 1275,General Items,General,Dubai,Auction,Closed,2025-10-11 07:00:00,2025-10-12 17:00:00,1.417,2025-11-08 12:00:00,2610.0,3371.08,2812.55,1.1986,4,3,115,0.2916015325670498,761.08,5.625,1.3333333333333333,28.75,,,False,Saturday,7.0,10.0,October,4.0,1.3333333333333333,9.87,45.92,Low,,0.0,3371.08
AUC-2389,Government Surplus 8953,General Items,General,Dubai,Auction,Closed,2025-09-07 15:00:00,2025-09-09 03:00:00,1.582,2025-11-08 12:00:00,26411.0,27825.02,30611.59,0.909,61,32,958,0.0535390556964901,1414.02,62.45,1.90625,15.704918032786884,,,False,Sunday,15.0,9.0,September,3.0,1.90625,3.52,42.11,Mid,,0.0,27825.02
AUC-2390,Other 3342,General Items,General,Fujairah,BuyNow,Closed,2025-10-20 09:00:00,2025-10-20 16:00:00,0.292,2025-11-08 12:00:00,43350.0,80776.42,45565.85,1.7727,11,4,242,0.8633545559400231,37426.42,12.55,2.75,22.0,,,False,Monday,9.0,10.0,October,4.0,2.75,29.09,57.45,Mid,,0.0,80776.42
AUC-2391,Corporate Surplus 9212,General Items,General,Dubai,Auction,Closed,2025-10-13 16:00:00,2025-10-14 08:00:00,0.667,2025-11-08 12:00:00,34575.0,75894.93,39431.82,1.9247,32,17,874,1.1950811279826463,41319.93,42.1,1.8823529411764703,27.3125,,,False,Monday,16.0,10.0,October,4.0,1.8823529411764703,40.84,64.5,Mid,,0.0,75894.93
AUC-2392,Corporate Surplus 7969,General Items,General,Ras Al Khaimah,Auction,Closed,2025-09-12 20:00:00,2025-09-13 13:00:00,0.708,2025-11-08 12:00:00,37379.0,71039.44,42857.43,1.6576,11,7,122,0.9005174028197652,33660.44,10.3,1.5714285714285714,11.090909090909092,,,False,Friday,20.0,9.0,September,3.0,1.5714285714285714,30.45,58.27,Mid,,0.0,71039.44
AUC-2393,Government Surplus 8923,General Items,General,Ajman,BuyNow,Closed,2025-10-19 20:00:00,2025-10-21 09:00:00,1.542,2025-11-08 12:00:00,9214.0,19719.46,9739.4,2.0247,2,1,22,1.1401627957456044,10505.46,1.8,2.0,11.0,,,False,Sunday,20.0,10.0,October,4.0,2.0,38.08,62.85,Low,,0.0,19719.46
AUC-2394,Corporate Surplus 8376,General Items,General,Sharjah,Auction,Closed,2025-10-28 06:00:00,2025-10-28 22:00:00,0.667,2025-11-08 12:00:00,12568.0,27116.86,13590.35,1.9953,35,12,699,1.15761139401655,14548.86,37.975,2.9166666666666665,19.97142857142857,,,False,Tuesday,6.0,10.0,October,4.0,2.9166666666666665,39.76,63.86,Mid,,0.0,27116.86
AUC-2395,Corporate Surplus 2288,General Items,General,Ajman,Auction,Closed,2025-10-19 12:00:00,2025-10-19 22:00:00,0.538,2025-11-08 12:00:00,32300.0,70853.51,35157.8,2.0153,62,20,1384,1.193607120743034,38553.51,70.6,3.1,22.32258064516129,,,False,Sunday,12.0,10.0,October,4.0,3.1,41.54,64.92,Mid,,0.0,70853.51
AUC-2396,Corporate Surplus 6634,General Items,General,Fujairah,BuyNow,Closed,2025-09-21 15:00:00,2025-09-23 12:00:00,1.875,2025-11-08 12:00:00,14359.0,31578.01,15392.03,2.0516,57,25,648,1.199178912180514,17219.01,50.95,2.28,11.36842105263158,,,False,Sunday,15.0,9.0,September,3.0,2.28,42.12,25.27,Mid,,0.0,0.0
AUC-2397,Corporate Surplus 4708,General Items,General,Dubai,Auction,Closed,2025-09-14 21:00:00,2025-09-17 12:00:00,2.625,2025-11-08 12:00:00,40120.0,71000.29,45584.5,1.5576,31,11,318,0.7696981555333996,30880.29,26.2,2.8181818181818183,10.258064516129032,,,False,Sunday,21.0,9.0,September,3.0,2.8181818181818183,26.76,56.06,Mid,,0.0,71000.29
AUC-2398,Government Surplus 6658,General Items,General,Sharjah,BuyNow,Closed,2025-10-31 11:00:00,2025-10-31 19:00:00,0.333,2025-11-08 12:00:00,3505.0,7379.01,4191.88,1.7603,53,17,1558,1.1052810271041371,3874.01,69.7,3.117647058823529,29.39622641509434,,,False,Friday,11.0,10.0,October,4.0,3.117647058823529,38.39,23.03,Low,,0.0,0.0
AUC-2399,Other 7712,General Items,General,Dubai,Auction,Closed,2025-09-28 19:00:00,2025-09-30 13:00:00,1.75,2025-11-08 12:00:00,24953.0,50045.72,27680.23,1.808,19,7,545,1.0055993267342604,25092.72,24.875,2.7142857142857144,28.68421052631579,,,False,Sunday,19.0,9.0,September,3.0,2.7142857142857144,34.12,60.47,Mid,,0.0,50045.72
AUC-2400,Government Surplus 5508,General Items,General,Umm Al Quwain,Auction,Closed,2025-10-01 05:00:00,2025-10-04 02:00:00,2.875,2025-11-08 12:00:00,45323.0,63367.49,47746.78,1.3272,60,25,786,0.3981309710301612,18044.49,55.9,2.4,13.1,,,False,Wednesday,5.0,10.0,October,4.0,2.4,15.19,49.11,Mid,,0.0,63367.49
AUC-2401,Corporate Surplus 3813,General Items,General,Abu Dhabi,Auction,Closed,2025-09-26 11:00:00,2025-09-27 18:00:00,1.292,2025-11-08 12:00:00,5683.0,7670.58,6159.2,1.2454,8,6,129,0.349741333802569,1987.58,8.725,1.3333333333333333,16.125,,,False,Friday,11.0,9.0,September,3.0,1.3333333333333333,11.95,47.17,Low,,0.0,7670.58
AUC-2402,Government Surplus 9246,General Items,General,Umm Al Quwain,Auction,Closed,2025-09-27 12:00:00,2025-09-28 04:00:00,0.667,2025-11-08 12:00:00,27587.0,36366.07,30598.88,1.1885,56,30,1237,0.3182321383260231,8779.07,66.425,1.8666666666666667,22.089285714285715,,,False,Saturday,12.0,9.0,September,3.0,1.8666666666666667,12.42,7.45,Mid,,0.0,0.0
AUC-2403,Corporate Surplus 6968,General Items,General,Umm Al Quwain,BuyNow,Closed,2025-09-10 20:00:00,2025-09-11 05:00:00,0.375,2025-11-08 12:00:00,42792.0,59893.89,45809.17,1.3075,14,7,214,0.3996515703869882,17101.89,14.1,2.0,15.285714285714286,,,False,Wednesday,20.0,9.0,September,3.0,2.0,13.75,8.25,Mid,,0.0,0.0
AUC-2404,Government Surplus 8968,General Items,General,Ajman,Auction,Closed,2025-10-15 11:00:00,2025-10-18 06:00:00,2.792,2025-11-08 12:00:00,36855.0,41923.94,39553.62,1.0599,48,23,606,0.1375373762040429,5068.94,44.9,2.0869565217391304,12.625,,,False,Wednesday,11.0,10.0,October,4.0,2.0869565217391304,6.27,43.76,Mid,,0.0,41923.94
AUC-2405,Other 3134,General Items,General,Sharjah,Auction,Closed,2025-10-20 00:00:00,2025-10-21 07:00:00,1.292,2025-11-08 12:00:00,26035.0,56116.21,28678.77,1.9567,41,12,764,1.1554142500480122,30081.21,42.6,3.4166666666666665,18.634146341463413,,,False,Monday,0.0,10.0,October,4.0,3.4166666666666665,39.9,63.94,Mid,,0.0,56116.21
AUC-2406,Corporate Surplus 8543,General Items,General,Abu Dhabi,Auction,Closed,2025-10-03 08:00:00,2025-10-03 19:00:00,0.458,2025-11-08 12:00:00,25332.0,32146.28,29965.35,1.0728,57,34,784,0.2689988946786673,6814.28,56.6,1.6764705882352942,13.75438596491228,,,False,Friday,8.0,10.0,October,4.0,1.6764705882352942,10.88,46.53,Mid,,0.0,32146.28
AUC-2407,Corporate Surplus 3910,General Items,General,Dubai,Auction,Closed,2025-10-10 00:00:00,2025-10-12 14:00:00,2.583,2025-11-08 12:00:00,24654.0,33565.04,27080.25,1.2395,24,10,629,0.3614439847489251,8911.04,30.225,2.4,26.20833333333333,,,False,Friday,0.0,10.0,October,4.0,2.4,12.83,47.7,Mid,,0.0,33565.04
AUC-2408,Government Surplus 5143,General Items,General,Umm Al Quwain,Auction,Closed,2025-10-07 15:00:00,2025-10-10 01:00:00,2.541,2025-11-08 12:00:00,10583.0,18828.29,12557.27,1.4994,115,33,1698,0.7791070584900313,8245.29,108.2,3.484848484848485,14.765217391304349,,,False,Tuesday,15.0,10.0,October,4.0,3.484848484848485,29.05,57.43,Mid,,0.0,18828.29
AUC-2409,Government Surplus 8743,General Items,General,Ras Al Khaimah,BuyNow,Closed,2025-10-31 12:00:00,2025-11-02 15:00:00,2.189,2025-11-08 12:00:00,39944.0,63284.08,47489.49,1.3326,76,29,1002,0.5843200480672942,23340.08,70.3,2.6206896551724137,13.18421052631579,,,False,Friday,12.0,10.0,October,4.0,2.6206896551724137,21.91,53.15,Mid,,0.0,63284.08
AUC-2410,Corporate Surplus 4192,General Items,General,Sharjah,Auction,Closed,2025-10-30 00:00:00,2025-10-30 09:00:00,0.375,2025-11-08 12:00:00,12172.0,25388.2,14148.7,1.7944,27,16,275,1.085787052251068,13216.2,24.375,1.6875,10.185185185185183,,,False,Thursday,0.0,10.0,October,4.0,1.6875,37.21,62.33,Mid,,0.0,25388.2
AUC-2411,Corporate Surplus 3254,General Items,General,Umm Al Quwain,BuyNow,Closed,2025-09-11 15:00:00,2025-09-12 00:00:00,0.375,2025-11-08 12:00:00,16713.0,32397.3,18861.52,1.7176,58,17,1359,0.938449111470113,15684.3,67.225,3.411764705882353,23.43103448275862,,,False,Thursday,15.0,9.0,September,3.0,3.411764705882353,33.18,59.91,Mid,,0.0,32397.3
AUC-2412,Corporate Surplus 9239,General Items,General,Ras Al Khaimah,Auction,Closed,2025-11-02 08:00:00,2025-11-03 02:00:00,0.75,2025-11-08 12:00:00,14223.0,22229.13,16337.53,1.3606,26,13,293,0.5629002320185615,8006.13,23.575,2.0,11.26923076923077,,,False,Sunday,8.0,11.0,November,4.0,2.0,19.75,11.85,Mid,,0.0,0.0
AUC-2413,Other 9677,General Items,General,Abu Dhabi,Auction,Closed,2025-10-02 22:00:00,2025-10-03 12:00:00,0.583,2025-11-08 12:00:00,35961.0,78335.08,41793.17,1.8744,20,15,322,1.1783343066099383,42374.08,21.8,1.3333333333333333,16.1,,,False,Thursday,22.0,10.0,October,4.0,1.3333333333333333,40.04,64.02,Mid,,0.0,78335.08
AUC-2414,Other 3799,General Items,General,Sharjah,Auction,Closed,2025-09-21 04:00:00,2025-09-22 20:00:00,1.667,2025-11-08 12:00:00,27998.0,43037.64,31288.52,1.3755,35,16,350,0.5371683691692264,15039.64,30.25,2.1875,10.0,,,False,Sunday,4.0,9.0,September,3.0,2.1875,19.17,51.5,Mid,,0.0,43037.64
AUC-2415,Other 3756,General Items,General,Abu Dhabi,Auction,Closed,2025-11-05 16:00:00,2025-11-06 22:00:00,1.25,2025-11-08 12:00:00,35561.0,76620.97,41900.47,1.8286,9,5,220,1.154634852788167,41059.97,11.25,1.8,24.444444444444443,,,False,Wednesday,16.0,11.0,November,4.0,1.8,38.79,63.27,Mid,,0.0,76620.97
AUC-2416,Government Surplus 3048,General Items,General,Umm Al Quwain,Auction,Closed,2025-10-22 11:00:00,2025-10-24 19:00:00,2.333,2025-11-08 12:00:00,15659.0,29767.13,18563.39,1.6035,34,11,455,0.9009598314068588,14108.13,31.125,3.090909090909091,13.382352941176473,,,False,Wednesday,11.0,10.0,October,4.0,3.090909090909091,31.0,58.6,Mid,,0.0,29767.13
AUC-2417,Other 1211,General Items,General,Dubai,Auction,Closed,2025-10-15 22:00:00,2025-10-16 08:00:00,0.417,2025-11-08 12:00:00,44807.0,86569.16,47249.94,1.8322,51,30,572,0.9320454393286765,41762.16,47.3,1.7,11.215686274509803,,,False,Wednesday,22.0,10.0,October,4.0,1.7,33.04,59.82,Mid,,0.0,86569.16
AUC-2418,Corporate Surplus 5975,General Items,General,Sharjah,Auction,Closed,2025-10-05 21:00:00,2025-10-08 02:00:00,2.349,2025-11-08 12:00:00,43604.0,71225.09,50335.04,1.415,105,34,1961,0.6334531235666452,27621.09,110.025,3.088235294117647,18.67619047619048,,,False,Sunday,21.0,10.0,October,4.0,3.088235294117647,24.66,14.8,Mid,,0.0,0.0
AUC-2419,Corporate Surplus 3293,General Items,General,Ajman,BuyNow,Closed,2025-10-14 20:00:00,2025-10-17 15:00:00,2.792,2025-11-08 12:00:00,21296.0,27051.87,25531.43,1.0596,3,2,34,0.2702793951915852,5755.87,2.85,1.5,11.333333333333334,,,False,Tuesday,20.0,10.0,October,4.0,1.5,9.13,45.48,Mid,,0.0,27051.87
AUC-2420,Other 8640,General Items,General,Ras Al Khaimah,BuyNow,Closed,2025-09-29 13:00:00,2025-09-30 01:00:00,0.576,2025-11-08 12:00:00,36507.0,53862.57,38829.49,1.3872,83,25,2293,0.4754038951433971,17355.57,105.075,3.32,27.626506024096383,,,False,Monday,13.0,9.0,September,3.0,3.32,18.6,11.16,Mid,,0.0,0.0
AUC-2421,Corporate Surplus 2540,General Items,General,Umm Al Quwain,BuyNow,Closed,2025-10-22 23:00:00,2025-10-24 23:00:00,2.0,2025-11-08 12:00:00,29850.0,43269.19,34131.8,1.2677,12,9,159,0.4495541038525964,13419.19,12.225,1.3333333333333333,13.25,,,False,Wednesday,23.0,10.0,October,4.0,1.3333333333333333,15.41,49.25,Mid,,0.0,43269.19
AUC-2422,Other 6716,General Items,General,Abu Dhabi,BuyNow,Closed,2025-11-04 01:00:00,2025-11-05 15:00:00,1.658,2025-11-08 12:00:00,1838.0,2278.2,2071.81,1.0996,77,23,846,0.2394994559303589,440.2,65.4,3.347826086956522,10.987012987012989,,,False,Tuesday,1.0,11.0,November,4.0,3.347826086956522,10.12,46.07,Low,,0.0,2278.2
AUC-2423,Other 5560,General Items,General,Fujairah,Auction,Closed,2025-11-06 10:00:00,2025-11-06 20:00:00,0.417,2025-11-08 12:00:00,47421.0,95053.95,55561.27,1.7108,30,22,408,1.0044695388119187,47632.95,30.7,1.3636363636363635,13.6,,,False,Thursday,10.0,11.0,November,4.0,1.3636363636363635,34.51,60.71,Mid,,0.0,95053.95
AUC-2424,Government Surplus 6506,General Items,General,Ras Al Khaimah,Auction,Closed,2025-10-16 20:00:00,2025-10-17 19:00:00,1.011,2025-11-08 12:00:00,16714.0,18100.49,18072.2,1.0016,96,30,2703,0.0829538111762595,1386.49,123.075,3.2,28.15625,,,False,Thursday,20.0,10.0,October,4.0,3.2,5.93,43.56,Mid,,0.0,18100.49
AUC-2425,Other 2014,General Items,General,Sharjah,BuyNow,Closed,2025-10-15 03:00:00,2025-10-17 12:00:00,2.481,2025-11-08 12:00:00,14217.0,15589.4,16622.8,0.9378,75,24,853,0.0965323204614194,1372.4,64.825,3.125,11.373333333333331,,,False,Wednesday,3.0,10.0,October,4.0,3.125,5.97,43.58,Mid,,0.0,15589.4
AUC-2426,Corporate Surplus 5198,General Items,General,Ajman,BuyNow,Closed,2025-09-09 03:00:00,2025-09-11 18:00:00,2.721,2025-11-08 12:00:00,41812.0,65754.81,49450.07,1.3297,74,29,774,0.5726301061896106,23942.81,63.6,2.5517241379310347,10.45945945945946,,,False,Tuesday,3.0,9.0,September,3.0,2.5517241379310347,21.76,13.06,Mid,,0.0,0.0
AUC-2427,Other 6633,General Items,General,Ras Al Khaimah,BuyNow,Closed,2025-11-04 07:00:00,2025-11-05 12:00:00,1.208,2025-11-08 12:00:00,21573.0,30596.74,22751.73,1.3448,36,28,418,0.4182886014926065,9023.74,35.45,1.2857142857142858,11.61111111111111,,,False,Tuesday,7.0,11.0,November,4.0,1.2857142857142858,15.23,49.14,Mid,,0.0,30596.74
AUC-2428,Other 4068,General Items,General,Umm Al Quwain,Auction,Closed,2025-10-06 03:00:00,2025-10-06 14:00:00,0.458,2025-11-08 12:00:00,6710.0,10790.65,7426.26,1.453,60,23,1528,0.6081445603576751,4080.65,73.95,2.608695652173913,25.466666666666665,,,False,Monday,3.0,10.0,October,4.0,2.608695652173913,22.19,53.31,Low,,0.0,10790.65
AUC-2429,Government Surplus 8873,General Items,General,Ras Al Khaimah,Auction,Closed,2025-10-03 16:00:00,2025-10-04 12:00:00,0.833,2025-11-08 12:00:00,33505.0,38035.88,36859.48,1.0319,37,14,723,0.1352299656767646,4530.88,40.075,2.642857142857143,19.54054054054054,,,False,Friday,16.0,10.0,October,4.0,2.642857142857143,5.52,43.31,Mid,,0.0,38035.88
AUC-2430,Government Surplus 5765,General Items,General,Abu Dhabi,BuyNow,Closed,2025-09-24 13:00:00,2025-09-27 02:00:00,2.542,2025-11-08 12:00:00,41641.0,48605.75,44518.87,1.0918,30,12,717,0.1672570303306837,6964.75,35.925,2.5,23.9,,,False,Wednesday,13.0,9.0,September,3.0,2.5,6.51,3.91,Mid,,0.0,0.0
AUC-2431,Government Surplus 4262,General Items,General,Ras Al Khaimah,BuyNow,Closed,2025-09-28 10:00:00,2025-09-30 04:00:00,1.75,2025-11-08 12:00:00,17533.0,19678.22,19291.88,1.02,32,12,379,0.1223532766782639,2145.22,28.475,2.6666666666666665,11.84375,,,False,Sunday,10.0,9.0,September,3.0,2.6666666666666665,5.29,3.17,Mid,,0.0,0.0
AUC-2432,Corporate Surplus 1277,General Items,General,Abu Dhabi,Auction,Closed,2025-11-06 03:00:00,2025-11-07 12:00:00,1.375,2025-11-08 12:00:00,45226.0,83924.16,52743.22,1.5912,45,13,487,0.8556617874673861,38698.16,37.925,3.4615384615384617,10.822222222222225,,,False,Thursday,3.0,11.0,November,4.0,3.4615384615384617,30.07,58.04,Mid,,0.0,83924.16
AUC-2433,Government Surplus 2516,General Items,General,Sharjah,BuyNow,Closed,2025-09-30 17:00:00,2025-09-30 21:00:00,0.167,2025-11-08 12:00:00,10573.0,19564.3,11825.62,1.6544,35,10,863,0.8504019672751347,8991.3,41.575,3.5,24.65714285714286,,,False,Tuesday,17.0,9.0,September,3.0,3.5,29.47,57.68,Mid,,0.0,19564.3
AUC-2434,Other 5288,General Items,General,Ras Al Khaimah,Auction,Closed,2025-10-17 02:00:00,2025-10-19 11:00:00,2.375,2025-11-08 12:00:00,2181.0,4187.26,2599.93,1.6105,26,11,280,0.9198807886290692,2006.26,22.75,2.363636363636364,10.76923076923077,,,False,Friday,2.0,10.0,October,4.0,2.363636363636364,31.62,18.97,Low,,0.0,0.0
AUC-2435,Corporate Surplus 4599,General Items,General,Umm Al Quwain,BuyNow,Closed,2025-09-20 22:00:00,2025-09-22 09:00:00,1.458,2025-11-08 12:00:00,43097.0,71791.85,50553.33,1.4201,28,20,353,0.6658201266909531,28694.85,27.825,1.4,12.607142857142858,,,False,Saturday,22.0,9.0,September,3.0,1.4,23.03,53.82,Mid,,0.0,71791.85
AUC-2436,Other 8842,General Items,General,Ras Al Khaimah,Auction,Closed,2025-10-25 09:00:00,2025-10-27 02:00:00,1.708,2025-11-08 12:00:00,16835.0,17789.26,18224.68,0.9761,15,10,174,0.0566831006831005,954.26,14.35,1.5,11.6,,,False,Saturday,9.0,10.0,October,4.0,1.5,2.49,41.49,Mid,,0.0,17789.26
AUC-2437,Government Surplus 8072,General Items,General,Ras Al Khaimah,BuyNow,Closed,2025-09-23 00:00:00,2025-09-25 13:00:00,2.542,2025-11-08 12:00:00,15768.0,28291.07,18706.67,1.5124,34,12,372,0.7942078893962455,12523.07,29.3,2.833333333333333,10.941176470588236,,,False,Tuesday,0.0,9.0,September,3.0,2.833333333333333,27.65,16.59,Mid,,0.0,0.0
AUC-2438,Corporate Surplus 2430,General Items,General,Ras Al Khaimah,Auction,Closed,2025-09-28 19:00:00,2025-09-30 13:00:00,1.856,2025-11-08 12:00:00,1478.0,1977.0,1574.63,1.2555,86,25,1886,0.3376184032476319,499.0,96.4,3.44,21.930232558139537,,,False,Sunday,19.0,9.0,September,3.0,3.44,13.53,48.12,Low,,0.0,1977.0
AUC-2439,Government Surplus 6322,General Items,General,Dubai,Auction,Closed,2025-09-25 21:00:00,2025-09-28 16:00:00,2.792,2025-11-08 12:00:00,14627.0,31755.94,16533.23,1.9207,26,12,742,1.1710494291378957,17128.94,34.55,2.1666666666666665,28.53846153846154,,,False,Thursday,21.0,9.0,September,3.0,2.1666666666666665,39.96,63.98,Mid,,0.0,31755.94
AUC-2440,Other 5089,General Items,General,Umm Al Quwain,Auction,Closed,2025-10-26 17:00:00,2025-10-28 11:00:00,1.75,2025-11-08 12:00:00,1873.0,2036.51,2148.01,0.9481,6,4,154,0.0872984516817939,163.51,7.85,1.5,25.666666666666668,,,False,Sunday,17.0,10.0,October,4.0,1.5,3.09,41.85,Low,,0.0,2036.51
AUC-2441,Government Surplus 1910,General Items,General,Ras Al Khaimah,Auction,Closed,2025-09-26 10:00:00,2025-09-27 13:00:00,1.125,2025-11-08 12:00:00,8877.0,19012.75,9459.54,2.0099,2,1,35,1.1417990312042356,10135.75,2.125,2.0,17.5,,,False,Friday,10.0,9.0,September,3.0,2.0,38.13,62.88,Low,,0.0,19012.75
AUC-2442,Government Surplus 6992,General Items,General,Umm Al Quwain,Auction,Closed,2025-09-21 10:00:00,2025-09-24 04:00:00,2.75,2025-11-08 12:00:00,29509.0,44335.3,34989.85,1.2671,56,27,934,0.5024331559863093,14826.3,58.1,2.074074074074074,16.678571428571427,,,False,Sunday,10.0,9.0,September,3.0,2.074074074074074,18.49,51.09,Mid,,0.0,44335.3
AUC-2443,Government Surplus 5834,General Items,General,Dubai,BuyNow,Closed,2025-10-07 11:00:00,2025-10-09 10:00:00,2.019,2025-11-08 12:00:00,15439.0,17647.94,18048.79,0.9778,115,33,1458,0.1430753287129994,2208.94,102.2,3.484848484848485,12.678260869565218,,,False,Tuesday,11.0,10.0,October,4.0,3.484848484848485,8.05,44.83,Mid,,0.0,17647.94
AUC-2444,Other 1787,General Items,General,Fujairah,Auction,Closed,2025-10-15 13:00:00,2025-10-17 20:00:00,2.427,2025-11-08 12:00:00,26506.0,57466.45,30176.19,1.9044,67,24,1346,1.1680544027767297,30960.45,73.15,2.7916666666666665,20.08955223880597,,,False,Wednesday,13.0,10.0,October,4.0,2.7916666666666665,41.19,64.71,Mid,,0.0,57466.45
AUC-2445,Government Surplus 5212,General Items,General,Dubai,BuyNow,Closed,2025-10-28 06:00:00,2025-10-29 01:00:00,0.792,2025-11-08 12:00:00,20322.0,37557.55,23979.97,1.5662,4,3,63,0.8481227241413248,17235.55,4.325,1.3333333333333333,15.75,,,False,Tuesday,6.0,10.0,October,4.0,1.3333333333333333,28.41,17.05,Mid,,0.0,0.0
AUC-2446,Corporate Surplus 7584,General Items,General,Dubai,Auction,Closed,2025-10-19 00:00:00,2025-10-21 01:00:00,2.042,2025-11-08 12:00:00,29625.0,41581.42,34511.62,1.2049,40,20,867,0.4035922362869197,11956.42,46.675,2.0,21.675,,,False,Sunday,0.0,10.0,October,4.0,2.0,14.6,48.76,Mid,,0.0,41581.42
AUC-2447,Other 3943,General Items,General,Ras Al Khaimah,Auction,Closed,2025-09-20 21:00:00,2025-09-22 15:00:00,1.75,2025-11-08 12:00:00,23796.0,35002.74,27100.48,1.2916,13,10,135,0.4709505799293998,11206.74,12.375,1.3,10.384615384615383,,,False,Saturday,21.0,9.0,September,3.0,1.3,16.21,49.73,Mid,,0.0,35002.74
AUC-2448,Other 4211,General Items,General,Abu Dhabi,Auction,Closed,2025-10-13 06:00:00,2025-10-13 17:00:00,0.458,2025-11-08 12:00:00,23787.0,31936.84,25655.33,1.2448,30,11,507,0.3426173960566696,8149.84,30.425,2.727272727272727,16.9,,,False,Monday,6.0,10.0,October,4.0,2.727272727272727,12.32,47.39,Mid,,0.0,31936.84
AUC-2449,Government Surplus 1991,General Items,General,Umm Al Quwain,Auction,Closed,2025-09-24 17:00:00,2025-09-25 14:00:00,0.969,2025-11-08 12:00:00,30639.0,37524.8,34794.31,1.0785,88,32,1586,0.2247397108260714,6885.8,91.65,2.75,18.022727272727277,,,False,Wednesday,17.0,9.0,September,3.0,2.75,10.45,46.27,Mid,,0.0,37524.8
AUC-2450,Government Surplus 2838,General Items,General,Ajman,Auction,Closed,2025-09-21 06:00:00,2025-09-23 23:00:00,2.708,2025-11-08 12:00:00,6445.0,13211.54,7611.0,1.7358,39,29,801,1.0498898370830103,6766.54,46.775,1.3448275862068966,20.53846153846154,,,False,Sunday,6.0,9.0,September,3.0,1.3448275862068966,36.43,61.86,Low,,0.0,13211.54
AUC-2451,Corporate Surplus 9829,General Items,General,Fujairah,BuyNow,Closed,2025-09-26 11:00:00,2025-09-28 05:00:00,1.75,2025-11-08 12:00:00,34872.0,72769.83,36679.46,1.9839,51,26,941,1.0867696145905024,37897.83,55.525,1.9615384615384612,18.45098039215686,,,False,Friday,11.0,9.0,September,3.0,1.9615384615384608,37.69,22.61,Mid,,0.0,0.0
AUC-2452,Government Surplus 6586,General Items,General,Fujairah,BuyNow,Closed,2025-09-25 11:00:00,2025-09-27 19:00:00,2.333,2025-11-08 12:00:00,33286.0,55261.07,36750.12,1.5037,59,18,707,0.6601895691882473,21975.07,51.675,3.2777777777777777,11.983050847457626,,,False,Thursday,11.0,9.0,September,3.0,3.2777777777777777,24.21,54.53,Mid,,0.0,55261.07
AUC-2453,Other 2584,General Items,General,Abu Dhabi,Auction,Closed,2025-10-01 19:00:00,2025-10-02 10:00:00,0.743,2025-11-08 12:00:00,42102.0,82400.17,45101.48,1.827,62,20,1463,0.9571557170680728,40298.17,72.575,3.1,23.596774193548388,,,False,Wednesday,19.0,10.0,October,4.0,3.1,33.86,60.32,Mid,,0.0,82400.17
AUC-2454,Corporate Surplus 5344,General Items,General,Dubai,BuyNow,Closed,2025-10-06 01:00:00,2025-10-06 19:00:00,0.823,2025-11-08 12:00:00,20273.0,21831.32,23100.36,0.9451,81,32,2172,0.076866768608494,1558.32,102.8,2.53125,26.814814814814813,,,False,Monday,1.0,10.0,October,4.0,2.53125,4.94,2.96,Mid,,0.0,0.0
AUC-2455,Corporate Surplus 2734,General Items,General,Abu Dhabi,Auction,Closed,2025-10-23 22:00:00,2025-10-26 18:00:00,2.833,2025-11-08 12:00:00,46332.0,70605.93,54301.95,1.3002,53,23,531,0.5239128464128463,24273.93,45.525,2.3043478260869565,10.0188679245283,,,False,Thursday,22.0,10.0,October,4.0,2.3043478260869565,19.17,51.5,Mid,,0.0,70605.93
AUC-2456,Government Surplus 4984,General Items,General,Ajman,Auction,Closed,2025-09-16 16:00:00,2025-09-18 00:00:00,1.417,2025-11-08 12:00:00,1908.0,4190.51,2040.89,2.0533,70,20,1909,1.196284067085954,2282.51,87.725,3.5,27.27142857142857,,,False,Tuesday,16.0,9.0,September,3.0,3.5,42.18,65.31,Low,,0.0,4190.51
AUC-2457,Corporate Surplus 2310,General Items,General,Dubai,Auction,Closed,2025-09-08 00:00:00,2025-09-10 16:00:00,2.667,2025-11-08 12:00:00,10365.0,21963.44,11406.53,1.9255,11,4,326,1.1190004823926676,11598.44,14.65,2.75,29.63636363636364,,,False,Monday,0.0,9.0,September,3.0,2.75,37.6,62.56,Mid,,0.0,21963.44
AUC-2458,Government Surplus 6568,General Items,General,Dubai,Auction,Closed,2025-10-08 05:00:00,2025-10-10 15:00:00,2.559,2025-11-08 12:00:00,9264.0,12879.39,10003.56,1.2875,115,34,1764,0.3902623056994818,3615.39,110.1,3.3823529411764706,15.339130434782607,,,False,Wednesday,5.0,10.0,October,4.0,3.3823529411764706,16.41,49.85,Low,,0.0,12879.39
AUC-2459,Other 6131,General Items,General,Sharjah,Auction,Closed,2025-09-12 08:00:00,2025-09-13 10:00:00,1.083,2025-11-08 12:00:00,40148.0,86114.15,42325.9,2.0345,38,28,599,1.1449175550463284,45966.15,40.975,1.3571428571428572,15.763157894736842,,,False,Friday,8.0,9.0,September,3.0,1.3571428571428572,39.52,63.71,Mid,,0.0,86114.15
AUC-2460,Government Surplus 6700,General Items,General,Abu Dhabi,Auction,Closed,2025-09-06 16:00:00,2025-09-09 12:00:00,2.833,2025-11-08 12:00:00,23133.0,29292.06,25738.78,1.1381,22,13,615,0.2662456231357801,6159.06,29.625,1.6923076923076923,27.954545454545453,,,False,Saturday,16.0,9.0,September,3.0,1.6923076923076923,9.67,45.8,Mid,,0.0,29292.06
AUC-2461,Other 4992,General Items,General,Abu Dhabi,Auction,Closed,2025-10-06 06:00:00,2025-10-08 14:00:00,2.333,2025-11-08 12:00:00,1656.0,2913.57,1765.88,1.6499,11,9,304,0.7594021739130435,1257.57,15.35,1.2222222222222223,27.63636363636364,,,False,Monday,6.0,10.0,October,4.0,1.2222222222222223,25.69,55.41,Low,,0.0,2913.57
AUC-2462,Other 3573,General Items,General,Ajman,Auction,Closed,2025-09-24 18:00:00,2025-09-25 06:00:00,0.579,2025-11-08 12:00:00,39986.0,82618.09,42215.72,1.957,105,33,1561,1.066175411393988,42632.09,99.775,3.1818181818181817,14.866666666666667,,,False,Wednesday,18.0,9.0,September,3.0,3.1818181818181817,38.78,63.27,Mid,,0.0,82618.09
AUC-2463,Government Surplus 3245,General Items,General,Sharjah,Auction,Closed,2025-09-29 21:00:00,2025-09-30 07:00:00,0.47,2025-11-08 12:00:00,39691.0,55392.16,42233.13,1.3116,92,33,1915,0.3955848933007483,15701.16,102.125,2.787878787878788,20.815217391304348,,,False,Monday,21.0,9.0,September,3.0,2.787878787878788,15.88,49.53,Mid,,0.0,55392.16
AUC-2464,Government Surplus 2936,General Items,General,Fujairah,Auction,Closed,2025-10-23 03:00:00,2025-10-23 15:00:00,0.5,2025-11-08 12:00:00,36062.0,56727.38,41057.45,1.3817,24,15,379,0.5730514114580444,20665.38,25.225,1.6,15.791666666666666,,,False,Thursday,3.0,10.0,October,4.0,1.6,19.87,51.92,Mid,,0.0,56727.38
AUC-2465,Corporate Surplus 4864,General Items,General,Ajman,Auction,Closed,2025-11-02 07:00:00,2025-11-04 13:00:00,2.25,2025-11-08 12:00:00,19662.0,21255.01,22819.37,0.9314,28,8,523,0.0810197334960837,1593.01,29.075,3.5,18.678571428571427,,,False,Sunday,7.0,11.0,November,4.0,3.5,3.65,2.19,Mid,,0.0,0.0
AUC-2466,Government Surplus 5062,General Items,General,Fujairah,BuyNow,Closed,2025-10-10 22:00:00,2025-10-11 11:00:00,0.68,2025-11-08 12:00:00,30494.0,43869.91,33275.35,1.3184,95,28,1065,0.4386407162064669,13375.91,81.125,3.392857142857143,11.210526315789474,,,False,Friday,22.0,10.0,October,4.0,3.392857142857143,17.47,10.48,Mid,,0.0,0.0
AUC-2467,Government Surplus 7061,General Items,General,Ajman,Auction,Closed,2025-09-20 12:00:00,2025-09-21 11:00:00,0.958,2025-11-08 12:00:00,43225.0,55292.13,46388.6,1.1919,38,22,863,0.2791701561596297,12067.13,46.075,1.7272727272727273,22.710526315789476,,,False,Saturday,12.0,9.0,September,3.0,1.7272727272727273,10.51,46.31,Mid,,0.0,55292.13
AUC-2468,Other 1471,General Items,General,Umm Al Quwain,Auction,Closed,2025-10-17 22:00:00,2025-10-19 07:00:00,1.51,2025-11-08 12:00:00,31750.0,59281.95,35900.44,1.6513,83,31,1487,0.8671480314960629,27531.95,86.425,2.677419354838709,17.91566265060241,,,False,Friday,22.0,10.0,October,4.0,2.677419354838709,31.41,58.85,Mid,,0.0,59281.95
AUC-2469,Corporate Surplus 3535,General Items,General,Ras Al Khaimah,Auction,Closed,2025-09-20 14:00:00,2025-09-21 03:00:00,0.542,2025-11-08 12:00:00,20578.0,42216.86,24684.65,1.7102,52,19,1183,1.0515531149771602,21638.86,60.325,2.736842105263158,22.75,,,False,Saturday,14.0,9.0,September,3.0,2.736842105263158,36.8,62.08,Mid,,0.0,42216.86
AUC-2470,Government Surplus 8672,General Items,General,Ras Al Khaimah,Auction,Closed,2025-09-28 09:00:00,2025-09-29 11:00:00,1.083,2025-11-08 12:00:00,36262.0,45273.29,40235.57,1.1252,23,19,289,0.2485050466052617,9011.29,23.475,1.2105263157894737,12.565217391304348,,,False,Sunday,9.0,9.0,September,3.0,1.2105263157894737,9.13,45.48,Mid,,0.0,45273.29
AUC-2471,Corporate Surplus 9236,General Items,General,Sharjah,Auction,Closed,2025-09-24 17:00:00,2025-09-26 19:00:00,2.083,2025-11-08 12:00:00,10925.0,23328.7,11592.92,2.0123,14,5,349,1.135350114416476,12403.7,16.975,2.8,24.928571428571427,,,False,Wednesday,17.0,9.0,September,3.0,2.8,38.28,62.97,Mid,,0.0,23328.7
AUC-2472,Government Surplus 9377,General Items,General,Fujairah,BuyNow,Closed,2025-10-17 17:00:00,2025-10-20 15:00:00,2.917,2025-11-08 12:00:00,45130.0,66369.88,53666.07,1.2367,36,21,644,0.4706377132727676,21239.88,39.35,1.7142857142857142,17.88888888888889,,,False,Friday,17.0,10.0,October,4.0,1.7142857142857142,16.97,50.18,Mid,,0.0,66369.88
AUC-2473,Other 3756,General Items,General,Umm Al Quwain,Auction,Closed,2025-10-08 09:00:00,2025-10-09 20:00:00,1.458,2025-11-08 12:00:00,27634.0,35349.89,30168.7,1.1717,43,13,773,0.2792172685821814,7715.89,44.075,3.3076923076923075,17.976744186046513,,,False,Wednesday,9.0,10.0,October,4.0,3.3076923076923075,10.74,46.44,Mid,,0.0,35349.89
AUC-2474,Government Surplus 2234,General Items,General,Ajman,Auction,Closed,2025-10-25 08:00:00,2025-10-27 14:00:00,2.25,2025-11-08 12:00:00,37924.0,71185.7,44662.3,1.5939,22,7,438,0.8770620187743908,33261.7,23.7,3.142857142857143,19.90909090909091,,,False,Saturday,8.0,10.0,October,4.0,3.142857142857143,29.82,57.89,Mid,,0.0,71185.7
AUC-2475,Other 2783,General Items,General,Sharjah,Auction,Closed,2025-10-22 05:00:00,2025-10-23 21:00:00,1.816,2025-11-08 12:00:00,49763.0,64720.17,52596.65,1.2305,89,27,1303,0.3005680927596808,14957.17,83.825,3.2962962962962963,14.640449438202246,,,False,Wednesday,5.0,10.0,October,4.0,3.2962962962962963,12.7,47.62,Mid,,0.0,64720.17
AUC-2476,Other 2186,General Items,General,Umm Al Quwain,Auction,Closed,2025-11-01 00:00:00,2025-11-02 11:00:00,1.458,2025-11-08 12:00:00,49190.0,62922.6,54838.41,1.1474,35,12,497,0.279174628989632,13732.6,32.925,2.9166666666666665,14.2,,,False,Saturday,0.0,11.0,November,4.0,2.9166666666666665,10.33,46.2,Mid,,0.0,62922.6
AUC-2477,Government Surplus 9590,General Items,General,Ajman,Auction,Closed,2025-10-28 23:00:00,2025-10-30 14:00:00,1.625,2025-11-08 12:00:00,4744.0,6332.78,4998.56,1.2669,13,8,136,0.3349030354131534,1588.78,11.9,1.625,10.461538461538462,,,False,Tuesday,23.0,10.0,October,4.0,1.625,11.66,47.0,Low,,0.0,6332.78
AUC-2478,Government Surplus 8949,General Items,General,Ajman,Auction,Closed,2025-10-22 18:00:00,2025-10-25 15:00:00,2.98,2025-11-08 12:00:00,31748.0,41720.02,37886.75,1.1012,67,33,1445,0.314099155852337,9972.02,77.875,2.0303030303030303,21.56716417910448,,,False,Wednesday,18.0,10.0,October,4.0,2.0303030303030303,12.54,47.52,Mid,,0.0,41720.02
AUC-2479,Corporate Surplus 8294,General Items,General,Fujairah,BuyNow,Closed,2025-10-04 02:00:00,2025-10-04 10:00:00,0.407,2025-11-08 12:00:00,5732.0,6788.39,6268.22,1.083,93,33,2407,0.1842969295184927,1056.39,114.925,2.8181818181818183,25.881720430107528,,,False,Saturday,2.0,10.0,October,4.0,2.8181818181818183,8.96,5.38,Low,,0.0,0.0
AUC-2480,Other 7567,General Items,General,Ajman,Auction,Closed,2025-10-10 11:00:00,2025-10-12 01:00:00,1.583,2025-11-08 12:00:00,48517.0,78069.9,57065.35,1.3681,33,17,879,0.6091246367252714,29552.9,42.725,1.9411764705882355,26.63636363636364,,,False,Friday,11.0,10.0,October,4.0,1.9411764705882355,21.43,52.86,Mid,,0.0,78069.9
AUC-2481,Corporate Surplus 4087,General Items,General,Umm Al Quwain,Auction,Closed,2025-10-21 15:00:00,2025-10-21 22:00:00,0.292,2025-11-08 12:00:00,19011.0,29915.29,21554.7,1.3879,31,11,429,0.5735779285676714,10904.29,28.975,2.8181818181818183,13.838709677419354,,,False,Tuesday,15.0,10.0,October,4.0,2.8181818181818183,20.14,52.08,Mid,,0.0,29915.29
AUC-2482,Corporate Surplus 5280,General Items,General,Umm Al Quwain,Auction,Closed,2025-09-14 00:00:00,2025-09-16 15:00:00,2.625,2025-11-08 12:00:00,3843.0,5157.67,4243.65,1.2154,12,6,124,0.3420947176684882,1314.67,10.6,2.0,10.333333333333334,,,False,Sunday,0.0,9.0,September,3.0,2.0,11.85,7.11,Low,,0.0,0.0
AUC-2483,Other 8572,General Items,General,Ras Al Khaimah,BuyNow,Closed,2025-10-04 19:00:00,2025-10-06 15:00:00,1.833,2025-11-08 12:00:00,41494.0,85899.13,46014.87,1.8668,35,22,876,1.0701578541475878,44405.13,44.9,1.5909090909090908,25.02857142857143,,,False,Saturday,19.0,10.0,October,4.0,1.5909090909090908,36.84,62.1,Mid,,0.0,85899.13
AUC-2484,Other 8328,General Items,General,Dubai,Auction,Closed,2025-09-13 03:00:00,2025-09-13 10:00:00,0.292,2025-11-08 12:00:00,16760.0,36097.18,19980.04,1.8067,50,21,1219,1.1537696897374703,19337.18,60.725,2.380952380952381,24.38,,,False,Saturday,3.0,9.0,September,3.0,2.380952380952381,39.98,63.99,Mid,,0.0,36097.18
AUC-2485,Corporate Surplus 5668,General Items,General,Ajman,Auction,Closed,2025-09-27 20:00:00,2025-09-29 18:00:00,2.02,2025-11-08 12:00:00,45424.0,57149.33,49540.36,1.1536,61,22,973,0.2581307238464248,11725.33,60.325,2.772727272727273,15.950819672131148,,,False,Saturday,20.0,9.0,September,3.0,2.772727272727273,10.65,46.39,Mid,,0.0,57149.33
AUC-2486,Corporate Surplus 8537,General Items,General,Ajman,BuyNow,Closed,2025-11-05 13:00:00,2025-11-06 22:00:00,1.455,2025-11-08 12:00:00,1964.0,3471.19,2340.61,1.483,65,27,1204,0.767408350305499,1507.19,69.35,2.4074074074074074,18.523076923076925,,,False,Wednesday,13.0,11.0,November,4.0,2.4074074074074074,27.87,56.72,Low,,0.0,3471.19
AUC-2487,Other 4120,General Items,General,Sharjah,Auction,Closed,2025-09-13 23:00:00,2025-09-14 06:00:00,0.292,2025-11-08 12:00:00,12438.0,15075.17,13786.97,1.0934,45,17,537,0.2120252452162727,2637.17,40.175,2.647058823529412,11.933333333333334,,,False,Saturday,23.0,9.0,September,3.0,2.647058823529412,8.77,45.26,Mid,,0.0,15075.17
AUC-2488,Government Surplus 4721,General Items,General,Ajman,BuyNow,Closed,2025-09-13 16:00:00,2025-09-16 14:00:00,2.917,2025-11-08 12:00:00,31820.0,36107.8,34717.49,1.04,53,24,658,0.1347517284726588,4287.8,48.95,2.208333333333333,12.41509433962264,,,False,Saturday,16.0,9.0,September,3.0,2.208333333333333,6.31,43.79,Mid,,0.0,36107.8
AUC-2489,Other 8555,General Items,General,Sharjah,Auction,Closed,2025-09-28 16:00:00,2025-09-29 21:00:00,1.304,2025-11-08 12:00:00,4463.0,7797.18,5209.89,1.4966,69,23,1507,0.7470714765852566,3334.18,77.925,3.0,21.84057971014493,,,False,Sunday,16.0,9.0,September,3.0,3.0,27.11,56.27,Low,,0.0,7797.18
AUC-2490,Government Surplus 4387,General Items,General,Ras Al Khaimah,Auction,Closed,2025-10-05 22:00:00,2025-10-06 03:00:00,0.356,2025-11-08 12:00:00,36999.0,49864.24,41370.51,1.2053,75,28,2250,0.3477185869888375,12865.24,100.75,2.6785714285714284,30.0,,,False,Sunday,22.0,10.0,October,4.0,2.6785714285714284,13.72,48.23,Mid,,0.0,49864.24
AUC-2491,Government Surplus 7768,General Items,General,Umm Al Quwain,BuyNow,Closed,2025-10-09 03:00:00,2025-10-11 00:00:00,1.973,2025-11-08 12:00:00,40272.0,85520.17,42808.4,1.9977,66,26,784,1.1235640147000396,45248.17,59.1,2.5384615384615383,11.87878787878788,,,False,Thursday,3.0,10.0,October,4.0,2.5384615384615383,39.96,63.98,Mid,,0.0,85520.17
AUC-2492,Other 5079,General Items,General,Abu Dhabi,Auction,Closed,2025-10-08 12:00:00,2025-10-09 17:00:00,1.208,2025-11-08 12:00:00,48385.0,55114.36,55909.0,0.9858,4,2,41,0.1390794667768936,6729.36,3.525,2.0,10.25,,,False,Wednesday,12.0,10.0,October,4.0,2.0,4.78,2.87,Mid,,0.0,0.0
AUC-2493,Corporate Surplus 3680,General Items,General,Abu Dhabi,Auction,Closed,2025-09-20 04:00:00,2025-09-22 04:00:00,2.0,2025-11-08 12:00:00,39638.0,60186.28,44185.48,1.3621,54,22,1139,0.5183985064836772,20548.28,60.975,2.4545454545454546,21.09259259259259,,,False,Saturday,4.0,9.0,September,3.0,2.4545454545454546,18.85,51.31,Mid,,0.0,60186.28
AUC-2494,Government Surplus 2969,General Items,General,Abu Dhabi,Auction,Closed,2025-10-07 16:00:00,2025-10-08 07:00:00,0.625,2025-11-08 12:00:00,13096.0,27533.99,13970.22,1.9709,45,34,1059,1.1024732742822236,14437.99,57.475,1.3235294117647058,23.53333333333333,,,False,Tuesday,16.0,10.0,October,4.0,1.3235294117647058,38.33,63.0,Mid,,0.0,27533.99
AUC-2495,Government Surplus 6459,General Items,General,Ajman,Auction,Closed,2025-10-25 16:00:00,2025-10-28 04:00:00,2.5,2025-11-08 12:00:00,3587.0,6830.45,4134.84,1.6519,55,20,1211,0.9042235851686644,3243.45,62.775,2.75,22.01818181818182,,,False,Saturday,16.0,10.0,October,4.0,2.75,31.96,59.18,Low,,0.0,6830.45
AUC-2496,Corporate Surplus 5316,General Items,General,Dubai,BuyNow,Closed,2025-11-02 08:00:00,2025-11-03 16:00:00,1.333,2025-11-08 12:00:00,5258.0,9648.99,6073.22,1.5888,32,19,767,0.8351065043742868,4390.99,39.925,1.6842105263157894,23.96875,,,False,Sunday,8.0,11.0,November,4.0,1.6842105263157894,28.83,17.3,Low,,0.0,0.0
AUC-2497,Other 4324,General Items,General,Umm Al Quwain,Auction,Closed,2025-10-29 21:00:00,2025-10-31 05:00:00,1.454,2025-11-08 12:00:00,34389.0,47386.66,41186.95,1.1505,67,21,1540,0.3779598127308152,12997.66,77.25,3.1904761904761907,22.98507462686567,,,False,Wednesday,21.0,10.0,October,4.0,3.1904761904761907,14.91,48.95,Mid,,0.0,47386.66
AUC-2498,Government Surplus 7687,General Items,General,Fujairah,BuyNow,Closed,2025-10-20 22:00:00,2025-10-23 08:00:00,2.515,2025-11-08 12:00:00,6301.0,13302.63,6635.52,2.0048,61,20,1479,1.1111934613553405,7001.63,72.475,3.05,24.24590163934426,,,False,Monday,22.0,10.0,October,4.0,3.05,39.1,63.46,Low,,0.0,13302.63
AUC-2499,Government Surplus 1009,General Items,General,Ajman,Auction,Closed,2025-10-14 02:00:00,2025-10-15 19:00:00,1.708,2025-11-08 12:00:00,46690.0,88730.24,51086.07,1.7369,34,14,435,0.9004120796744486,42040.24,31.375,2.4285714285714284,12.794117647058824,,,False,Tuesday,2.0,10.0,October,4.0,2.4285714285714284,31.03,58.62,Mid,,0.0,88730.24
AUC-2500,Corporate Surplus 1829,General Items,General,Ajman,Auction,Closed,2025-09-15 04:00:00,2025-09-15 08:00:00,0.277,2025-11-08 12:00:00,24096.0,26606.4,25770.1,1.0325,107,34,1274,0.1041832669322709,2510.4,93.85,3.147058823529412,11.906542056074766,,,False,Monday,4.0,9.0,September,3.0,3.147058823529412,7.47,44.48,Mid,,0.0,26606.4
AUC-2501,Other 9655,General Items,General,Ras Al Khaimah,Auction,Closed,2025-10-22 06:00:00,2025-10-24 01:00:00,1.792,2025-11-08 12:00:00,23552.0,25496.41,25797.26,0.9883,8,3,92,0.0825581691576086,1944.41,7.05,2.6666666666666665,11.5,,,False,Wednesday,6.0,10.0,October,4.0,2.6666666666666665,3.05,41.83,Mid,,0.0,25496.41
AUC-2502,Government Surplus 6971,General Items,General,Umm Al Quwain,Auction,Closed,2025-10-16 18:00:00,2025-10-18 17:00:00,1.958,2025-11-08 12:00:00,18266.0,31693.87,19780.83,1.6023,43,28,1201,0.735129201795686,13427.87,58.525,1.5357142857142858,27.930232558139537,,,False,Thursday,18.0,10.0,October,4.0,1.5357142857142858,25.89,55.53,Mid,,0.0,31693.87
AUC-2503,Other 5946,General Items,General,Fujairah,BuyNow,Closed,2025-10-24 02:00:00,2025-10-25 03:00:00,1.042,2025-11-08 12:00:00,7079.0,13930.16,7495.33,1.8585,17,6,309,0.9678146630880068,6851.16,17.725,2.833333333333333,18.176470588235293,,,False,Friday,2.0,10.0,October,4.0,2.833333333333333,32.8,19.68,Low,,0.0,0.0
AUC-2504,Other 1132,General Items,General,Ajman,Auction,Closed,2025-10-05 11:00:00,2025-10-06 03:00:00,0.667,2025-11-08 12:00:00,37598.0,47060.15,40754.48,1.1547,28,8,309,0.2516663120378744,9462.15,23.725,3.5,11.035714285714286,,,False,Sunday,11.0,10.0,October,4.0,3.5,9.4,45.64,Mid,,0.0,47060.15
AUC-2505,Government Surplus 6385,General Items,General,Ajman,Auction,Closed,2025-09-30 10:00:00,2025-09-30 17:00:00,0.292,2025-11-08 12:00:00,47433.0,64834.13,55835.29,1.1612,27,21,402,0.3668570404570657,17401.13,28.8,1.2857142857142858,14.88888888888889,,,False,Tuesday,10.0,9.0,September,3.0,1.2857142857142858,13.17,47.9,Mid,,0.0,64834.13
AUC-2506,Other 4912,General Items,General,Ras Al Khaimah,Auction,Closed,2025-10-04 13:00:00,2025-10-07 02:00:00,2.542,2025-11-08 12:00:00,30225.0,66114.29,32098.32,2.0597,39,22,452,1.1874041356492968,35889.29,36.3,1.7727272727272727,11.58974358974359,,,False,Saturday,13.0,10.0,October,4.0,1.7727272727272727,41.1,64.66,Mid,,0.0,66114.29
AUC-2507,Other 6398,General Items,General,Umm Al Quwain,Auction,Closed,2025-09-10 09:00:00,2025-09-10 13:00:00,0.27,2025-11-08 12:00:00,2894.0,5637.66,3157.41,1.7855,82,32,1304,0.9480511402902556,2743.66,81.6,2.5625,15.902439024390244,,,False,Wednesday,9.0,9.0,September,3.0,2.5625,34.0,60.4,Low,,0.0,5637.66
AUC-2508,Corporate Surplus 1368,General Items,General,Sharjah,BuyNow,Closed,2025-09-07 17:00:00,2025-09-09 12:00:00,1.792,2025-11-08 12:00:00,29895.0,51177.26,32357.11,1.5816,24,11,247,0.7119003177788928,21282.26,20.925,2.1818181818181817,10.291666666666666,,,False,Sunday,17.0,9.0,September,3.0,2.1818181818181817,24.58,54.75,Mid,,0.0,51177.26
AUC-2509,Corporate Surplus 5955,General Items,General,Ajman,Auction,Closed,2025-09-15 03:00:00,2025-09-17 15:00:00,2.5,2025-11-08 12:00:00,24139.0,40951.83,25623.64,1.5982,3,1,38,0.6965006835411576,16812.83,2.7,3.0,12.666666666666666,,,False,Monday,3.0,9.0,September,3.0,3.0,23.32,53.99,Mid,,0.0,40951.83
AUC-2510,Retail 6200,General Items,General,Sharjah,Auction,Closed,2025-09-18 16:00:00,2025-09-19 19:00:00,1.125,2025-11-08 12:00:00,17897.0,22607.48,21068.02,1.0731,23,9,272,0.2631994188970218,4710.48,20.55,2.555555555555556,11.826086956521738,,,False,Thursday,16.0,9.0,September,3.0,2.555555555555556,9.48,5.69,Mid,,0.0,0.0
AUC-2511,Retail 3610,General Items,General,Dubai,Auction,Closed,2025-10-16 02:00:00,2025-10-16 19:00:00,0.708,2025-11-08 12:00:00,29164.0,40582.35,30880.53,1.3142,57,19,1679,0.3915220820189274,11418.35,75.225,3.0,29.45614035087719,,,False,Thursday,2.0,10.0,October,4.0,3.0,15.02,49.01,Mid,,0.0,40582.35
AUC-2512,Retail 1490,General Items,General,Sharjah,Auction,Closed,2025-10-01 13:00:00,2025-10-03 17:00:00,2.167,2025-11-08 12:00:00,49153.0,83125.45,51808.05,1.6045,18,13,503,0.6911572030191443,33972.45,24.825,1.3846153846153846,27.944444444444443,,,False,Wednesday,13.0,10.0,October,4.0,1.3846153846153846,23.58,54.15,Mid,,0.0,83125.45
AUC-2513,Retail 9743,General Items,General,Abu Dhabi,BuyNow,Closed,2025-10-14 21:00:00,2025-10-16 19:00:00,1.917,2025-11-08 12:00:00,28479.0,39996.85,32644.99,1.2252,20,9,232,0.4044330910495452,11517.85,18.05,2.2222222222222223,11.6,,,False,Tuesday,21.0,10.0,October,4.0,2.2222222222222223,14.08,8.45,Mid,,0.0,0.0
AUC-2514,Office 7383,Property,Office,Dubai,Auction,Closed,2025-09-20 11:00:00,2025-09-20 16:00:00,0.347,2025-11-08 12:00:00,59992.0,102174.22,72428.79,1.4107,102,32,1915,0.7031307507667689,42182.22,106.875,3.1875,18.774509803921568,,,False,Saturday,11.0,9.0,September,3.0,3.1875,26.43,55.86,Mid,,0.0,102174.22
AUC-2515,Retail 6594,General Items,General,Sharjah,Auction,Closed,2025-10-25 21:00:00,2025-10-27 16:00:00,1.792,2025-11-08 12:00:00,74249.0,123409.51,79583.65,1.5507,41,20,1198,0.6621033279909493,49160.51,55.45,2.05,29.21951219512195,,,False,Saturday,21.0,10.0,October,4.0,2.05,23.27,53.96,Mid,,0.0,123409.51
AUC-2516,Retail 7903,General Items,General,Dubai,Auction,Closed,2025-10-24 10:00:00,2025-10-24 14:00:00,0.167,2025-11-08 12:00:00,56010.0,79577.38,59942.74,1.3276,54,23,1433,0.4207709337618283,23567.38,68.575,2.347826086956522,26.53703703703704,,,False,Friday,10.0,10.0,October,4.0,2.347826086956522,15.52,49.31,Mid,,0.0,79577.38
AUC-2517,Apartment 7037,Property,Apartment,Ajman,Auction,Closed,2025-11-04 00:00:00,2025-11-05 07:00:00,1.292,2025-11-08 12:00:00,95372.0,169815.6,122096.38,1.3908,32,26,345,0.7805603321729648,74443.6,31.125,1.2307692307692308,10.78125,,,False,Tuesday,0.0,11.0,November,4.0,1.2307692307692308,27.12,56.27,Mid,,0.0,169815.6
AUC-2518,Apartment 2209,Property,Apartment,Sharjah,BuyNow,Closed,2025-09-30 23:00:00,2025-10-01 23:00:00,1.0,2025-11-08 12:00:00,45574.0,86474.94,63290.52,1.3663,24,14,600,0.8974621494711897,40900.94,30.5,1.7142857142857142,25.0,,,False,Tuesday,23.0,9.0,September,3.0,1.7142857142857142,30.66,58.4,Mid,,0.0,86474.94
AUC-2519,Office 5092,Property,Office,Ajman,Auction,Closed,2025-09-24 15:00:00,2025-09-27 03:00:00,2.5,2025-11-08 12:00:00,5004.0,8146.14,6036.7,1.3494,59,26,678,0.6279256594724222,3142.14,52.95,2.269230769230769,11.491525423728811,,,False,Wednesday,15.0,9.0,September,3.0,2.269230769230769,22.64,13.58,Low,,0.0,0.0
AUC-2520,Retail 8997,General Items,General,Ajman,Auction,Closed,2025-11-04 00:00:00,2025-11-06 22:00:00,3.064,2025-11-08 12:00:00,53935.0,56725.44,60950.4,0.9307,70,33,1579,0.0517370909428015,2790.44,82.725,2.121212121212121,22.557142857142857,,,False,Tuesday,0.0,11.0,November,4.0,2.121212121212121,3.79,42.27,Mid,,0.0,56725.44
AUC-2521,Office 3590,Property,Office,Sharjah,Auction,Closed,2025-10-05 21:00:00,2025-10-08 00:00:00,2.202,2025-11-08 12:00:00,24796.0,46194.59,33571.88,1.376,71,25,741,0.8629855621874495,21398.59,60.275,2.84,10.43661971830986,,,False,Sunday,21.0,10.0,October,4.0,2.84,31.31,58.79,Mid,,0.0,46194.59
AUC-2522,Warehouse 9748,Property,Property,Ajman,BuyNow,Closed,2025-10-13 10:00:00,2025-10-15 15:00:00,2.208,2025-11-08 12:00:00,79661.0,144602.1,108133.08,1.3373,29,11,632,0.815218237280476,64941.1,33.05,2.636363636363636,21.79310344827586,,,False,Monday,10.0,10.0,October,4.0,2.636363636363636,27.99,16.79,Mid,,0.0,0.0
AUC-2523,Apartment 1579,Property,Apartment,Ajman,BuyNow,Closed,2025-09-21 03:00:00,2025-09-21 08:00:00,0.337,2025-11-08 12:00:00,67956.0,105540.63,89121.06,1.1842,87,27,2590,0.5530730178350698,37584.63,115.0,3.2222222222222223,29.770114942528732,,,False,Sunday,3.0,9.0,September,3.0,3.2222222222222223,21.43,52.86,Mid,,0.0,105540.63
AUC-2524,Office 3976,Property,Office,Dubai,Auction,Closed,2025-11-05 00:00:00,2025-11-05 08:00:00,0.333,2025-11-08 12:00:00,62207.0,106189.53,78302.18,1.3562,28,9,414,0.7070350603629817,43982.53,26.6,3.111111111111111,14.785714285714286,,,False,Wednesday,0.0,11.0,November,4.0,3.111111111111111,24.33,54.6,Mid,,0.0,106189.53
AUC-2525,Warehouse 4151,Property,Property,Ajman,Auction,Closed,2025-11-02 11:00:00,2025-11-04 19:00:00,2.333,2025-11-08 12:00:00,65733.0,87078.43,80777.33,1.078,5,3,86,0.3247292836170568,21345.43,5.4,1.6666666666666667,17.2,,,False,Sunday,11.0,11.0,November,4.0,1.6666666666666667,10.97,46.58,Mid,,0.0,87078.43
AUC-2526,Apartment 6556,Property,Apartment,Dubai,Auction,Closed,2025-09-29 16:00:00,2025-10-01 01:00:00,1.375,2025-11-08 12:00:00,35102.0,57629.82,43374.51,1.3287,20,16,433,0.641781664862401,22527.82,24.825,1.25,21.65,,,False,Monday,16.0,9.0,September,3.0,1.25,22.1,53.26,Mid,,0.0,57629.82
AUC-2527,Retail 2584,General Items,General,Ajman,Auction,Closed,2025-10-01 03:00:00,2025-10-02 17:00:00,1.583,2025-11-08 12:00:00,54282.0,108410.18,57480.17,1.886,57,18,1322,0.9971662797980914,54128.18,66.05,3.1666666666666665,23.19298245614035,,,False,Wednesday,3.0,10.0,October,4.0,3.1666666666666665,34.99,60.99,Mid,,0.0,108410.18
AUC-2528,Apartment 3062,Property,Apartment,Ajman,Auction,Closed,2025-09-16 23:00:00,2025-09-19 02:00:00,2.125,2025-11-08 12:00:00,56852.0,88205.78,77824.68,1.1334,31,16,617,0.5514982762259902,31353.78,34.925,1.9375,19.90322580645161,,,False,Tuesday,23.0,9.0,September,3.0,1.9375,19.44,11.66,Mid,,0.0,0.0
AUC-2529,Retail 6958,General Items,General,Ajman,BuyNow,Closed,2025-10-01 20:00:00,2025-10-02 23:00:00,1.125,2025-11-08 12:00:00,46181.0,100769.95,55171.72,1.8265,18,9,307,1.1820651350122344,54588.95,18.925,2.0,17.055555555555557,,,False,Wednesday,20.0,10.0,October,4.0,2.0,40.05,64.03,Mid,,0.0,100769.95
AUC-2530,Apartment 3561,Property,Apartment,Sharjah,BuyNow,Closed,2025-09-09 16:00:00,2025-09-11 18:00:00,2.083,2025-11-08 12:00:00,41348.0,54936.15,56115.94,0.979,16,10,426,0.3286289542420432,13588.15,21.15,1.6,26.625,,,False,Tuesday,16.0,9.0,September,3.0,1.6,11.47,6.88,Mid,,0.0,0.0
AUC-2531,Retail 8910,General Items,General,Ajman,Auction,Closed,2025-10-17 10:00:00,2025-10-19 15:00:00,2.299,2025-11-08 12:00:00,89974.0,188660.82,99142.47,1.9029,89,32,1102,1.0968370862693668,98686.82,80.05,2.78125,12.382022471910112,,,False,Friday,10.0,10.0,October,4.0,2.78125,39.14,63.48,Mid,,0.0,188660.82
AUC-2532,Warehouse 8830,Property,Property,Dubai,Auction,Closed,2025-10-13 22:00:00,2025-10-14 18:00:00,0.833,2025-11-08 12:00:00,94744.0,192462.93,115671.06,1.6639,18,10,187,1.0313996664696443,97718.93,16.175,1.8,10.38888888888889,,,False,Monday,22.0,10.0,October,4.0,1.8,35.05,61.03,Mid,,0.0,192462.93
CH-003,Most Noble Number – Fathers’ Endowment (Abu Dhabi Online),Charity,Charity Event,Abu Dhabi,Charity Auction,Closed,2017-11-08 07:03:46,2017-11-09 09:03:46,1.173,2025-11-08 12:00:00,58648800.0,83784000.0,59187645.51,1.4156,1685,842,34571,0.4285714285714285,25135200.0,1917.275,2.001187648456057,20.516913946587536,,,True,Wednesday,7.0,11.0,November,4.0,2.001187648456057,65.68,79.41,High,Fathers’ Endowment,83784000.0,83784000.0
CH-001,Most Noble Number – Fathers’ Endowment (Dubai),Charity,Charity Event,Dubai,Charity Auction,Closed,2015-03-16 05:52:31,2015-03-19 09:52:31,3.303,2025-11-08 12:00:00,58573900.0,83677000.0,63238006.29,1.3232,1683,841,43016,0.4285714285714285,25103100.0,2127.15,2.001189060642093,25.559120617944146,,,True,Monday,5.0,3.0,March,1.0,2.001189060642093,65.62,79.37,High,Fathers’ Endowment,83677000.0,83677000.0
CH-002,Most Noble Number – Fathers’ Endowment (Arabic),Charity,Charity Event,Dubai,Charity Auction,Closed,2014-06-14 05:13:18,2014-06-15 08:13:18,1.2,2025-11-08 12:00:00,58573900.0,83677000.0,62279581.76,1.3436,1683,841,17152,0.4285714285714285,25103100.0,1480.55,2.001189060642093,10.191325014854426,,,True,Saturday,5.0,6.0,June,2.0,2.001189060642093,65.62,79.37,High,وقف الأب,83677000.0,83677000.0
CH-038,Charity Auction – Prestigious Numbers (Dubai),Charity,Charity Event,Dubai,Charity Auction,Closed,2019-04-08 09:21:53,2019-04-09 13:21:53,1.248,2025-11-08 12:00:00,17412082.8,24874404.0,18071338.65,1.3765,507,253,14234,0.4285714285714285,7462321.2,672.6,2.0039525691699605,28.074950690335307,,,True,Monday,9.0,4.0,April,2.0,2.0039525691699605,29.88,57.93,High,The Big Heart Foundation,24874404.0,24874404.0
CH-055,Charity Auction – Prestigious Numbers (RAK),Charity,Charity Event,RAK,Charity Auction,Closed,2024-11-30 21:21:19,2024-12-03 22:21:19,3.145,2025-11-08 12:00:00,13476551.2,19252216.0,13891345.11,1.3859,395,197,11433,0.4285714285714286,5775664.8,532.575,2.00507614213198,28.944303797468358,,,True,Saturday,21.0,11.0,November,4.0,2.00507614213198,26.47,55.88,High,Fathers’ Endowment,19252216.0,19252216.0
CH-024,Charity Auction – Prestigious Numbers (Ajman),Charity,Charity Event,Ajman,Charity Auction,Closed,2012-09-10 15:25:51,2012-09-13 16:25:51,3.148,2025-11-08 12:00:00,10328443.3,14754919.0,10533138.8,1.4008,305,152,8057,0.4285714285714285,4426475.7,391.925,2.006578947368421,26.41639344262295,,,True,Monday,15.0,9.0,September,3.0,2.006578947368421,23.73,54.24,High,1 Billion Meals Endowment,14754919.0,14754919.0
CH-029,Charity Auction – Etisalat Numbers (Dubai),Charity,Charity Event,Dubai,Charity Auction,Closed,2013-12-27 03:21:57,2013-12-28 05:21:57,1.231,2025-11-08 12:00:00,2705649.8,3865214.0,2839212.78,1.3614,87,43,1951,0.4285714285714286,1159564.2,103.025,2.0232558139534884,22.42528735632184,,,True,Friday,3.0,12.0,December,4.0,2.0232558139534884,17.11,50.27,High,1 Billion Meals Endowment,3865214.0,3865214.0
CH-022,Charity Auction – Jewellery & Watches (RAK),Charity,Charity Event,RAK,Charity Auction,Closed,2018-07-08 23:30:12,2018-07-11 01:30:12,2.083,2025-11-08 12:00:00,1339123.1,1913033.0,1431552.39,1.3363,48,24,1064,0.4285714285714285,573909.9,56.6,2.0,22.166666666666668,,,True,Sunday,23.0,7.0,July,3.0,2.0,15.93,49.56,High,Humanitarian Aid (General),1913033.0,1913033.0
CH-005,Most Noble Numbers – Mothers’ Endowment (Abu Dhabi),Charity,Charity Event,Abu Dhabi,Charity Auction,Closed,2025-06-06 02:57:59,2025-06-07 04:57:59,1.192,2025-11-08 12:00:00,54810000.0,78300000.0,56263926.18,1.3917,1576,788,39030,0.4285714285714285,23490000.0,1960.75,2.0,24.76522842639594,,,True,Friday,2.0,6.0,June,2.0,2.0,62.37,77.42,High,Mothers’ Endowment,78300000.0,78300000.0
CH-004,Most Noble Number – Mothers’ Endowment,Charity,Charity Event,Dubai,Charity Auction,Closed,2018-01-02 05:05:22,2018-01-04 08:05:22,2.218,2025-11-08 12:00:00,26666500.0,38095000.0,28043350.6,1.3584,771,385,21440,0.4285714285714285,11428500.0,1017.75,2.0025974025974027,27.80804150453956,,,True,Tuesday,5.0,1.0,January,1.0,2.0025974025974027,37.9,62.74,High,Mothers’ Endowment,38095000.0,38095000.0
CH-035,Charity Auction – Prestigious Numbers (Dubai),Charity,Charity Event,Dubai,Charity Auction,Closed,2024-11-01 06:56:09,2024-11-03 09:56:09,2.225,2025-11-08 12:00:00,4989952.1,7128503.0,5118351.15,1.3927,152,76,3596,0.4285714285714286,2138550.9,184.9,2.0,23.657894736842103,,,True,Friday,6.0,11.0,November,4.0,2.0,19.09,51.45,High,Humanitarian Aid (General),7128503.0,7128503.0
CH-044,Charity Auction – Jewellery & Watches (Dubai),Charity,Charity Event,Dubai,Charity Auction,Closed,2018-09-28 21:42:12,2018-10-02 02:42:12,3.261,2025-11-08 12:00:00,2113452.6,3019218.0,2202094.72,1.3711,70,35,1905,0.4285714285714285,905765.4,91.375,2.0,27.214285714285715,,,True,Friday,21.0,9.0,September,3.0,2.0,16.6,49.96,High,Al Jalila Foundation,3019218.0,3019218.0
CH-039,Charity Auction – Etisalat Numbers (Fujairah),Charity,Charity Event,Fujairah,Charity Auction,Closed,2022-10-07 09:03:01,2022-10-09 11:03:01,2.083,2025-11-08 12:00:00,1005036.9,1435767.0,1086316.18,1.3217,38,19,860,0.4285714285714285,430730.1,45.25,2.0,22.63157894736842,,,True,Friday,9.0,10.0,October,4.0,2.0,15.63,49.38,High,1 Billion Meals Endowment,1435767.0,1435767.0
CH-006,Most Noble Number – 1 Billion Meals Endowment,Charity,Charity Event,Dubai,Charity Auction,Closed,2015-04-26 14:31:02,2015-04-27 15:31:02,1.116,2025-11-08 12:00:00,68544000.0,97920000.0,69147177.48,1.4161,1968,984,46455,0.4285714285714285,29376000.0,2391.375,2.0,23.60518292682927,,,True,Sunday,14.0,4.0,April,2.0,2.0,74.29,84.57,High,1 Billion Meals Endowment,97920000.0,97920000.0
CH-007,Most Noble Number – 1 Billion Meals Endowment (WAM),Charity,Charity Event,Dubai,Charity Auction,Closed,2021-10-14 02:34:03,2021-10-17 03:34:03,3.119,2025-11-08 12:00:00,68544000.0,97920000.0,74591260.6,1.3128,1968,984,41810,0.4285714285714285,29376000.0,2275.25,2.0,21.244918699186996,,,True,Thursday,2.0,10.0,October,4.0,2.0,74.29,84.57,High,1 Billion Meals Endowment,97920000.0,97920000.0
CH-047,Charity Auction – Prestigious Numbers (Al Ain),Charity,Charity Event,Al Ain,Charity Auction,Closed,2023-05-03 04:00:31,2023-05-04 05:00:31,1.173,2025-11-08 12:00:00,13912256.4,19874652.0,14208861.95,1.3988,407,203,6650,0.4285714285714285,5962395.6,420.5,2.0049261083743843,16.33906633906634,,,True,Wednesday,4.0,5.0,May,2.0,2.0049261083743843,26.84,56.1,High,Fathers’ Endowment,19874652.0,19874652.0
CH-041,Charity Auction – Jewellery & Watches (Fujairah),Charity,Charity Event,Fujairah,Charity Auction,Closed,2021-07-05 12:59:27,2021-07-08 17:59:27,3.323,2025-11-08 12:00:00,4684261.4,6691802.0,5043178.41,1.3269,143,71,2610,0.4285714285714284,2007540.6,154.5,2.014084507042253,18.251748251748253,,,True,Monday,12.0,7.0,July,3.0,2.014084507042253,18.82,51.29,High,Fathers’ Endowment,6691802.0,6691802.0
CH-057,Charity Auction – Vehicles (Al Ain),Charity,Charity Event,Al Ain,Charity Auction,Closed,2014-01-23 11:09:21,2014-01-26 12:09:21,3.157,2025-11-08 12:00:00,2917308.8,4167584.0,3202522.96,1.3013,93,46,2123,0.4285714285714286,1250275.2,111.075,2.0217391304347827,22.827956989247312,,,True,Thursday,11.0,1.0,January,1.0,2.0217391304347827,17.29,50.37,High,Al Jalila Foundation,4167584.0,4167584.0
CH-050,Charity Auction – Etisalat Numbers (Ajman),Charity,Charity Event,Ajman,Charity Auction,Closed,2025-03-14 13:00:51,2025-03-15 18:00:51,1.269,2025-11-08 12:00:00,2692892.3,3846989.0,2950169.6,1.304,86,43,875,0.4285714285714286,1154096.7,75.625,2.0,10.174418604651162,,,True,Friday,13.0,3.0,March,1.0,2.0,17.09,50.25,High,Humanitarian Aid (General),3846989.0,3846989.0
CH-008,Most Noble Number – 1 Billion Meals Initiative,Charity,Charity Event,Dubai,Charity Auction,Closed,2013-09-20 14:26:13,2013-09-21 18:26:13,1.218,2025-11-08 12:00:00,37100000.0,53000000.0,39678588.57,1.3357,1070,535,28295,0.4285714285714285,15900000.0,1376.125,2.0,26.44392523364486,,,True,Friday,14.0,9.0,September,3.0,2.0,46.99,68.19,High,1 Billion Meals,53000000.0,53000000.0
CH-051,Charity Auction – Property (RAK),Charity,Charity Event,RAK,Charity Auction,Closed,2013-12-13 03:04:45,2013-12-16 05:04:45,3.214,2025-11-08 12:00:00,12856874.1,18366963.0,13158151.78,1.3959,377,188,6797,0.4285714285714286,5510088.9,405.425,2.00531914893617,18.02917771883289,,,True,Friday,3.0,12.0,December,4.0,2.00531914893617,25.92,55.55,High,Al Jalila Foundation,18366963.0,18366963.0
CH-011,Charity Auction – Prestigious Numbers (Abu Dhabi),Charity,Charity Event,Abu Dhabi,Charity Auction,Closed,2021-08-20 06:19:12,2021-08-21 11:19:12,1.311,2025-11-08 12:00:00,7859916.4,11228452.0,8144250.8,1.3787,234,117,4252,0.4285714285714285,3368535.6,252.55,2.0,18.17094017094017,,,True,Friday,6.0,8.0,August,3.0,2.0,21.58,52.95,High,Fathers’ Endowment,11228452.0,11228452.0
CH-016,Charity Auction – Vehicles (UAQ),Charity,Charity Event,UAQ,Charity Auction,Closed,2013-06-13 04:27:33,2013-06-16 09:27:33,3.279,2025-11-08 12:00:00,2777766.6,3968238.0,2917841.75,1.36,89,44,933,0.4285714285714285,1190471.4,78.825,2.022727272727273,10.48314606741573,,,True,Thursday,4.0,6.0,June,2.0,2.022727272727273,17.17,50.3,High,The Big Heart Foundation,3968238.0,3968238.0
CH-020,Charity Auction – Prestigious Numbers (Fujairah),Charity,Charity Event,Fujairah,Charity Auction,Closed,2021-07-23 09:41:17,2021-07-25 12:41:17,2.257,2025-11-08 12:00:00,12191018.0,17415740.0,12241310.39,1.4227,358,179,7658,0.4285714285714285,5224722.0,415.2,2.0,21.391061452513966,,,True,Friday,9.0,7.0,July,3.0,2.0,25.35,55.21,High,The Big Heart Foundation,17415740.0,17415740.0
CH-015,Charity Auction – Jewellery & Watches (Dubai),Charity,Charity Event,Dubai,Charity Auction,Closed,2015-09-18 11:17:54,2015-09-21 14:17:54,3.125,2025-11-08 12:00:00,1377579.7,1967971.0,1387675.99,1.4182,49,24,1307,0.4285714285714286,590391.3,63.175,2.0416666666666665,26.6734693877551,,,True,Friday,11.0,9.0,September,3.0,2.0416666666666665,15.96,49.58,High,Humanitarian Aid (General),1967971.0,1967971.0
CH-042,Charity Auction – Etisalat Numbers (Abu Dhabi),Charity,Charity Event,Abu Dhabi,Charity Auction,Closed,2015-04-14 12:42:24,2015-04-16 14:42:24,2.223,2025-11-08 12:00:00,3331008.8,4758584.0,3463439.41,1.3739,105,52,2050,0.4285714285714286,1427575.2,116.75,2.019230769230769,19.52380952380953,,,True,Tuesday,12.0,4.0,April,2.0,2.019230769230769,17.66,50.6,High,The Big Heart Foundation,4758584.0,4758584.0
CH-049,Charity Auction – Vehicles (UAQ),Charity,Charity Event,UAQ,Charity Auction,Closed,2022-09-09 01:30:12,2022-09-11 05:30:12,2.282,2025-11-08 12:00:00,3306760.1,4723943.0,3405132.72,1.3873,104,52,2621,0.4285714285714285,1417182.9,130.525,2.0,25.20192307692308,,,True,Friday,1.0,9.0,September,3.0,2.0,17.63,50.58,High,Humanitarian Aid (General),4723943.0,4723943.0
CH-013,Charity Auction – Jewellery & Watches (Abu Dhabi),Charity,Charity Event,Abu Dhabi,Charity Auction,Closed,2017-12-28 04:04:42,2017-12-29 05:04:42,1.122,2025-11-08 12:00:00,2687535.2,3839336.0,2774147.57,1.384,86,43,1076,0.4285714285714285,1151800.8,80.65,2.0,12.511627906976743,,,True,Thursday,4.0,12.0,December,4.0,2.0,17.09,50.25,High,Mothers’ Endowment,3839336.0,3839336.0
CH-025,Charity Auction – Vehicles (RAK),Charity,Charity Event,RAK,Charity Auction,Closed,2019-08-30 14:37:25,2019-09-02 15:37:25,3.182,2025-11-08 12:00:00,2313712.1,3305303.0,2504312.15,1.3198,76,38,1376,0.4285714285714285,991590.9,81.9,2.0,18.105263157894736,,,True,Friday,14.0,8.0,August,3.0,2.0,16.78,50.07,High,1 Billion Meals Endowment,3305303.0,3305303.0
CH-037,Charity Auction – Jewellery & Watches (Al Ain),Charity,Charity Event,Al Ain,Charity Auction,Closed,2013-07-29 04:06:57,2013-07-30 09:06:57,1.208,2025-11-08 12:00:00,1686309.8,2409014.0,1846620.36,1.3046,58,29,635,0.4285714285714285,722704.2,52.125,2.0,10.948275862068966,,,True,Monday,4.0,7.0,July,3.0,2.0,16.23,49.74,High,The Big Heart Foundation,2409014.0,2409014.0
CH-040,Charity Auction – Property (Sharjah),Charity,Charity Event,Sharjah,Charity Auction,Closed,2016-02-21 19:35:04,2016-02-23 20:35:04,2.042,2025-11-08 12:00:00,776225.8,1108894.0,802750.13,1.3814,32,16,825,0.4285714285714285,332668.2,40.625,2.0,25.78125,,,True,Sunday,19.0,2.0,February,1.0,2.0,15.44,49.26,High,Humanitarian Aid (General),1108894.0,1108894.0
CH-059,Charity Auction – Property (UAQ),Charity,Charity Event,UAQ,Charity Auction,Closed,2015-05-24 21:14:31,2015-05-26 23:14:31,2.214,2025-11-08 12:00:00,11669522.9,16670747.0,12654419.67,1.3174,343,171,5952,0.4285714285714285,5001224.1,363.05,2.0058479532163744,17.35276967930029,,,True,Sunday,21.0,5.0,May,2.0,2.0058479532163744,24.89,54.93,High,Humanitarian Aid (General),16670747.0,16670747.0
CH-032,Charity Auction – Vehicles (Sharjah),Charity,Charity Event,Sharjah,Charity Auction,Closed,2019-11-21 04:03:58,2019-11-24 10:03:58,3.386,2025-11-08 12:00:00,3436367.9,4909097.0,3483905.67,1.4091,108,54,1205,0.4285714285714286,1472729.1,97.625,2.0,11.157407407407408,,,True,Thursday,4.0,11.0,November,4.0,2.0,17.75,50.65,High,The Big Heart Foundation,4909097.0,4909097.0
CH-056,Charity Auction – Vehicles (Al Ain),Charity,Charity Event,Al Ain,Charity Auction,Closed,2016-08-25 22:14:59,2016-08-29 03:14:59,3.306,2025-11-08 12:00:00,3306395.4,4723422.0,3519898.58,1.3419,104,52,2242,0.4285714285714286,1417026.6,121.05,2.0,21.557692307692307,,,True,Thursday,22.0,8.0,August,3.0,2.0,17.63,50.58,High,Fathers’ Endowment,4723422.0,4723422.0
CH-017,Charity Auction – Vehicles (Dubai),Charity,Charity Event,Dubai,Charity Auction,Closed,2012-09-16 17:56:10,2012-09-19 20:56:10,3.224,2025-11-08 12:00:00,2621602.2,3745146.0,2722301.51,1.3757,84,42,914,0.4285714285714285,1123543.8,75.35,2.0,10.88095238095238,,,True,Sunday,17.0,9.0,September,3.0,2.0,17.03,50.22,High,1 Billion Meals Endowment,3745146.0,3745146.0
CH-033,Charity Auction – Jewellery & Watches (UAQ),Charity,Charity Event,UAQ,Charity Auction,Closed,2022-02-10 14:29:46,2022-02-11 17:29:46,1.272,2025-11-08 12:00:00,2555289.8,3650414.0,2572007.31,1.4193,83,41,872,0.4285714285714286,1095124.2,73.55,2.024390243902439,10.50602409638554,,,True,Thursday,14.0,2.0,February,1.0,2.024390243902439,16.99,50.19,High,1 Billion Meals Endowment,3650414.0,3650414.0
CH-018,Charity Auction – Vehicles (Sharjah),Charity,Charity Event,Sharjah,Charity Auction,Closed,2013-12-12 21:43:24,2013-12-14 03:43:24,1.381,2025-11-08 12:00:00,2116491.3,3023559.0,2265076.84,1.3349,70,35,1190,0.4285714285714287,907067.7,73.5,2.0,17.0,,,True,Thursday,21.0,12.0,December,4.0,2.0,16.6,49.96,High,Mothers’ Endowment,3023559.0,3023559.0
CH-028,Charity Auction – Etisalat Numbers (Ajman),Charity,Charity Event,Ajman,Charity Auction,Closed,2020-03-01 17:52:46,2020-03-03 20:52:46,2.125,2025-11-08 12:00:00,678468.7,969241.0,728461.09,1.3305,29,14,296,0.4285714285714286,290772.3,25.4,2.071428571428572,10.20689655172414,,,True,Sunday,17.0,3.0,March,1.0,2.071428571428572,15.35,49.21,High,Fathers’ Endowment,969241.0,969241.0
CH-009,Al Jalila Foundation Fundraising Gala & Auction,Charity,Charity Event,Dubai,Charity Auction,Closed,2021-03-24 04:12:38,2021-03-27 07:12:38,3.205,2025-11-08 12:00:00,62860000.0,89800000.0,62925193.95,1.4271,1806,903,23144,0.4285714285714285,26940000.0,1707.35,2.0,12.815060908084163,,,True,Wednesday,4.0,3.0,March,1.0,2.0,69.36,81.62,High,Al Jalila Foundation,89800000.0,89800000.0
CH-010,Al Jalila Foundation Charity Auction (Press),Charity,Charity Event,Dubai,Charity Auction,Closed,2015-09-25 08:56:15,2015-09-28 11:56:15,3.25,2025-11-08 12:00:00,62860000.0,89800000.0,64315630.33,1.3962,1806,903,42122,0.4285714285714285,26940000.0,2181.8,2.0,23.323366555924697,,,True,Friday,8.0,9.0,September,3.0,2.0,69.36,81.62,High,Al Jalila Foundation,89800000.0,89800000.0
CH-012,Charity Auction – Prestigious Numbers (Sharjah),Charity,Charity Event,Sharjah,Charity Auction,Closed,2020-07-09 02:26:48,2020-07-11 03:26:48,2.176,2025-11-08 12:00:00,17294386.2,24706266.0,17794739.48,1.3884,504,252,10505,0.4285714285714286,7411879.8,577.625,2.0,20.84325396825397,,,True,Thursday,2.0,7.0,July,3.0,2.0,29.79,57.87,High,Humanitarian Aid (General),24706266.0,24706266.0
CH-058,Charity Auction – Prestigious Numbers (Abu Dhabi),Charity,Charity Event,Abu Dhabi,Charity Auction,Closed,2013-09-04 16:57:34,2013-09-06 19:57:34,2.213,2025-11-08 12:00:00,16878253.7,24111791.0,17945768.63,1.3436,492,246,6134,0.4285714285714286,7233537.3,460.85,2.0,12.467479674796747,,,True,Wednesday,16.0,9.0,September,3.0,2.0,29.42,57.65,High,Al Jalila Foundation,24111791.0,24111791.0
CH-026,Charity Auction – Prestigious Numbers (Fujairah),Charity,Charity Event,Fujairah,Charity Auction,Closed,2012-01-02 18:02:53,2012-01-04 20:02:53,2.163,2025-11-08 12:00:00,15707330.8,22439044.0,17193480.99,1.3051,458,229,7277,0.4285714285714285,6731713.2,468.175,2.0,15.888646288209609,,,True,Monday,18.0,1.0,January,1.0,2.0,28.39,57.03,High,Humanitarian Aid (General),22439044.0,22439044.0
CH-031,Charity Auction – Property (Al Ain),Charity,Charity Event,Al Ain,Charity Auction,Closed,2022-04-13 02:36:00,2022-04-14 08:36:00,1.363,2025-11-08 12:00:00,11477559.1,16396513.0,12225985.79,1.3411,337,168,7503,0.4285714285714286,4918953.9,398.075,2.005952380952381,22.26409495548961,,,True,Wednesday,2.0,4.0,April,2.0,2.005952380952381,24.71,54.83,High,Fathers’ Endowment,16396513.0,16396513.0
CH-034,Charity Auction – Jewellery & Watches (Sharjah),Charity,Charity Event,Sharjah,Charity Auction,Closed,2019-08-03 15:02:03,2019-08-06 19:02:03,3.286,2025-11-08 12:00:00,3107937.0,4439910.0,3259706.31,1.3621,98,49,2734,0.4285714285714285,1331973.0,129.6,2.0,27.897959183673468,,,True,Saturday,15.0,8.0,August,3.0,2.0,17.45,50.47,High,Mothers’ Endowment,4439910.0,4439910.0
CH-043,Charity Auction – Etisalat Numbers (Sharjah),Charity,Charity Event,Sharjah,Charity Auction,Closed,2020-01-05 03:07:41,2020-01-06 04:07:41,1.042,2025-11-08 12:00:00,1298619.7,1855171.0,1392579.64,1.3322,47,23,1163,0.4285714285714286,556551.3,58.325,2.0434782608695654,24.74468085106383,,,True,Sunday,3.0,1.0,January,1.0,2.0434782608695654,15.89,49.53,High,The Big Heart Foundation,1855171.0,1855171.0
CH-027,Charity Auction – Vehicles (Ajman),Charity,Charity Event,Ajman,Charity Auction,Closed,2023-12-18 10:13:29,2023-12-19 15:13:29,1.259,2025-11-08 12:00:00,2854403.3,4077719.0,2907454.38,1.4025,91,45,1928,0.4285714285714286,1223315.7,104.95,2.022222222222222,21.186813186813183,,,True,Monday,10.0,12.0,December,4.0,2.022222222222222,17.23,50.34,High,Al Jalila Foundation,4077719.0,4077719.0
CH-048,Charity Auction – Jewellery & Watches (Al Ain),Charity,Charity Event,Al Ain,Charity Auction,Closed,2012-11-20 11:59:21,2012-11-22 16:59:21,2.208,2025-11-08 12:00:00,1179629.5,1685185.0,1240802.17,1.3581,43,21,907,0.4285714285714285,505555.5,49.425,2.0476190476190474,21.093023255813957,,,True,Tuesday,11.0,11.0,November,4.0,2.0476190476190474,15.78,49.47,High,1 Billion Meals Endowment,1685185.0,1685185.0
CH-036,Charity Auction – Jewellery & Watches (UAQ),Charity,Charity Event,UAQ,Charity Auction,Closed,2020-02-27 21:20:02,2020-02-29 23:20:02,2.083,2025-11-08 12:00:00,583036.3,832909.0,600283.73,1.3875,26,13,283,0.4285714285714284,249872.7,23.325,2.0,10.884615384615383,,,True,Thursday,21.0,2.0,February,1.0,2.0,15.26,49.16,High,Al Jalila Foundation,832909.0,832909.0
CH-021,Charity Auction – Prestigious Numbers (UAQ),Charity,Charity Event,UAQ,Charity Auction,Closed,2012-04-30 02:10:33,2012-05-02 03:10:33,2.143,2025-11-08 12:00:00,14366386.3,20523409.0,15564249.37,1.3186,420,210,11188,0.4285714285714285,6157022.7,542.2,2.0,26.63809523809524,,,True,Monday,2.0,4.0,April,2.0,2.0,27.24,56.34,High,1 Billion Meals Endowment,20523409.0,20523409.0
CH-019,Charity Auction – Prestigious Numbers (UAQ),Charity,Charity Event,UAQ,Charity Auction,Closed,2017-03-23 23:03:18,2017-03-27 01:03:18,3.183,2025-11-08 12:00:00,9831744.3,14045349.0,10254567.48,1.3697,290,145,5116,0.4285714285714284,4213604.7,309.15,2.0,17.641379310344828,,,True,Thursday,23.0,3.0,March,1.0,2.0,23.29,53.97,High,1 Billion Meals Endowment,14045349.0,14045349.0
CH-030,Charity Auction – Jewellery & Watches (Ajman),Charity,Charity Event,Ajman,Charity Auction,Closed,2022-02-10 07:06:21,2022-02-12 12:06:21,2.348,2025-11-08 12:00:00,4425610.7,6322301.0,4644487.47,1.3612,136,68,3644,0.4285714285714285,1896690.3,176.1,2.0,26.794117647058822,,,True,Thursday,7.0,2.0,February,1.0,2.0,18.6,51.16,High,1 Billion Meals Endowment,6322301.0,6322301.0
CH-023,Charity Auction – Vehicles (Dubai),Charity,Charity Event,Dubai,Charity Auction,Closed,2025-06-08 04:42:42,2025-06-11 10:42:42,3.344,2025-11-08 12:00:00,1839293.4,2627562.0,1986639.0,1.3226,62,31,1794,0.4285714285714286,788268.6,83.6,2.0,28.93548387096774,,,True,Sunday,4.0,6.0,June,2.0,2.0,16.36,49.82,High,Mothers’ Endowment,2627562.0,2627562.0
CH-054,Charity Auction – Vehicles (Dubai),Charity,Charity Event,Dubai,Charity Auction,Closed,2014-12-26 21:44:39,2014-12-27 23:44:39,1.083,2025-11-08 12:00:00,535775.8,765394.0,572711.26,1.3364,25,12,276,0.4285714285714284,229618.2,22.4,2.083333333333333,11.04,,,True,Friday,21.0,12.0,December,4.0,2.083333333333333,15.23,49.14,High,Mothers’ Endowment,765394.0,765394.0
CH-052,Charity Auction – Vehicles (Ajman),Charity,Charity Event,Ajman,Charity Auction,Closed,2024-11-11 05:56:24,2024-11-12 09:56:24,1.167,2025-11-08 12:00:00,515961.6,737088.0,545782.45,1.3505,24,12,273,0.4285714285714286,221126.4,21.825,2.0,11.375,,,True,Monday,5.0,11.0,November,4.0,2.0,15.2,49.12,High,1 Billion Meals Endowment,737088.0,737088.0
CH-060,Charity Auction – Prestigious Numbers (Abu Dhabi),Charity,Charity Event,Abu Dhabi,Charity Auction,Closed,2012-03-11 00:45:45,2012-03-14 03:45:45,3.227,2025-11-08 12:00:00,10856809.6,15509728.0,11906858.18,1.3026,320,160,8953,0.4285714285714286,4652918.4,423.825,2.0,27.978125,,,True,Sunday,0.0,3.0,March,1.0,2.0,24.19,54.51,High,Humanitarian Aid (General),15509728.0,15509728.0
CH-045,Charity Auction – Etisalat Numbers (Abu Dhabi),Charity,Charity Event,Abu Dhabi,Charity Auction,Closed,2024-12-27 20:49:58,2024-12-30 02:49:58,2.35,2025-11-08 12:00:00,2155730.5,3079615.0,2324044.98,1.3251,71,35,1157,0.4285714285714285,923884.5,73.175,2.0285714285714285,16.295774647887324,,,True,Friday,20.0,12.0,December,4.0,2.0285714285714285,16.63,49.98,High,Fathers’ Endowment,3079615.0,3079615.0
CH-014,Charity Auction – Vehicles (Abu Dhabi),Charity,Charity Event,Abu Dhabi,Charity Auction,Closed,2025-10-13 20:13:58,2025-10-14 23:13:58,1.125,2025-11-08 12:00:00,1506190.7,2151701.0,1649196.9,1.3047,53,26,553,0.4285714285714286,645510.3,46.825,2.0384615384615383,10.433962264150944,,,True,Monday,20.0,10.0,October,4.0,2.0384615384615383,16.08,49.65,High,The Big Heart Foundation,2151701.0,2151701.0
CH-053,Charity Auction – Jewellery & Watches (Ajman),Charity,Charity Event,Ajman,Charity Auction,Closed,2014-11-03 03:51:44,2014-11-06 04:51:44,3.042,2025-11-08 12:00:00,1503121.9,2147317.0,1551208.07,1.3843,52,26,704,0.4285714285714286,644195.1,50.1,2.0,13.538461538461538,,,True,Monday,3.0,11.0,November,4.0,2.0,16.05,49.63,High,Mothers’ Endowment,2147317.0,2147317.0
CH-046,Charity Auction – Jewellery & Watches (Ajman),Charity,Charity Event,Ajman,Charity Auction,Closed,2018-12-06 02:11:01,2018-12-07 06:11:01,1.167,2025-11-08 12:00:00,672463.4,960662.0,702462.19,1.3676,29,14,296,0.4285714285714285,288198.6,25.4,2.071428571428572,10.20689655172414,,,True,Thursday,2.0,12.0,December,4.0,2.071428571428572,15.35,49.21,High,Mothers’ Endowment,960662.0,960662.0
